smiles,value,organ
CCCCCCCCCCCCCCOC(=O)CCN(CCOCCO)CCC(=O)OCCCCCCCCCCCCCC,-1.060448398,liver
CCCCCCCCCCCCCCOC(=O)CCN(CCCCCO)CCC(=O)OCCCCCCCCCCCCCC,-0.926611119,liver
CCCCCCCCCCCCCCOC(=O)CCN(CCCCCCO)CCC(=O)OCCCCCCCCCCCCCC,-0.113260748,liver
CCCCCCCCCCCCCCOC(=O)CCN(CC)CCCN(CC)CCC(=O)OCCCCCCCCCCCCCC,-1.162126526,liver
CCCCCCCCCCOC(=O)CCN(C)CCOCCN(C)CCC(=O)OCCCCCCCCCC,-0.903694911,liver
CCCCCCCCCCCOC(=O)CCN(C)CCOCCN(C)CCC(=O)OCCCCCCCCCCC,-1.423253081,liver
CCCCCCCCCCCCCOC(=O)CCN(CCCN(C)C)CCC(=O)OCCCCCCCCCCCCC,-0.459756445,liver
CCCCCCCCCCCCCOC(=O)CCN(CCCN(CC)CC)CCC(=O)OCCCCCCCCCCCCC,0.184098397,liver
CCCCCCCCCCCCOC(=O)CCN(CCC(=O)OCCCCCCCCCCCC)CCN(CCO)CCO,-0.990670921,liver
CCCCCCCCCCCOC(=O)CCN(CCC(=O)OCCCCCCCCCCC)CCN(CCC(=O)OCCCCCCCCCCC)CCC(=O)OCCCCCCCCCCC,-0.070187073,liver
CCCCCCCCCCCOC(=O)CCN(CCO)CCN(CCC(=O)OCCCCCCCCCCC)CCC(=O)OCCCCCCCCCCC,-0.923338472,liver
CCCCCCCCCCCCOC(=O)CCN(CCO)CCN(CCC(=O)OCCCCCCCCCCCC)CCC(=O)OCCCCCCCCCCCC,-0.98688759,liver
CCCCCCCCCCCCCOC(=O)CCN(CCO)CCN(CCC(=O)OCCCCCCCCCCCCC)CCC(=O)OCCCCCCCCCCCCC,-0.214599004,liver
CCCCCCCCCCOC(=O)CCN(CCC(=O)OCCCCCCCCCC)CCN(CCN(CCC(=O)OCCCCCCCCCC)CCC(=O)OCCCCCCCCCC)CCN(CCC(=O)OCCCCCCCCCC)CCC(=O)OCCCCCCCCCC,0.406230771,liver
CCCCCCCCCCCCCOC(=O)CCN(CCC(=O)OCCCCCCCCCCCCC)CCN(CCN(CCC(=O)OCCCCCCCCCCCCC)CCC(=O)OCCCCCCCCCCCCC)CCN(CCC(=O)OCCCCCCCCCCCCC)CCC(=O)OCCCCCCCCCCCCC,1.288291352,liver
CCCCCCCCCCOC(=O)CCN(CCC(=O)OCCCCCCCCCC)CCN(C)CCN(CCC(=O)OCCCCCCCCCC)CCC(=O)OCCCCCCCCCC,0.954050246,liver
CCCCCCCCCCCOC(=O)CCN(CCC(=O)OCCCCCCCCCCC)CCN(C)CCN(CCC(=O)OCCCCCCCCCCC)CCC(=O)OCCCCCCCCCCC,0.113716999,liver
CCCCCCCCCCCCOC(=O)CCN(CCC(=O)OCCCCCCCCCCCC)CCN(C)CCN(CCC(=O)OCCCCCCCCCCCC)CCC(=O)OCCCCCCCCCCCC,1.315872713,liver
CCCCCCCCCCCCCOC(=O)CCN(CCC(=O)OCCCCCCCCCCCCC)CCN(C)CCN(CCC(=O)OCCCCCCCCCCCCC)CCC(=O)OCCCCCCCCCCCCC,1.340290307,liver
CCCCCCCCCCCCCCOC(=O)CCN(CCC(=O)OCCCCCCCCCCCCCC)CCN(C)CCN(CCC(=O)OCCCCCCCCCCCCCC)CCC(=O)OCCCCCCCCCCCCCC,-0.678421639,liver
CCCCCCCCCCCCOC(=O)CCN(CCC(=O)OCCCCCCCCCCCC)CCN(CCC(=O)OCCCCCCCCCCCC)CCN(CC)CC,-1.152250431,liver
CCCCCCCCCCCCCOC(=O)CCN(CCC(=O)OCCCCCCCCCCCCC)CCN(CCC(=O)OCCCCCCCCCCCCC)CCN(CC)CC,1.345116479,liver
CCCCCCCCCCCCOC(=O)CCN(CCC(=O)OCCCCCCCCCCCC)CC1CCCN1CCC(=O)OCCCCCCCCCCCC,-0.922405564,liver
CCCCCCCCCCCOC(=O)CCN(CCC(=O)OCCCCCCCCCCC)CCN(CCC(=O)OCCCCCCCCCCC)CCN(CCC(=O)OCCCCCCCCCCC)CCN(CCC(=O)OCCCCCCCCCCC)CCN(CCC(=O)OCCCCCCCCCCC)CCN(CCC(=O)OCCCCCCCCCCC)CCC(=O)OCCCCCCCCCCC,-0.717587477,liver
CCCCCCCCCCCCOC(=O)CCN(CCC(=O)OCCCCCCCCCCCC)CCN(CCC(=O)OCCCCCCCCCCCC)CCN(CCC(=O)OCCCCCCCCCCCC)CCN(CCC(=O)OCCCCCCCCCCCC)CCN(CCC(=O)OCCCCCCCCCCCC)CCN(CCC(=O)OCCCCCCCCCCCC)CCC(=O)OCCCCCCCCCCCC,-1.494120124,liver
CCCCCCCCCCCCCCOC(=O)CCN(CCOCCOCCN(CCC(=O)OCCCCCCCCCCCCCC)CCC(=O)OCCCCCCCCCCCCCC)CCC(=O)OCCCCCCCCCCCCCC,-0.793729282,liver
CCCCCCCCCCCCCCOC(=O)CCN(CCCOCCOCCOCCCN(CCC(=O)OCCCCCCCCCCCCCC)CCC(=O)OCCCCCCCCCCCCCC)CCC(=O)OCCCCCCCCCCCCCC,-0.936739973,liver
CCCCCCCCCCCCCCOC(=O)CCN(CCOCCO)CCC(=O)OCCCCCCCCCCCCCC,-1.070606115,liver
CCCCCCCCCCCOC(=O)CCN(CCC(=O)OCCCCCCCCCCC)[C@@H](CO)CC(C)C,-0.305162111,liver
CCCCCCCCCCCCOC(=O)CCN(CCC(=O)OCCCCCCCCCCCC)[C@@H](CO)CC(C)C,-0.804969158,liver
CCCCCCCCCCCCCCOC(=O)CCN(CCC(=O)OCCCCCCCCCCCCCC)[C@@H](CO)CC(C)C,-0.294942397,liver
CCCCCCCCCCOC(=O)CCN(CCC(=O)OCCCCCCCCCC)CCN(CCC(=O)OCCCCCCCCCC)CCN1CCN(CCN(CCC(=O)OCCCCCCCCCC)CCC(=O)OCCCCCCCCCC)CC1,-0.163411161,liver
CCCCCCCCCCCOC(=O)CCN(CCC(=O)OCCCCCCCCCCC)CCN(CCC(=O)OCCCCCCCCCCC)CCN1CCN(CCN(CCC(=O)OCCCCCCCCCCC)CCC(=O)OCCCCCCCCCCC)CC1,-0.443790444,liver
CCCCCCCCCCCCOC(=O)CCN(CCC(=O)OCCCCCCCCCCCC)CCN(CCC(=O)OCCCCCCCCCCCC)CCN1CCN(CCN(CCC(=O)OCCCCCCCCCCCC)CCC(=O)OCCCCCCCCCCCC)CC1,-0.092559595,liver
CCCCCCCCCCCCCOC(=O)CCN(CCC(=O)OCCCCCCCCCCCCC)CCN(CCC(=O)OCCCCCCCCCCCCC)CCN1CCN(CCN(CCC(=O)OCCCCCCCCCCCCC)CCC(=O)OCCCCCCCCCCCCC)CC1,0.233340856,liver
CCCCCCCCCCCCCCOC(=O)CCN(CCC(=O)OCCCCCCCCCCCCCC)CCN(CCC(=O)OCCCCCCCCCCCCCC)CCN1CCN(CCN(CCC(=O)OCCCCCCCCCCCCCC)CCC(=O)OCCCCCCCCCCCCCC)CC1,-1.086476804,liver
CCCCCCCCCCCCOC(=O)CCN(CCC(=O)OCCCCCCCCCCCC)CCN1CCN(CCC(=O)OCCCCCCCCCCCC)CC1,-0.761658874,liver
CCCCCCCCCCCCCCOC(=O)CCN(CCC(=O)OCCCCCCCCCCCCCC)CCN1CCN(CCC(=O)OCCCCCCCCCCCCCC)CC1,-0.915713385,liver
CCCCCCCCCCCCOC(=O)CCN(CC(C)N(CCC(=O)OCCCCCCCCCCCC)CCC(=O)OCCCCCCCCCCCC)CC(C)N(CCC(=O)OCCCCCCCCCCCC)CCC(=O)OCCCCCCCCCCCC,-0.273851412,liver
CCCCCCCCCCCCCOC(=O)CCN(CC(C)N(CCC(=O)OCCCCCCCCCCCCC)CCC(=O)OCCCCCCCCCCCCC)CC(C)N(CCC(=O)OCCCCCCCCCCCCC)CCC(=O)OCCCCCCCCCCCCC,1.300092167,liver
CCCCCCCCCCCCCOC(=O)CCN(C)CCCN(CC)CCCN(C)CCC(=O)OCCCCCCCCCCCCC,-0.601648843,liver
CCCCCCCCCCOC(=O)CCN(CCCN(C)C)CCCN(CCC(=O)OCCCCCCCCCC)CCC(=O)OCCCCCCCCCC,-1.191389143,liver
CCCCCCCCCCCCOC(=O)CCN(CCCN(C)C)CCCN(CCC(=O)OCCCCCCCCCCCC)CCC(=O)OCCCCCCCCCCCC,1.310831939,liver
CCCCCCCCCCCOC(=O)CCN(C)CCN(CCN(C)CCC(=O)OCCCCCCCCCCC)CCN(C)CCC(=O)OCCCCCCCCCCC,-0.172446847,liver
CCCCCCCCCCCCOC(=O)CCN(C)CCN(CCN(C)CCC(=O)OCCCCCCCCCCCC)CCN(C)CCC(=O)OCCCCCCCCCCCC,-0.838506893,liver
CCCCCCCCCCCCCOC(=O)CCN(C)CCN(CCN(C)CCC(=O)OCCCCCCCCCCCCC)CCN(C)CCC(=O)OCCCCCCCCCCCCC,1.302589204,liver
CCCCCCCCCCCCCCOC(=O)CCN(C)CCN(CCN(C)CCC(=O)OCCCCCCCCCCCCCC)CCN(C)CCC(=O)OCCCCCCCCCCCCCC,-0.215521338,liver
CCCCCCCCCCCCOC(=O)CCN(CCC(=O)OCCCCCCCCCCCC)CC(C)N(CCC(=O)OCCCCCCCCCCCC)CCC(=O)OCCCCCCCCCCCC,-0.725333268,liver
CCCCCCCCCCCCCOC(=O)CCN(CCC(=O)OCCCCCCCCCCCCC)CC(C)N(CCC(=O)OCCCCCCCCCCCCC)CCC(=O)OCCCCCCCCCCCCC,1.327496926,liver
CCCCCCCCCCOC(=O)CCN(CCCN(C)CCCN(CCC(=O)OCCCCCCCCCC)CCC(=O)OCCCCCCCCCC)CCC(=O)OCCCCCCCCCC,1.336820573,liver
CCCCCCCCCCCOC(=O)CCN(CCCN(C)CCCN(CCC(=O)OCCCCCCCCCCC)CCC(=O)OCCCCCCCCCCC)CCC(=O)OCCCCCCCCCCC,1.295543433,liver
CCCCCCCCCCCCOC(=O)CCN(CCCN(C)CCCN(CCC(=O)OCCCCCCCCCCCC)CCC(=O)OCCCCCCCCCCCC)CCC(=O)OCCCCCCCCCCCC,1.329192915,liver
CCCCCCCCCCCCCOC(=O)CCN(CCCN(C)CCCN(CCC(=O)OCCCCCCCCCCCCC)CCC(=O)OCCCCCCCCCCCCC)CCC(=O)OCCCCCCCCCCCCC,1.345598915,liver
CCCCCCCCCCCCCCOC(=O)CCN(CCCN(C)CCCN(CCC(=O)OCCCCCCCCCCCCCC)CCC(=O)OCCCCCCCCCCCCCC)CCC(=O)OCCCCCCCCCCCCCC,-0.406472128,liver
CCCCCCCCCCOC(=O)CCN(CCCN1CCN(CCCN(CCC(=O)OCCCCCCCCCC)CCC(=O)OCCCCCCCCCC)CC1)CCC(=O)OCCCCCCCCCC,1.340290307,liver
CCCCCCCCCCCOC(=O)CCN(CCCN1CCN(CCCN(CCC(=O)OCCCCCCCCCCC)CCC(=O)OCCCCCCCCCCC)CC1)CCC(=O)OCCCCCCCCCCC,1.315762265,liver
CCCCCCCCCCCCOC(=O)CCN(CCCN1CCN(CCCN(CCC(=O)OCCCCCCCCCCCC)CCC(=O)OCCCCCCCCCCCC)CC1)CCC(=O)OCCCCCCCCCCCC,1.304399422,liver
CCCCCCCCCCCCCOC(=O)CCN(CCCN1CCN(CCCN(CCC(=O)OCCCCCCCCCCCCC)CCC(=O)OCCCCCCCCCCCCC)CC1)CCC(=O)OCCCCCCCCCCCCC,1.315149683,liver
CCCCCCCCCCCCCCOC(=O)CCN(CCCN1CCN(CCCN(CCC(=O)OCCCCCCCCCCCCCC)CCC(=O)OCCCCCCCCCCCCCC)CC1)CCC(=O)OCCCCCCCCCCCCCC,-0.440783299,liver
CCCCCCCCCCCCOC(=O)CCN(CCC(=O)OCCCCCCCCCCCC)CC1(C)CC(N(CCC(=O)OCCCCCCCCCCCC)CCC(=O)OCCCCCCCCCCCC)CC(C)(C)C1,-1.31420951,liver
CCCCCCCCCCOC(=O)CCN(CCC(=O)OCCCCCCCCCC)Cc1cccc(CN(CCC(=O)OCCCCCCCCCC)CCC(=O)OCCCCCCCCCC)c1,-1.127691588,liver
CCCCCCCCCCCOC(=O)CCN(CCC(=O)OCCCCCCCCCCC)Cc1cccc(CN(CCC(=O)OCCCCCCCCCCC)CCC(=O)OCCCCCCCCCCC)c1,-0.935541911,liver
CCCCCCCCCCCCOC(=O)CCN(CCC(=O)OCCCCCCCCCCCC)Cc1cccc(CN(CCC(=O)OCCCCCCCCCCCC)CCC(=O)OCCCCCCCCCCCC)c1,0.927918171,liver
CCCCCCCCCCCCCOC(=O)CCN(CCC(=O)OCCCCCCCCCCCCC)Cc1cccc(CN(CCC(=O)OCCCCCCCCCCCCC)CCC(=O)OCCCCCCCCCCCCC)c1,-0.441044533,liver
CCCCCCCCCCCOC(=O)CCN(CCC(=O)OCCCCCCCCCCC)c1ccc2c(c1)OCCO2,-0.761521394,liver
CCCCCCCCCCCCOC(=O)CCN(CCC(=O)OCCCCCCCCCCCC)c1ccc2c(c1)OCCO2,-0.74051181,liver
CCCCCCCCCCCCCCOC(=O)CCN(CCC(=O)OCCCCCCCCCCCCCC)c1ccc2c(c1)OCCO2,-0.938389262,liver
CCCCCCCCCCCCCOC(=O)CCN(CCC(=O)OCCCCCCCCCCCCC)CCN(C)CCN(C)CCN(CCC(=O)OCCCCCCCCCCCCC)CCC(=O)OCCCCCCCCCCCCC,1.286735694,liver
CCCCCCCCCCOC(=O)CCN(CCC(=O)OCCCCCCCCCC)CCN(CC)CCN(CC)CCN(CCC(=O)OCCCCCCCCCC)CCC(=O)OCCCCCCCCCC,-0.786635583,liver
CCCCCCCCCCCOC(=O)CCN(CCC(=O)OCCCCCCCCCCC)CCN(CC)CCN(CC)CCN(CCC(=O)OCCCCCCCCCCC)CCC(=O)OCCCCCCCCCCC,-1.422598001,liver
CCCCCCCCCCCCOC(=O)CCN(CCC(=O)OCCCCCCCCCCCC)CCN(CC)CCN(CC)CCN(CCC(=O)OCCCCCCCCCCCC)CCC(=O)OCCCCCCCCCCCC,-1.342818734,liver
CCCCCCCCCCCCCOC(=O)CCN(CCC(=O)OCCCCCCCCCCCCC)CCN(CC)CCN(CC)CCN(CCC(=O)OCCCCCCCCCCCCC)CCC(=O)OCCCCCCCCCCCCC,1.21662925,liver
CCCCCCCCCCCCCCOC(=O)CCN(CCC(=O)OCCCCCCCCCCCCCC)CCN(CC)CCN(CC)CCN(CCC(=O)OCCCCCCCCCCCCCC)CCC(=O)OCCCCCCCCCCCCCC,-0.812511827,liver
CCCCCCCCCCOC(=O)CCN(CCC(=O)OCCCCCCCCCC)CCN1CCN(CCN(CCC(=O)OCCCCCCCCCC)CCC(=O)OCCCCCCCCCC)CC1,0.275188336,liver
CCCCCCCCCCCOC(=O)CCN(CCC(=O)OCCCCCCCCCCC)CCN1CCN(CCN(CCC(=O)OCCCCCCCCCCC)CCC(=O)OCCCCCCCCCCC)CC1,1.208795421,liver
CCCCCCCCCCCCOC(=O)CCN(CCC(=O)OCCCCCCCCCCCC)CCN1CCN(CCN(CCC(=O)OCCCCCCCCCCCC)CCC(=O)OCCCCCCCCCCCC)CC1,1.288496211,liver
CCCCCCCCCCCCCOC(=O)CCN(CCC(=O)OCCCCCCCCCCCCC)CCN1CCN(CCN(CCC(=O)OCCCCCCCCCCCCC)CCC(=O)OCCCCCCCCCCCCC)CC1,1.243723514,liver
CCCCCCCCCCCCCCOC(=O)CCN(CCC(=O)OCCCCCCCCCCCCCC)CCN1CCN(CCN(CCC(=O)OCCCCCCCCCCCCCC)CCC(=O)OCCCCCCCCCCCCCC)CC1,-0.552714259,liver
CCCCCCCCCCOC(=O)CCN(CCC(=O)OCCCCCCCCCC)CCN(C)CCCN(C)CCN(CCC(=O)OCCCCCCCCCC)CCC(=O)OCCCCCCCCCC,0.045711604,liver
CCCCCCCCCCCOC(=O)CCN(CCC(=O)OCCCCCCCCCCC)CCN(C)CCCN(C)CCN(CCC(=O)OCCCCCCCCCCC)CCC(=O)OCCCCCCCCCCC,0.544419201,liver
CCCCCCCCCCCCOC(=O)CCN(CCC(=O)OCCCCCCCCCCCC)CCN(C)CCCN(C)CCN(CCC(=O)OCCCCCCCCCCCC)CCC(=O)OCCCCCCCCCCCC,1.194094993,liver
CCCCCCCCCCCCCOC(=O)CCN(CCC(=O)OCCCCCCCCCCCCC)CCN(C)CCCN(C)CCN(CCC(=O)OCCCCCCCCCCCCC)CCC(=O)OCCCCCCCCCCCCC,1.250991041,liver
CCCCCCCCCCCCCCOC(=O)CCN(CCC(=O)OCCCCCCCCCCCCCC)CCN(C)CCCN(C)CCN(CCC(=O)OCCCCCCCCCCCCCC)CCC(=O)OCCCCCCCCCCCCCC,-1.317216026,liver
CCCCCCCCCCCCCOC(=O)CCN(CCC(=O)OCCCCCCCCCCCCC)CCN(C)CCN(CCC)CCN(CCC(=O)OCCCCCCCCCCCCC)CCC(=O)OCCCCCCCCCCCCC,1.301782883,liver
CCCCCCCCCCCCCOC(=O)CCN(CCC(=O)OCCCCCCCCCCCCC)CCN(C)CCN(CCN(CCC(=O)OCCCCCCCCCCCCC)CCC(=O)OCCCCCCCCCCCCC)C1CCCCC1,1.239466217,liver
CCCCCCCCCCCCCOC(=O)CCN(CCC(=O)OCCCCCCCCCCCCC)CCN(C)CCN(CCCCC)CCN(CCC(=O)OCCCCCCCCCCCCC)CCC(=O)OCCCCCCCCCCCCC,1.313080718,liver
CCCCCCCCCCCCCOC(=O)CCN(CCC(=O)OCCCCCCCCCCCCC)CCN(CC)CCN(CC)CCN(CC)CCN(CCC(=O)OCCCCCCCCCCCCC)CCC(=O)OCCCCCCCCCCCCC,1.314454552,liver
CCCCCCCCCCCCCOC(=O)CCN(CCC(=O)OCCCCCCCCCCCCC)CCN(CCC)CCN(CCC)CCN(CCC(=O)OCCCCCCCCCCCCC)CCC(=O)OCCCCCCCCCCCCC,-1.010369507,liver
CCCCCCCCCCCCCOC(=O)CCN(CCC(=O)OCCCCCCCCCCCCC)CCN(CCN(CCN(CCC(=O)OCCCCCCCCCCCCC)CCC(=O)OCCCCCCCCCCCCC)C1CCCCC1)C(C)CC,-1.03971337,liver
CCCCCCCCCCCCCOC(=O)CCN(CCC(=O)OCCCCCCCCCCCCC)CCN(CC)CCCN(CC)CCN(CCC(=O)OCCCCCCCCCCCCC)CCC(=O)OCCCCCCCCCCCCC,1.318628797,liver
CCCCCCCCCCCCCOC(=O)CCN(CCC(=O)OCCCCCCCCCCCCC)CCN(C)CCN(CCN(C)CCN(CCC(=O)OCCCCCCCCCCCCC)CCC(=O)OCCCCCCCCCCCCC)CCN(C)CCN(CCC(=O)OCCCCCCCCCCCCC)CCC(=O)OCCCCCCCCCCCCC,1.303926832,liver
CCCCCCCCCCCCCCSCC(C)C(=O)OCCOC(=O)CCN(CCCN1CCN(C)CC1)CCC(=O)OCCOC(=O)C(C)CSCCCCCCCCCCCCCC,-1.089650118,liver
CCCCCCCCCCCCCCSCC(C)C(=O)OCCOC(=O)CCN(CCC(=O)OCCOC(=O)C(C)CSCCCCCCCCCCCCCC)CCC1CCCN1C,-1.089650118,liver
CCCCCCCCCCCCCCSCC(C)C(=O)OCCOC(=O)CCN(CCC(=O)OCCOC(=O)C(C)CSCCCCCCCCCCCCCC)CCN(C)C,-1.089650118,liver
CCCCCCCCCCSCC(C)C(=O)OCCOC(=O)CCN(CCCN(C)C)CCCN(CCC(=O)OCCOC(=O)C(C)CSCCCCCCCCCC)CCC(=O)OCCOC(=O)C(C)CSCCCCCCCCCC,-1.089650118,liver
CCCCCCCCCCCCCCSCC(C)C(=O)OCCOC(=O)CCN(CCCN(C)C)CCCN(CCC(=O)OCCOC(=O)C(C)CSCCCCCCCCCCCCCC)CCC(=O)OCCOC(=O)C(C)CSCCCCCCCCCCCCCC,-1.089650118,liver
CCCCCCCCCCSCC(C)C(=O)OCCOC(=O)CCN(C)CCN(CCN(C)CCC(=O)OCCOC(=O)C(C)CSCCCCCCCCCC)CCN(C)CCC(=O)OCCOC(=O)C(C)CSCCCCCCCCCC,-0.323950035,liver
CCCCCCCCCCCCCCSCC(C)C(=O)OCCOC(=O)CCN(C)CCN(CCN(C)CCC(=O)OCCOC(=O)C(C)CSCCCCCCCCCCCCCC)CCN(C)CCC(=O)OCCOC(=O)C(C)CSCCCCCCCCCCCCCC,-1.089650118,liver
CCCCCCCCCCCCSCC(C)C(=O)OCCOC(=O)CCN(CCCN1CCN(CCCN(CCC(=O)OCCOC(=O)C(C)CSCCCCCCCCCCCC)CCC(=O)OCCOC(=O)C(C)CSCCCCCCCCCCCC)CC1)CCC(=O)OCCOC(=O)C(C)CSCCCCCCCCCCCC,1.207450131,liver
CCCCCCCCSCC(C)C(=O)OCCOC(=O)CCN(CCCN1CCN(CCCN(CCC(=O)OCCOC(=O)C(C)CSCCCCCCCC)CCC(=O)OCCOC(=O)C(C)CSCCCCCCCC)CC1)CCC(=O)OCCOC(=O)C(C)CSCCCCCCCC,1.207450131,liver
CCCCCCCCCCCCSCC(C)C(=O)OCCOC(=O)CCN(CCCN(C)CCCN(CCC(=O)OCCOC(=O)C(C)CSCCCCCCCCCCCC)CCC(=O)OCCOC(=O)C(C)CSCCCCCCCCCCCC)CCC(=O)OCCOC(=O)C(C)CSCCCCCCCCCCCC,0.441750048,liver
CCCCCCCCSCC(C)C(=O)OCCOC(=O)CCN(CCCN(C)CCCN(CCC(=O)OCCOC(=O)C(C)CSCCCCCCCC)CCC(=O)OCCOC(=O)C(C)CSCCCCCCCC)CCC(=O)OCCOC(=O)C(C)CSCCCCCCCC,1.207450131,liver
CCCCCCCCCCCCSCC(C)C(=O)OCCOC(=O)CCN(CCCN(CCC(=O)OCCOC(=O)C(C)CSCCCCCCCCCCCC)CCC(=O)OCCOC(=O)C(C)CSCCCCCCCCCCCC)CCCN(CCC(=O)OCCOC(=O)C(C)CSCCCCCCCCCCCC)CCC(=O)OCCOC(=O)C(C)CSCCCCCCCCCCCC,-1.089650118,liver
CCCCCCCCSCC(C)C(=O)OCCOC(=O)CCN(CCCN(CCC(=O)OCCOC(=O)C(C)CSCCCCCCCC)CCC(=O)OCCOC(=O)C(C)CSCCCCCCCC)CCCN(CCC(=O)OCCOC(=O)C(C)CSCCCCCCCC)CCC(=O)OCCOC(=O)C(C)CSCCCCCCCC,-1.089650118,liver
CCCCCCCCCCCCSCC(C)C(=O)OCCOC(=O)CCN(CCNCCN(CCC(=O)OCCOC(=O)C(C)CSCCCCCCCCCCCC)CCC(=O)OCCOC(=O)C(C)CSCCCCCCCCCCCC)CCNCCN(CCC(=O)OCCOC(=O)C(C)CSCCCCCCCCCCCC)CCC(=O)OCCOC(=O)C(C)CSCCCCCCCCCCCC,-0.323950035,liver
CCCCCCCCSCC(C)C(=O)OCCOC(=O)CCN(CCNCCN(CCC(=O)OCCOC(=O)C(C)CSCCCCCCCC)CCC(=O)OCCOC(=O)C(C)CSCCCCCCCC)CCNCCN(CCC(=O)OCCOC(=O)C(C)CSCCCCCCCC)CCC(=O)OCCOC(=O)C(C)CSCCCCCCCC,1.207450131,liver
CCCCCCCCCCCCSCC(C)C(=O)OCCOC(=O)CCN(CCCNCCCN(CCC(=O)OCCOC(=O)C(C)CSCCCCCCCCCCCC)CCC(=O)OCCOC(=O)C(C)CSCCCCCCCCCCCC)CCCN(CCC(=O)OCCOC(=O)C(C)CSCCCCCCCCCCCC)CCC(=O)OCCOC(=O)C(C)CSCCCCCCCCCCCC,-1.089650118,liver
CCCCCCCCSCC(C)C(=O)OCCOC(=O)CCN(CCCNCCCN(CCC(=O)OCCOC(=O)C(C)CSCCCCCCCC)CCC(=O)OCCOC(=O)C(C)CSCCCCCCCC)CCCN(CCC(=O)OCCOC(=O)C(C)CSCCCCCCCC)CCC(=O)OCCOC(=O)C(C)CSCCCCCCCC,1.207450131,liver
CCCCCCCCCCCCSCC(C)C(=O)OCCOC(=O)CCNCCN(CCN(CCC(=O)OCCOC(=O)C(C)CSCCCCCCCCCCCC)CCC(=O)OCCOC(=O)C(C)CSCCCCCCCCCCCC)CCN(CCC(=O)OCCOC(=O)C(C)CSCCCCCCCCCCCC)CCC(=O)OCCOC(=O)C(C)CSCCCCCCCCCCCC,-0.323950035,liver
CCCCCCCCSCC(C)C(=O)OCCOC(=O)CCN(CCCNCCCN(CCC(=O)OCCOC(=O)C(C)CSCCCCCCCC)CCC(=O)OCCOC(=O)C(C)CSCCCCCCCC)CCCN(CCC(=O)OCCOC(=O)C(C)CSCCCCCCCC)CCC(=O)OCCOC(=O)C(C)CSCCCCCCCC,0.441750048,liver
CCCCCCCCCCCCSCC(C)C(=O)OCCOC(=O)CCN(CCNCCN(CCC(=O)OCCOC(=O)C(C)CSCCCCCCCCCCCC)CCN(CCC(=O)OCCOC(=O)C(C)CSCCCCCCCCCCCC)CCN(CCC(=O)OCCOC(=O)C(C)CSCCCCCCCCCCCC)CCC(=O)OCCOC(=O)C(C)CSCCCCCCCCCCCC)CCC(=O)OCCOC(=O)C(C)CSCCCCCCCCCCCC,-0.323950035,liver
CCCCCCCCSCC(C)C(=O)OCCOC(=O)CCN(CCNCCN(CCC(=O)OCCOC(=O)C(C)CSCCCCCCCC)CCN(CCC(=O)OCCOC(=O)C(C)CSCCCCCCCC)CCN(CCC(=O)OCCOC(=O)C(C)CSCCCCCCCC)CCC(=O)OCCOC(=O)C(C)CSCCCCCCCC)CCC(=O)OCCOC(=O)C(C)CSCCCCCCCC,0.441750048,liver
CCCCCCCCCCSCC(C)C(=O)OCCOC(=O)CCN(CCNCCN(CCC(=O)OCCOC(=O)C(C)CSCCCCCCCCCC)CCN(CCC(=O)OCCOC(=O)C(C)CSCCCCCCCCCC)CCN(CCC(=O)OCCOC(=O)C(C)CSCCCCCCCCCC)CCC(=O)OCCOC(=O)C(C)CSCCCCCCCCCC)CCC(=O)OCCOC(=O)C(C)CSCCCCCCCCCC,-1.089650118,liver
CCCCCCCCCCCCSCC(C)C(=O)OCCOC(=O)CCN(CCNCCN(CCC(=O)OCCOC(=O)C(C)CSCCCCCCCCCCCC)CCN(CCC(=O)OCCOC(=O)C(C)CSCCCCCCCCCCCC)CCN(CCC(=O)OCCOC(=O)C(C)CSCCCCCCCCCCCC)CCC(=O)OCCOC(=O)C(C)CSCCCCCCCCCCCC)CCC(=O)OCCOC(=O)C(C)CSCCCCCCCCCCCC,1.207450131,liver
CCCCCCCCSCC(C)C(=O)OCCOC(=O)CCN(CCCN(CCCN(CCC(=O)OCCOC(=O)C(C)CSCCCCCCCC)CCC(=O)OCCOC(=O)C(C)CSCCCCCCCC)CCC(=O)OCCOC(=O)C(C)CSCCCCCCCC)CCCN(CCC(=O)OCCOC(=O)C(C)CSCCCCCCCC)CCC(=O)OCCOC(=O)C(C)CSCCCCCCCC,1.207450131,liver
CCCCCCCCCCCCSCC(C)C(=O)OCCOC(=O)CCN(CCC(=O)OCCOC(=O)C(C)CSCCCCCCCCCCCC)CCN(CCN(CCC(=O)OCCOC(=O)C(C)CSCCCCCCCCCCCC)CCC(=O)OCCOC(=O)C(C)CSCCCCCCCCCCCC)CCN(CCC(=O)OCCOC(=O)C(C)CSCCCCCCCCCCCC)CCC(=O)OCCOC(=O)C(C)CSCCCCCCCCCCCC,1.207450131,liver
CCCCCCCCSCC(C)C(=O)OCCOC(=O)CCN(CCCN(C)C)CCCN(CCC(=O)OCCOC(=O)C(C)CSCCCCCCCC)CCC(=O)OCCOC(=O)C(C)CSCCCCCCCC,1.207450131,liver
N(CCO)(CCCCCCCCC=CCC=CCCCCC)CCCCCCCCC=CCC=CCCCCC,-0.65566576,whole_body
N(CCO)(CCCCCCCC(=O)OCCCCCCCCC)CCCCCCCC(=O)OCCCCCCCCC,-1.019385933,whole_body
N(CCO)(CCCCCCCC/C=C\C/C=C\CCCCC)CCCCCCCC(=O)OCCCCCCCCC,-1.002511011,whole_body
N(CCO)(CCCCCCCCC=CCC=CCCCCC)CCCCCCCC(=O)OC(CCCCCCCC)CCCCCCCC,-0.032864263,whole_body
N(CCO)(CCCCCCCC(=O)OCCCCCCCCC)CCCCCCCC(=O)OC(CCCCCCCC)CCCCCCCC,1.656343159,whole_body
N(CCO)(CCCCCCCC(=O)OC(CCCCCCCC)CCCCCCCC)CCCCCCCC(=O)OC(CCCCCCCC)CCCCCCCC,-0.442923724,whole_body
N(CCCCCCCC(=O)OCCCCCCCCC)(CCCCCCCC(=O)OC(CCCCCCCC)CCCCCCCC)CCN(C)C,-0.952182297,whole_body
N(CCO)(CCCCCCCC(=O)OC(CCCCCCCC)CCCCCCCC)CCCCCC(=O)OCCCCCCCCCCC,0.668882097,whole_body
N(CCO)(CCCCCCCC(=O)OC(CCCCCCCC)CCCCCCCC)CCCC(=O)OCCCCCCCCC,1.458656312,whole_body
N(CCO)(CCCCCC(=O)OCCCCCCCCCCC)CCCCCC(=O)OC(CCCCCCCCCC)CCCCCCCCCC,0.32165142,whole_body
CCCCCCCCCCC(O)CN(CCCCC1NC(=O)C(CCCCN(CC(O)CCCCCCCCCC)CC(O)CCCCCCCCCC)NC1=O)CC(O)CCCCCCCCCC,1.690807924,muscle
CCCCC/C=C\C/C=C\CCCCCCCCC(CCCCCCCC/C=C\C/C=C\CCCCC)OC(=O)CCCN(C)C,-0.257339126,muscle
CCCCCCCC/C=C\CCCCCCCCOC(=O)OC(C/C=C\CCCCCCCCOC(=O)CCN(CCCN(C)C)CCC(=O)OCCCCCCCC/C=C\CC(CCCCCC)OC(=O)OCCCCCCCC/C=C\CCCCCCCC)CCCCCC,-0.562577432,muscle
CCCCCC#CCOC(=O)OC(C/C=C\CCCCCCCCOC(=O)CCN(C)CCN(CCN(C)CCC(=O)OCCCCCCCC/C=C\CC(CCCCCC)OC(=O)OCC#CCCCCC)CCN(C)CCC(=O)OCCCCCCCC/C=C\CC(CCCCCC)OC(=O)OCC#CCCCCC)CCCCCC,-0.870891366,muscle
CCCCCCCCCCC(O)CN(CCCCC1NC(=O)C(CCCCN(CC(O)CCCCCCCCCC)CC(O)CCCCCCCCCC)NC1=O)CC(O)CCCCCCCCCC,1.636142085,lung_epithelium
CCCCCCCC/C=C\CCCCCCCCOC(=O)OC(C/C=C\CCCCCCCCOC(=O)CCN(CCCN(C)C)CCC(=O)OCCCCCCCC/C=C\CC(CCCCCC)OC(=O)OCCCCCCCC/C=C\CCCCCCCC)CCCCCC,0.60943964,lung_epithelium
CCCCCC#CCOC(=O)OC(C/C=C\CCCCCCCCOC(=O)CCN(C)CCN(CCN(C)CCC(=O)OCCCCCCCC/C=C\CC(CCCCCC)OC(=O)OCC#CCCCCC)CCN(C)CCC(=O)OCCCCCCCC/C=C\CC(CCCCCC)OC(=O)OCC#CCCCCC)CCCCCC,0.587297214,lung_epithelium
CCCCCC#CCOC(=O)OC(C/C=C\CCCCCCCCOC(=O)CCN(CCC(=O)OCCCCCCCC/C=C\CC(CCCCCC)OC(=O)OCC#CCCCCC)CCN(CC)CC)CCCCCC,0.418683756,lung_epithelium
CCCCC/C=C\C/C=C\CCCCCCCCC(CCCCCCCC/C=C\C/C=C\CCCCC)OC(=O)CCCN(C)C,0.07146898,lung_epithelium
CCCCCC#CCOC(=O)OC(C/C=C\CCCCCCCCOC(=O)CCN1CCN(CCC(=O)OCCCCCCCC/C=C\CC(CCCCCC)OC(=O)OCC#CCCCCC)CCN(CCC(=O)OCCCCCCCC/C=C\CC(CCCCCC)OC(=O)OCC#CCCCCC)CC1)CCCCCC,3.131377134,lung_epithelium
CCCCCC#CCOC(=O)OC(C/C=C\CCCCCCCCOC(=O)CCN(CCC(=O)OCCCCCCCC/C=C\CC(CCCCCC)OC(=O)OCC#CCCCCC)CCN(CC)CC)CCCCCC,2.944467757,lung_epithelium
CCCCCCCCCCC(O)CN(CCCCC1NC(=O)C(CCCCN(CC(O)CCCCCCCCCC)CC(O)CCCCCCCCCC)NC1=O)CC(O)CCCCCCCCCC,2.039405625,lung_epithelium
CCCCCCCCCCC(O)CN(CCCCC1NC(=O)C(CCCCN(CC(O)CCCCCCCCCC)CC(O)CCCCCCCCCC)NC1=O)CC(O)CCCCCCCCCC,0.826742274,lung_epithelium
CCCCCC#CCOC(=O)OC(C/C=C\CCCCCCCCOC(=O)CCN(CCC(=O)OCCCCCCCC/C=C\CC(CCCCCC)OC(=O)OCC#CCCCCC)CCN(CC)CC)CCCCCC,0.662819777,lung_epithelium
CCCCC/C=C\C/C=C\CCCCCCCCOC(=O)OC(C/C=C\CCCCCCCCOC(=O)CCN(CCCN(C)C)CCC(=O)OCCCCCCCC/C=C\CC(CCCCCC)OC(=O)OCCCCCCCC/C=C\C/C=C\CCCCC)CCCCCC,0.30390492,lung_epithelium
CCCCCCCC/C=C\CCCCCCCCOC(=O)OC(C/C=C\CCCCCCCCOC(=O)CCN(CCCN(C)C)CCC(=O)OCCCCCCCC/C=C\CC(CCCCCC)OC(=O)OCCCCCCCC/C=C\CCCCCCCC)CCCCCC,0.172282029,lung_epithelium
CCCCCC#CCOC(=O)OC(C/C=C\CCCCCCCCOC(=O)CCN(C)CCCN(C)CCCN(C)CCC(=O)OCCCCCCCC/C=C\CC(CCCCCC)OC(=O)OCC#CCCCCC)CCCCCC,-0.028582373,lung_epithelium
CCCCCCCC/C=C\CCCCCCCCOC(=O)OC(C/C=C\CCCCCCCCOC(=O)CCN(CCC(=O)OCCCCCCCC/C=C\CC(CCCCCC)OC(=O)OCCCCCCCC/C=C\CCCCCCCC)CCN(C)C)CCCCCC,-0.047811392,lung_epithelium
CCCCCC#CCOC(=O)OC(C/C=C\CCCCCCCCOC(=O)CCN1CCN(CCC(=O)OCCCCCCCC/C=C\CC(CCCCCC)OC(=O)OCC#CCCCCC)CCN(CCC(=O)OCCCCCCCC/C=C\CC(CCCCCC)OC(=O)OCC#CCCCCC)CC1)CCCCCC,-0.05049618,lung_epithelium
CCCCC/C=C\C/C=C\CCCCCCCCOC(=O)OC(C/C=C\CCCCCCCCOC(=O)CCN(CCCN(CC)CC)CCC(=O)OCCCCCCCC/C=C\CC(CCCCCC)OC(=O)OCCCCCCCC/C=C\C/C=C\CCCCC)CCCCCC,-1.134969653,lung_epithelium
CCCCCC#CCOC(=O)OC(C/C=C\CCCCCCCCOC(=O)CCN1CCN(CCC(=O)OCCCCCCCC/C=C\CC(CCCCCC)OC(=O)OCC#CCCCCC)CCN(CCC(=O)OCCCCCCCC/C=C\CC(CCCCCC)OC(=O)OCC#CCCCCC)CC1)CCCCCC,0.330972753,lung_epithelium
CCC#CCOC(=O)OC(C/C=C\CCCCCCCCOC(=O)CCN(C)CCN(CCN(C)CCC(=O)OCCCCCCCC/C=C\CC(CCCCCC)OC(=O)OCC#CCC)CCN(C)CCC(=O)OCCCCCCCC/C=C\CC(CCCCCC)OC(=O)OCC#CCC)CCCCCC,0.102827924,lung_epithelium
CCCCCCC#CCOC(=O)OC(C/C=C\CCCCCCCCOC(=O)CCN(C)CCN(CCN(C)CCC(=O)OCCCCCCCC/C=C\CC(CCCCCC)OC(=O)OCC#CCCCCCC)CCN(C)CCC(=O)OCCCCCCCC/C=C\CC(CCCCCC)OC(=O)OCC#CCCCCCC)CCCCCC,0.040606607,lung_epithelium
CCCCCCCCCCC(O)CN(CCCCC1NC(=O)C(CCCCN(CC(O)CCCCCCCCCC)CC(O)CCCCCCCCCC)NC1=O)CC(O)CCCCCCCCCC,0.037916991,lung_epithelium
CCCC#CCOC(=O)OC(C/C=C\CCCCCCCCOC(=O)CCN(C)CCN(CCN(C)CCC(=O)OCCCCCCCC/C=C\CC(CCCCCC)OC(=O)OCC#CCCC)CCN(C)CCC(=O)OCCCCCCCC/C=C\CC(CCCCCC)OC(=O)OCC#CCCC)CCCCCC,-0.083836027,lung_epithelium
CCCCCCC#CCOC(=O)OC(C/C=C\CCCCCCCCOC(=O)CCN(CCC(=O)OCCCCCCCC/C=C\CC(CCCCCC)OC(=O)OCC#CCCCCCC)CCN(CC)CC)CCCCCC,-0.208278661,lung_epithelium
CCCCC#CCOC(=O)OC(C/C=C\CCCCCCCCOC(=O)CCN(CCC(=O)OCCCCCCCC/C=C\CC(CCCCCC)OC(=O)OCC#CCCCC)CCN(CC)CC)CCCCCC,-0.270512783,lung_epithelium
CCCCCCC#CCCOC(=O)OC(C/C=C\CCCCCCCCOC(=O)CCN(C)CCN(CCN(C)CCC(=O)OCCCCCCCC/C=C\CC(CCCCCC)OC(=O)OCCC#CCCCCCC)CCN(C)CCC(=O)OCCCCCCCC/C=C\CC(CCCCCC)OC(=O)OCCC#CCCCCCC)CCCCCC,-0.324080214,lung_epithelium
CCCCC#CCOC(=O)OC(C/C=C\CCCCCCCCOC(=O)CCN(C)CCN(CCN(C)CCC(=O)OCCCCCCCC/C=C\CC(CCCCCC)OC(=O)OCC#CCCCC)CCN(C)CCC(=O)OCCCCCCCC/C=C\CC(CCCCCC)OC(=O)OCC#CCCCC)CCCCCC,-0.374202173,lung_epithelium
CCCCC#CCCOC(=O)OC(C/C=C\CCCCCCCCOC(=O)CCN(C)CCN(CCN(C)CCC(=O)OCCCCCCCC/C=C\CC(CCCCCC)OC(=O)OCCC#CCCCC)CCN(C)CCC(=O)OCCCCCCCC/C=C\CC(CCCCCC)OC(=O)OCCC#CCCCC)CCCCCC,-0.425245397,lung_epithelium
CCCCC#CCCOC(=O)OC(C/C=C\CCCCCCCCOC(=O)CCN(CCC(=O)OCCCCCCCC/C=C\CC(CCCCCC)OC(=O)OCCC#CCCCC)CCN(CC)CC)CCCCCC,-0.43642349,lung_epithelium
CCC#CCOC(=O)OC(C/C=C\CCCCCCCCOC(=O)CCN(CCC(=O)OCCCCCCCC/C=C\CC(CCCCCC)OC(=O)OCC#CCC)CCN(CC)CC)CCCCCC,-0.885641222,lung_epithelium
CCCCCC#CCOC(=O)OC(C/C=C\CCCCCCCCOC(=O)CCN(CCC(=O)OCCCCCCCC/C=C\CC(CCCCCC)OC(=O)OCC#CCCCCC)CCN(CC)CC)CCCCCC,-0.887001353,lung_epithelium
CCCC#CCOC(=O)OC(C/C=C\CCCCCCCCOC(=O)CCN(CCC(=O)OCCCCCCCC/C=C\CC(CCCCCC)OC(=O)OCC#CCCC)CCN(CC)CC)CCCCCC,-0.9718653,lung_epithelium
CCCC#CCOC(=O)OC(C/C=C\CCCCCCCCOC(=O)CCN(CCCN(C)C)CCC(=O)OCCCCCCCC/C=C\CC(CCCCCC)OC(=O)OCC#CCCC)CCCCCC,-1.079377099,lung_epithelium
CCCCCCCCCCCCCCCCCCOC(=O)OC(C/C=C\CCCCCCCCOC(=O)CCN(CCCN(C)C)CCC(=O)OCCCCCCCC/C=C\CC(CCCCCC)OC(=O)OCCCCCCCCCCCCCCCCCC)CCCCCC,-1.556407195,lung_epithelium
CCC#CCOC(=O)OC(C/C=C\CCCCCCCCOC(=O)CCN(C)CCN(CCN(C)CCC(=O)OCCCCCCCC/C=C\CC(CCCCCC)OC(=O)OCC#CCC)CCN(C)CCC(=O)OCCCCCCCC/C=C\CC(CCCCCC)OC(=O)OCC#CCC)CCCCCC,-0.104576466,lung_epithelium
CCCCCCC#CCOC(=O)OC(C/C=C\CCCCCCCCOC(=O)CCN(C)CCN(CCN(C)CCC(=O)OCCCCCCCC/C=C\CC(CCCCCC)OC(=O)OCC#CCCCCCC)CCN(C)CCC(=O)OCCCCCCCC/C=C\CC(CCCCCC)OC(=O)OCC#CCCCCCC)CCCCCC,-0.270499978,lung_epithelium
CCCCCC#CCOC(=O)OC(C/C=C\CCCCCCCCOC(=O)CCN(CCC(=O)OCCCCCCCC/C=C\CC(CCCCCC)OC(=O)OCC#CCCCCC)CCN1CCCCC1)CCCCCC,0.102827924,lung_epithelium
CCCCCCC#CCOC(=O)OC(C/C=C\CCCCCCCCOC(=O)CCN(CCC(=O)OCCCCCCCC/C=C\CC(CCCCCC)OC(=O)OCC#CCCCCCC)CCN1CCCCC1)CCCCCC,-0.146057344,lung_epithelium
CCCCCC#CCOC(=O)OC(C/C=C\CCCCCCCCOC(=O)CCN(CCC(=O)OCCCCCCCC/C=C\CC(CCCCCC)OC(=O)OCC#CCCCCC)CCN(C)C)CCCCCC,-0.975674904,lung_epithelium
CCCCCC#CCOC(=O)OC(C/C=C\CCCCCCCCOC(=O)CCN(CCC(=O)OCCCCCCCC/C=C\CC(CCCCCC)OC(=O)OCC#CCCCCC)CCN(CC)CC)CCCCCC,-0.291240417,lung_epithelium
CCCCCCC#CCOC(=O)OC(C/C=C\CCCCCCCCOC(=O)CCN(CCC(=O)OCCCCCCCC/C=C\CC(CCCCCC)OC(=O)OCC#CCCCCCC)CCN(CC)CC)CCCCCC,0.828743289,lung_epithelium
CCCCC#CCCOC(=O)OC(C/C=C\CCCCCCCCOC(=O)CCN(CCC(=O)OCCCCCCCC/C=C\CC(CCCCCC)OC(=O)OCCC#CCCCC)CCN(CC)CC)CCCCCC,0.890964606,lung_epithelium
CCCCCC#CCOC(=O)OC(C/C=C\CCCCCCCCOC(=O)CCN1CCN(CCC(=O)OCCCCCCCC/C=C\CC(CCCCCC)OC(=O)OCC#CCCCCC)CCN(CCC(=O)OCCCCCCCC/C=C\CC(CCCCCC)OC(=O)OCC#CCCCCC)CC1)CCCCCC,0.330972753,lung_epithelium
CCCCCCCCCCC(O)CN(CCCCC1NC(=O)C(CCCCN(CC(O)CCCCCCCCCC)CC(O)CCCCCCCCCC)NC1=O)CC(O)CCCCCCCCCC,1.630336152,lung_epithelium
CCCCCCC#CCOC(=O)OC(C/C=C\CCCCCCCCOC(=O)CCN(CCC(=O)OCCCCCCCC/C=C\CC(CCCCCC)OC(=O)OCC#CCCCCCC)CCN(CC)CC)CCCCCC,-0.383951218,lung_epithelium
CCCCCCC#CCCOC(=O)OC(C/C=C\CCCCCCCCOC(=O)CCN(C)CCN(CCN(C)CCC(=O)OCCCCCCCC/C=C\CC(CCCCCC)OC(=O)OCCC#CCCCCCC)CCN(C)CCC(=O)OCCCCCCCC/C=C\CC(CCCCCC)OC(=O)OCCC#CCCCCCC)CCCCCC,-0.887171514,lung_epithelium
CCCCC#CCCOC(=O)OC(C/C=C\CCCCCCCCOC(=O)CCN(C)CCN(CCN(C)CCC(=O)OCCCCCCCC/C=C\CC(CCCCCC)OC(=O)OCCC#CCCCC)CCN(C)CCC(=O)OCCCCCCCC/C=C\CC(CCCCCC)OC(=O)OCCC#CCCCC)CCCCCC,-1.081343431,lung_epithelium
CCCCCCC#CCOC(=O)OC(C/C=C\CCCCCCCCOC(=O)CCN(C)CCN(CCN(C)CCC(=O)OCCCCCCCC/C=C\CC(CCCCCC)OC(=O)OCC#CCCCCCC)CCN(C)CCC(=O)OCCCCCCCC/C=C\CC(CCCCCC)OC(=O)OCC#CCCCCCC)CCCCCC,-1.141942622,lung_epithelium
CCCCCCC#CCOC(=O)OC(C/C=C\CCCCCCCCOC(=O)CCN(CCC(=O)OCCCCCCCC/C=C\CC(CCCCCC)OC(=O)OCC#CCCCCCC)CCN1CCCCC1)CCCCCC,-1.144045084,lung_epithelium
CCCCCC#CCOC(=O)OC(C/C=C\CCCCCCCCOC(=O)CCN(CCC(=O)OCCCCCCCC/C=C\CC(CCCCCC)OC(=O)OCC#CCCCCC)CCN(CC)CC)CCCCCC,-1.150311416,lung_epithelium
CCC#CCOC(=O)OC(C/C=C\CCCCCCCCOC(=O)CCN(C)CCN(CCN(C)CCC(=O)OCCCCCCCC/C=C\CC(CCCCCC)OC(=O)OCC#CCC)CCN(C)CCC(=O)OCCCCCCCC/C=C\CC(CCCCCC)OC(=O)OCC#CCC)CCCCCC,-1.358655285,lung_epithelium
CC/C=C\C/C=C\C/C=C\C/C=C\C/C=C\CCCC(=O)OC(C/C=C\CCCCCCCCOC(=O)CCN(CCCN(CC)CC)CCC(=O)OCCCCCCCC/C=C\CC(CCCCCC)OC(=O)CCC/C=C\C/C=C\C/C=C\C/C=C\C/C=C\CC)CCCCCC,2.340266307,liver
CC/C=C\C/C=C\C/C=C\C/C=C\C/C=C\CCCC(=O)OC(C/C=C\CCCCCCCCOC(=O)CCN(CCCN(CC)CC)CCC(=O)OCCCCCCCC/C=C\CC(CCCCCC)OC(=O)CCC/C=C\C/C=C\C/C=C\C/C=C\C/C=C\CC)CCCCCC,1.786693943,liver
CC/C=C\C/C=C\C/C=C\C/C=C\C/C=C\CCCC(=O)OC(C/C=C\CCCCCCCCOC(=O)CCN(CCCN(CC)CC)CCC(=O)OCCCCCCCC/C=C\CC(CCCCCC)OC(=O)CCC/C=C\C/C=C\C/C=C\C/C=C\C/C=C\CC)CCCCCC,1.463591817,liver
CC/C=C\C/C=C\C/C=C\C/C=C\C/C=C\CCCC(=O)OC(C/C=C\CCCCCCCCOC(=O)CCN(CCCN(CC)CC)CCC(=O)OCCCCCCCC/C=C\CC(CCCCCC)OC(=O)CCC/C=C\C/C=C\C/C=C\C/C=C\C/C=C\CC)CCCCCC,0.943975796,liver
CC/C=C\C/C=C\C/C=C\C/C=C\C/C=C\CCCC(=O)OC(C/C=C\CCCCCCCCOC(=O)CCN(CCCN(CC)CC)CCC(=O)OCCCCCCCC/C=C\CC(CCCCCC)OC(=O)CCC/C=C\C/C=C\C/C=C\C/C=C\C/C=C\CC)CCCCCC,0.902408537,liver
CC/C=C\C/C=C\C/C=C\C/C=C\C/C=C\CCCC(=O)OC(C/C=C\CCCCCCCCOC(=O)CCN(CCCN(CC)CC)CCC(=O)OCCCCCCCC/C=C\CC(CCCCCC)OC(=O)CCC/C=C\C/C=C\C/C=C\C/C=C\C/C=C\CC)CCCCCC,0.853914001,liver
CC/C=C\C/C=C\C/C=C\C/C=C\C/C=C\CCCC(=O)OC(C/C=C\CCCCCCCCOC(=O)CCN(CCCN(CC)CC)CCC(=O)OCCCCCCCC/C=C\CC(CCCCCC)OC(=O)CCC/C=C\C/C=C\C/C=C\C/C=C\C/C=C\CC)CCCCCC,0.397691808,liver
CC/C=C\C/C=C\C/C=C\C/C=C\C/C=C\CCCC(=O)OC(C/C=C\CCCCCCCCOC(=O)CCN(CCCN(CC)CC)CCC(=O)OCCCCCCCC/C=C\CC(CCCCCC)OC(=O)CCC/C=C\C/C=C\C/C=C\C/C=C\C/C=C\CC)CCCCCC,0.322801414,liver
CC/C=C\C/C=C\C/C=C\C/C=C\C/C=C\CCCC(=O)OC(C/C=C\CCCCCCCCOC(=O)CCN(CCCN(CC)CC)CCC(=O)OCCCCCCCC/C=C\CC(CCCCCC)OC(=O)CCC/C=C\C/C=C\C/C=C\C/C=C\C/C=C\CC)CCCCCC,0.240664753,liver
CC/C=C\C/C=C\C/C=C\C/C=C\C/C=C\CCCC(=O)OC(C/C=C\CCCCCCCCOC(=O)CCN(CCCN(CC)CC)CCC(=O)OCCCCCCCC/C=C\CC(CCCCCC)OC(=O)CCC/C=C\C/C=C\C/C=C\C/C=C\C/C=C\CC)CCCCCC,0.005477211,liver
CC/C=C\C/C=C\C/C=C\C/C=C\C/C=C\CCCC(=O)OC(C/C=C\CCCCCCCCOC(=O)CCN(CCCN(CC)CC)CCC(=O)OCCCCCCCC/C=C\CC(CCCCCC)OC(=O)CCC/C=C\C/C=C\C/C=C\C/C=C\C/C=C\CC)CCCCCC,0.002520724,liver
CC/C=C\C/C=C\C/C=C\C/C=C\C/C=C\CCCC(=O)OC(C/C=C\CCCCCCCCOC(=O)CCN(CCCN(CC)CC)CCC(=O)OCCCCCCCC/C=C\CC(CCCCCC)OC(=O)CCC/C=C\C/C=C\C/C=C\C/C=C\C/C=C\CC)CCCCCC,-0.060205013,liver
CC/C=C\C/C=C\C/C=C\C/C=C\C/C=C\CCCC(=O)OC(C/C=C\CCCCCCCCOC(=O)CCN(CCCN(CC)CC)CCC(=O)OCCCCCCCC/C=C\CC(CCCCCC)OC(=O)CCC/C=C\C/C=C\C/C=C\C/C=C\C/C=C\CC)CCCCCC,-0.343492816,liver
CC/C=C\C/C=C\C/C=C\C/C=C\C/C=C\CCCC(=O)OC(C/C=C\CCCCCCCCOC(=O)CCN(CCCN(CC)CC)CCC(=O)OCCCCCCCC/C=C\CC(CCCCCC)OC(=O)CCC/C=C\C/C=C\C/C=C\C/C=C\C/C=C\CC)CCCCCC,-0.442942225,liver
CC/C=C\C/C=C\C/C=C\C/C=C\C/C=C\CCCC(=O)OC(C/C=C\CCCCCCCCOC(=O)CCN(CCCN(CC)CC)CCC(=O)OCCCCCCCC/C=C\CC(CCCCCC)OC(=O)CCC/C=C\C/C=C\C/C=C\C/C=C\C/C=C\CC)CCCCCC,-0.539168166,liver
CC/C=C\C/C=C\C/C=C\C/C=C\C/C=C\CCCC(=O)OC(C/C=C\CCCCCCCCOC(=O)CCN(CCCN(CC)CC)CCC(=O)OCCCCCCCC/C=C\CC(CCCCCC)OC(=O)CCC/C=C\C/C=C\C/C=C\C/C=C\C/C=C\CC)CCCCCC,-0.613322143,liver
CC/C=C\C/C=C\C/C=C\C/C=C\C/C=C\CCCC(=O)OC(C/C=C\CCCCCCCCOC(=O)CCN(CCCN(CC)CC)CCC(=O)OCCCCCCCC/C=C\CC(CCCCCC)OC(=O)CCC/C=C\C/C=C\C/C=C\C/C=C\C/C=C\CC)CCCCCC,-0.739132414,liver
CC/C=C\C/C=C\C/C=C\C/C=C\C/C=C\CCCC(=O)OC(C/C=C\CCCCCCCCOC(=O)CCN(CCCN(CC)CC)CCC(=O)OCCCCCCCC/C=C\CC(CCCCCC)OC(=O)CCC/C=C\C/C=C\C/C=C\C/C=C\C/C=C\CC)CCCCCC,-0.80174208,liver
CC/C=C\C/C=C\C/C=C\C/C=C\C/C=C\CCCC(=O)OC(C/C=C\CCCCCCCCOC(=O)CCN(CCCN(CC)CC)CCC(=O)OCCCCCCCC/C=C\CC(CCCCCC)OC(=O)CCC/C=C\C/C=C\C/C=C\C/C=C\C/C=C\CC)CCCCCC,-0.884681288,liver
CC/C=C\C/C=C\C/C=C\C/C=C\C/C=C\CCCC(=O)OC(C/C=C\CCCCCCCCOC(=O)CCN(CCCN(CC)CC)CCC(=O)OCCCCCCCC/C=C\CC(CCCCCC)OC(=O)CCC/C=C\C/C=C\C/C=C\C/C=C\C/C=C\CC)CCCCCC,-0.932505556,liver
CC/C=C\C/C=C\C/C=C\C/C=C\C/C=C\CCCC(=O)OC(C/C=C\CCCCCCCCOC(=O)CCN(CCCN(CC)CC)CCC(=O)OCCCCCCCC/C=C\CC(CCCCCC)OC(=O)CCC/C=C\C/C=C\C/C=C\C/C=C\C/C=C\CC)CCCCCC,-1.00290886,liver
CC/C=C\C/C=C\C/C=C\C/C=C\C/C=C\CCCC(=O)OC(C/C=C\CCCCCCCCOC(=O)CCN(CCCN(CC)CC)CCC(=O)OCCCCCCCC/C=C\CC(CCCCCC)OC(=O)CCC/C=C\C/C=C\C/C=C\C/C=C\C/C=C\CC)CCCCCC,-1.00425248,liver
CC/C=C\C/C=C\C/C=C\C/C=C\C/C=C\CCCC(=O)OC(C/C=C\CCCCCCCCOC(=O)CCN(CCCN(CC)CC)CCC(=O)OCCCCCCCC/C=C\CC(CCCCCC)OC(=O)CCC/C=C\C/C=C\C/C=C\C/C=C\C/C=C\CC)CCCCCC,-1.89565327,liver
CC/C=C\CCC(=O)OC(C/C=C\CCCCCCCCOC(=O)CCN(CCCN(C)C)CCC(=O)OCCCCCCCC/C=C\CC(CCCCCC)OC(=O)CC/C=C\CC)CCCCCC,-0.304503584,liver
CCCCCCCCCCCC(=O)OC(C/C=C\CCCCCCCCOC(=O)CCN(CCCN(C)C)CCC(=O)OCCCCCCCC/C=C\CC(CCCCCC)OC(=O)CCCCCCCCCCC)CCCCCC,-0.304503584,liver
CCCCCCCCCCCCCC(=O)OC(C/C=C\CCCCCCCCOC(=O)CCN(CCCN(C)C)CCC(=O)OCCCCCCCC/C=C\CC(CCCCCC)OC(=O)CCCCCCCCCCCCC)CCCCCC,-0.304503584,liver
CCCCCCCCCCCCCCCC(=O)OC(C/C=C\CCCCCCCCOC(=O)CCN(CCCN(C)C)CCC(=O)OCCCCCCCC/C=C\CC(CCCCCC)OC(=O)CCCCCCCCCCCCCCC)CCCCCC,-0.304503584,liver
CCCCCCCCC(CCCCCC)C(=O)OC(C/C=C\CCCCCCCCOC(=O)CCN(CCCN(C)C)CCC(=O)OCCCCCCCC/C=C\CC(CCCCCC)OC(=O)C(CCCCCC)CCCCCCCC)CCCCCC,-0.304503584,liver
CCCCC/C=C\CCC(=O)OC(C/C=C\CCCCCCCCOC(=O)CCN(CCCN(C)C)CCC(=O)OCCCCCCCC/C=C\CC(CCCCCC)OC(=O)CC/C=C\CCCCC)CCCCCC,-0.304503584,liver
CCCCC/C=C\C/C=C\C/C=C\C/C=C\CCCC(=O)OC(C/C=C\CCCCCCCCOC(=O)CCN(CCCN(C)C)CCC(=O)OCCCCCCCC/C=C\CC(CCCCCC)OC(=O)CCC/C=C\C/C=C\C/C=C\C/C=C\CCCCC)CCCCCC,-0.304503584,liver
CC/C=C\C/C=C\C/C=C\C/C=C\C/C=C\C/C=C\CCC(=O)OC(C/C=C\CCCCCCCCOC(=O)CCN(CCCN(C)C)CCC(=O)OCCCCCCCC/C=C\CC(CCCCCC)OC(=O)CC/C=C\C/C=C\C/C=C\C/C=C\C/C=C\C/C=C\CC)CCCCCC,3.076099266,liver
CCCCCCC(C/C=C\CCCCCCCCOC(=O)CCN(CCCN(C)C)CCC(=O)OCCCCCCCC/C=C\CC(CCCCCC)OC(=O)CCCCC)OC(=O)CCCCC,-0.304503584,liver
CCCCCCC(=O)OC(C/C=C\CCCCCCCCOC(=O)CCN(CCCN(C)C)CCC(=O)OCCCCCCCC/C=C\CC(CCCCCC)OC(=O)CCCCCC)CCCCCC,-0.304503584,liver
CCCCCCCC(=O)OC(C/C=C\CCCCCCCCOC(=O)CCN(CCCN(C)C)CCC(=O)OCCCCCCCC/C=C\CC(CCCCCC)OC(=O)CCCCCCC)CCCCCC,-0.304503584,liver
CCCCCCCCCCCCCCCCCC(=O)OC(C/C=C\CCCCCCCCOC(=O)CCN(CCCN(C)C)CCC(=O)OCCCCCCCC/C=C\CC(CCCCCC)OC(=O)CCCCCCCCCCCCCCCCC)CCCCCC,-0.304503584,liver
CCCCCCCC/C=C\CCCCCCCC(=O)OC(C/C=C\CCCCCCCCOC(=O)CCN(CCCN(C)C)CCC(=O)OCCCCCCCC/C=C\CC(CCCCCC)OC(=O)CCCCCCC/C=C\CCCCCCCC)CCCCCC,-0.304503584,liver
CCCCC/C=C\C/C=C\CCCCCCCC(=O)OC(C/C=C\CCCCCCCCOC(=O)CCN(CCCN(C)C)CCC(=O)OCCCCCCCC/C=C\CC(CCCCCC)OC(=O)CCCCCCC/C=C\C/C=C\CCCCC)CCCCCC,-0.304503584,liver
CC/C=C\C/C=C\C/C=C\C/C=C\C/C=C\CCCC(=O)OC(C/C=C\CCCCCCCCOC(=O)CCN(CCCN(C)C)CCC(=O)OCCCCCCCC/C=C\CC(CCCCCC)OC(=O)CCC/C=C\C/C=C\C/C=C\C/C=C\C/C=C\CC)CCCCCC,3.666113941,liver
CCCCCCCCCCC(=O)OC(C/C=C\CCCCCCCCOC(=O)CCN(CCCN(C)C)CCC(=O)OCCCCCCCC/C=C\CC(CCCCCC)OC(=O)CCCCCCCCCC)CCCCCC,-0.304503584,liver
CC/C=C\CCC(=O)OC(C/C=C\CCCCCCCCOC(=O)CCN(CCC(=O)OCCCCCCCC/C=C\CC(CCCCCC)OC(=O)CC/C=C\CC)CCN(C)C)CCCCCC,-0.304503584,liver
CCCCCCCCCCCC(=O)OC(C/C=C\CCCCCCCCOC(=O)CCN(CCC(=O)OCCCCCCCC/C=C\CC(CCCCCC)OC(=O)CCCCCCCCCCC)CCN(C)C)CCCCCC,-0.304503584,liver
CCCCCCCCCCCCCC(=O)OC(C/C=C\CCCCCCCCOC(=O)CCN(CCC(=O)OCCCCCCCC/C=C\CC(CCCCCC)OC(=O)CCCCCCCCCCCCC)CCN(C)C)CCCCCC,-0.304503584,liver
CCCCCCCCCCCCCCCC(=O)OC(C/C=C\CCCCCCCCOC(=O)CCN(CCC(=O)OCCCCCCCC/C=C\CC(CCCCCC)OC(=O)CCCCCCCCCCCCCCC)CCN(C)C)CCCCCC,-0.304503584,liver
CCCCCCCCC(CCCCCC)C(=O)OC(C/C=C\CCCCCCCCOC(=O)CCN(CCC(=O)OCCCCCCCC/C=C\CC(CCCCCC)OC(=O)C(CCCCCC)CCCCCCCC)CCN(C)C)CCCCCC,-0.304503584,liver
CCCCC/C=C\CCC(=O)OC(C/C=C\CCCCCCCCOC(=O)CCN(CCC(=O)OCCCCCCCC/C=C\CC(CCCCCC)OC(=O)CC/C=C\CCCCC)CCN(C)C)CCCCCC,-0.304503584,liver
CCCCC/C=C\C/C=C\C/C=C\C/C=C\CCCC(=O)OC(C/C=C\CCCCCCCCOC(=O)CCN(CCC(=O)OCCCCCCCC/C=C\CC(CCCCCC)OC(=O)CCC/C=C\C/C=C\C/C=C\C/C=C\CCCCC)CCN(C)C)CCCCCC,-0.304503584,liver
CC/C=C\C/C=C\C/C=C\C/C=C\C/C=C\C/C=C\CCC(=O)OC(C/C=C\CCCCCCCCOC(=O)CCN(CCC(=O)OCCCCCCCC/C=C\CC(CCCCCC)OC(=O)CC/C=C\C/C=C\C/C=C\C/C=C\C/C=C\C/C=C\CC)CCN(C)C)CCCCCC,3.752938486,liver
CCCCCCC(C/C=C\CCCCCCCCOC(=O)CCN(CCC(=O)OCCCCCCCC/C=C\CC(CCCCCC)OC(=O)CCCCC)CCN(C)C)OC(=O)CCCCC,-0.304503584,liver
CCCCCCC(=O)OC(C/C=C\CCCCCCCCOC(=O)CCN(CCC(=O)OCCCCCCCC/C=C\CC(CCCCCC)OC(=O)CCCCCC)CCN(C)C)CCCCCC,-0.304503584,liver
CCCCCCCC(=O)OC(C/C=C\CCCCCCCCOC(=O)CCN(CCC(=O)OCCCCCCCC/C=C\CC(CCCCCC)OC(=O)CCCCCCC)CCN(C)C)CCCCCC,-0.304503584,liver
CCCCCCCCCCCCCCCCCC(=O)OC(C/C=C\CCCCCCCCOC(=O)CCN(CCC(=O)OCCCCCCCC/C=C\CC(CCCCCC)OC(=O)CCCCCCCCCCCCCCCCC)CCN(C)C)CCCCCC,-0.304503584,liver
CCCCCCCC/C=C\CCCCCCCC(=O)OC(C/C=C\CCCCCCCCOC(=O)CCN(CCC(=O)OCCCCCCCC/C=C\CC(CCCCCC)OC(=O)CCCCCCC/C=C\CCCCCCCC)CCN(C)C)CCCCCC,-0.304503584,liver
CCCCC/C=C\C/C=C\CCCCCCCC(=O)OC(C/C=C\CCCCCCCCOC(=O)CCN(CCC(=O)OCCCCCCCC/C=C\CC(CCCCCC)OC(=O)CCCCCCC/C=C\C/C=C\CCCCC)CCN(C)C)CCCCCC,-0.304503584,liver
CCCCCCC(C/C=C\CCCCCCCCOC(=O)CCN(CCC(=O)OCCCCCCCC/C=C\CC(CCCCCC)OC(=O)CCCCC)CCc1ccncc1)OC(=O)CCCCC,0.47558252,liver
CCCCCCCCCCC(=O)OC(C/C=C\CCCCCCCCOC(=O)CCN(CCC(=O)OCCCCCCCC/C=C\CC(CCCCCC)OC(=O)CCCCCCCCCC)CCN(C)C)CCCCCC,-0.304503584,liver
CC/C=C\CCC(=O)OC(C/C=C\CCCCCCCCOC(=O)CCN(CCCN(CC)CC)CCC(=O)OCCCCCCCC/C=C\CC(CCCCCC)OC(=O)CC/C=C\CC)CCCCCC,-0.304503584,liver
CCCCCCCCCCCC(=O)OC(C/C=C\CCCCCCCCOC(=O)CCN(CCCN(CC)CC)CCC(=O)OCCCCCCCC/C=C\CC(CCCCCC)OC(=O)CCCCCCCCCCC)CCCCCC,-0.304503584,liver
CCCCCCCCCCCCCC(=O)OC(C/C=C\CCCCCCCCOC(=O)CCN(CCCN(CC)CC)CCC(=O)OCCCCCCCC/C=C\CC(CCCCCC)OC(=O)CCCCCCCCCCCCC)CCCCCC,-0.304503584,liver
CCCCCCCCCCCCCCCC(=O)OC(C/C=C\CCCCCCCCOC(=O)CCN(CCCN(CC)CC)CCC(=O)OCCCCCCCC/C=C\CC(CCCCCC)OC(=O)CCCCCCCCCCCCCCC)CCCCCC,-0.304503584,liver
CCCCCCCCC(CCCCCC)C(=O)OC(C/C=C\CCCCCCCCOC(=O)CCN(CCCN(CC)CC)CCC(=O)OCCCCCCCC/C=C\CC(CCCCCC)OC(=O)C(CCCCCC)CCCCCCCC)CCCCCC,-0.304503584,liver
CCCCC/C=C\CCC(=O)OC(C/C=C\CCCCCCCCOC(=O)CCN(CCCN(CC)CC)CCC(=O)OCCCCCCCC/C=C\CC(CCCCCC)OC(=O)CC/C=C\CCCCC)CCCCCC,-0.304503584,liver
CCCCC/C=C\C/C=C\C/C=C\C/C=C\CCCC(=O)OC(C/C=C\CCCCCCCCOC(=O)CCN(CCCN(CC)CC)CCC(=O)OCCCCCCCC/C=C\CC(CCCCCC)OC(=O)CCC/C=C\C/C=C\C/C=C\C/C=C\CCCCC)CCCCCC,-0.304503584,liver
CC/C=C\C/C=C\C/C=C\C/C=C\C/C=C\C/C=C\CCC(=O)OC(C/C=C\CCCCCCCCOC(=O)CCN(CCCN(CC)CC)CCC(=O)OCCCCCCCC/C=C\CC(CCCCCC)OC(=O)CC/C=C\C/C=C\C/C=C\C/C=C\C/C=C\C/C=C\CC)CCCCCC,3.055411551,liver
CCCCCCC(C/C=C\CCCCCCCCOC(=O)CCN(CCCN(CC)CC)CCC(=O)OCCCCCCCC/C=C\CC(CCCCCC)OC(=O)CCCCC)OC(=O)CCCCC,-0.304503584,liver
CCCCCCC(=O)OC(C/C=C\CCCCCCCCOC(=O)CCN(CCCN(CC)CC)CCC(=O)OCCCCCCCC/C=C\CC(CCCCCC)OC(=O)CCCCCC)CCCCCC,-0.304503584,liver
CCCCCCCC(=O)OC(C/C=C\CCCCCCCCOC(=O)CCN(CCCN(CC)CC)CCC(=O)OCCCCCCCC/C=C\CC(CCCCCC)OC(=O)CCCCCCC)CCCCCC,-0.304503584,liver
CCCCCCCCCCCCCCCCCC(=O)OC(C/C=C\CCCCCCCCOC(=O)CCN(CCCN(CC)CC)CCC(=O)OCCCCCCCC/C=C\CC(CCCCCC)OC(=O)CCCCCCCCCCCCCCCCC)CCCCCC,-0.304503584,liver
CCCCCCCC/C=C\CCCCCCCC(=O)OC(C/C=C\CCCCCCCCOC(=O)CCN(CCCN(CC)CC)CCC(=O)OCCCCCCCC/C=C\CC(CCCCCC)OC(=O)CCCCCCC/C=C\CCCCCCCC)CCCCCC,-0.304503584,liver
CCCCC/C=C\C/C=C\CCCCCCCC(=O)OC(C/C=C\CCCCCCCCOC(=O)CCN(CCCN(CC)CC)CCC(=O)OCCCCCCCC/C=C\CC(CCCCCC)OC(=O)CCCCCCC/C=C\C/C=C\CCCCC)CCCCCC,-0.304503584,liver
CC/C=C\C/C=C\C/C=C\C/C=C\C/C=C\CCCC(=O)OC(C/C=C\CCCCCCCCOC(=O)CCN(CCCN(CC)CC)CCC(=O)OCCCCCCCC/C=C\CC(CCCCCC)OC(=O)CCC/C=C\C/C=C\C/C=C\C/C=C\C/C=C\CC)CCCCCC,6.038629821,liver
CCCCCCCCCCC(=O)OC(C/C=C\CCCCCCCCOC(=O)CCN(CCCN(CC)CC)CCC(=O)OCCCCCCCC/C=C\CC(CCCCCC)OC(=O)CCCCCCCCCC)CCCCCC,-0.304503584,liver
CC/C=C\CCC(=O)OC(C/C=C\CCCCCCCCOC(=O)CCN(CCC(=O)OCCCCCCCC/C=C\CC(CCCCCC)OC(=O)CC/C=C\CC)CCN(CC)CC)CCCCCC,-0.304503584,liver
CCCCCCCCCCCC(=O)OC(C/C=C\CCCCCCCCOC(=O)CCN(CCC(=O)OCCCCCCCC/C=C\CC(CCCCCC)OC(=O)CCCCCCCCCCC)CCN(CC)CC)CCCCCC,-0.304503584,liver
CCCCCCCCCCCCCC(=O)OC(C/C=C\CCCCCCCCOC(=O)CCN(CCC(=O)OCCCCCCCC/C=C\CC(CCCCCC)OC(=O)CCCCCCCCCCCCC)CCN(CC)CC)CCCCCC,-0.304503584,liver
CCCCCCCCCCCCCCCC(=O)OC(C/C=C\CCCCCCCCOC(=O)CCN(CCC(=O)OCCCCCCCC/C=C\CC(CCCCCC)OC(=O)CCCCCCCCCCCCCCC)CCN(CC)CC)CCCCCC,1.094051887,liver
CCCCCCCCC(CCCCCC)C(=O)OC(C/C=C\CCCCCCCCOC(=O)CCN(CCC(=O)OCCCCCCCC/C=C\CC(CCCCCC)OC(=O)C(CCCCCC)CCCCCCCC)CCN(CC)CC)CCCCCC,-0.304503584,liver
CCCCC/C=C\CCC(=O)OC(C/C=C\CCCCCCCCOC(=O)CCN(CCC(=O)OCCCCCCCC/C=C\CC(CCCCCC)OC(=O)CC/C=C\CCCCC)CCN(CC)CC)CCCCCC,-0.304503584,liver
CCCCC/C=C\C/C=C\C/C=C\C/C=C\CCCC(=O)OC(C/C=C\CCCCCCCCOC(=O)CCN(CCC(=O)OCCCCCCCC/C=C\CC(CCCCCC)OC(=O)CCC/C=C\C/C=C\C/C=C\C/C=C\CCCCC)CCN(CC)CC)CCCCCC,-0.304503584,liver
CC/C=C\C/C=C\C/C=C\C/C=C\C/C=C\C/C=C\CCC(=O)OC(C/C=C\CCCCCCCCOC(=O)CCN(CCC(=O)OCCCCCCCC/C=C\CC(CCCCCC)OC(=O)CC/C=C\C/C=C\C/C=C\C/C=C\C/C=C\C/C=C\CC)CCN(CC)CC)CCCCCC,2.57465692,liver
CCCCCCC(C/C=C\CCCCCCCCOC(=O)CCN(CCC(=O)OCCCCCCCC/C=C\CC(CCCCCC)OC(=O)CCCCC)CCN(CC)CC)OC(=O)CCCCC,-0.304503584,liver
CCCCCCC(=O)OC(C/C=C\CCCCCCCCOC(=O)CCN(CCC(=O)OCCCCCCCC/C=C\CC(CCCCCC)OC(=O)CCCCCC)CCN(CC)CC)CCCCCC,-0.304503584,liver
CCCCCCCC(=O)OC(C/C=C\CCCCCCCCOC(=O)CCN(CCC(=O)OCCCCCCCC/C=C\CC(CCCCCC)OC(=O)CCCCCCC)CCN(CC)CC)CCCCCC,-0.304503584,liver
CCCCCCCCCCCCCCCCCC(=O)OC(C/C=C\CCCCCCCCOC(=O)CCN(CCC(=O)OCCCCCCCC/C=C\CC(CCCCCC)OC(=O)CCCCCCCCCCCCCCCCC)CCN(CC)CC)CCCCCC,0.906138189,liver
CCCCCCCC/C=C\CCCCCCCC(=O)OC(C/C=C\CCCCCCCCOC(=O)CCN(CCC(=O)OCCCCCCCC/C=C\CC(CCCCCC)OC(=O)CCCCCCC/C=C\CCCCCCCC)CCN(CC)CC)CCCCCC,-0.304503584,liver
CCCCC/C=C\C/C=C\CCCCCCCC(=O)OC(C/C=C\CCCCCCCCOC(=O)CCN(CCC(=O)OCCCCCCCC/C=C\CC(CCCCCC)OC(=O)CCCCCCC/C=C\C/C=C\CCCCC)CCN(CC)CC)CCCCCC,-0.304503584,liver
CC/C=C\C/C=C\C/C=C\C/C=C\C/C=C\CCCC(=O)OC(C/C=C\CCCCCCCCOC(=O)CCN(CCC(=O)OCCCCCCCC/C=C\CC(CCCCCC)OC(=O)CCC/C=C\C/C=C\C/C=C\C/C=C\C/C=C\CC)CCN(CC)CC)CCCCCC,-0.304503584,liver
CCCCCCCCCCC(=O)OC(C/C=C\CCCCCCCCOC(=O)CCN(CCC(=O)OCCCCCCCC/C=C\CC(CCCCCC)OC(=O)CCCCCCCCCC)CCN(CC)CC)CCCCCC,-0.304503584,liver
CC/C=C\CCC(=O)OC(C/C=C\CCCCCCCCOC(=O)CCN(C)CCCN(C)CCC(=O)OCCCCCCCC/C=C\CC(CCCCCC)OC(=O)CC/C=C\CC)CCCCCC,-0.304503584,liver
CCCCCCCCCCCC(=O)OC(C/C=C\CCCCCCCCOC(=O)CCN(C)CCCN(C)CCC(=O)OCCCCCCCC/C=C\CC(CCCCCC)OC(=O)CCCCCCCCCCC)CCCCCC,-0.304503584,liver
CCCCCCCCCCCCCC(=O)OC(C/C=C\CCCCCCCCOC(=O)CCN(C)CCCN(C)CCC(=O)OCCCCCCCC/C=C\CC(CCCCCC)OC(=O)CCCCCCCCCCCCC)CCCCCC,-0.304503584,liver
CCCCCCCCCCCCCCCC(=O)OC(C/C=C\CCCCCCCCOC(=O)CCN(C)CCCN(C)CCC(=O)OCCCCCCCC/C=C\CC(CCCCCC)OC(=O)CCCCCCCCCCCCCCC)CCCCCC,-0.304503584,liver
CCCCCCCCC(CCCCCC)C(=O)OC(C/C=C\CCCCCCCCOC(=O)CCN(C)CCCN(C)CCC(=O)OCCCCCCCC/C=C\CC(CCCCCC)OC(=O)C(CCCCCC)CCCCCCCC)CCCCCC,-0.304503584,liver
CCCCC/C=C\CCC(=O)OC(C/C=C\CCCCCCCCOC(=O)CCN(C)CCCN(C)CCC(=O)OCCCCCCCC/C=C\CC(CCCCCC)OC(=O)CC/C=C\CCCCC)CCCCCC,-0.304503584,liver
CCCCC/C=C\C/C=C\C/C=C\C/C=C\CCCC(=O)OC(C/C=C\CCCCCCCCOC(=O)CCN(C)CCCN(C)CCC(=O)OCCCCCCCC/C=C\CC(CCCCCC)OC(=O)CCC/C=C\C/C=C\C/C=C\C/C=C\CCCCC)CCCCCC,-0.304503584,liver
CC/C=C\C/C=C\C/C=C\C/C=C\C/C=C\C/C=C\CCC(=O)OC(C/C=C\CCCCCCCCOC(=O)CCN(C)CCCN(C)CCC(=O)OCCCCCCCC/C=C\CC(CCCCCC)OC(=O)CC/C=C\C/C=C\C/C=C\C/C=C\C/C=C\C/C=C\CC)CCCCCC,1.303338611,liver
CCCCCCC(C/C=C\CCCCCCCCOC(=O)CCN(C)CCCN(C)CCC(=O)OCCCCCCCC/C=C\CC(CCCCCC)OC(=O)CCCCC)OC(=O)CCCCC,-0.304503584,liver
CCCCCCC(=O)OC(C/C=C\CCCCCCCCOC(=O)CCN(C)CCCN(C)CCC(=O)OCCCCCCCC/C=C\CC(CCCCCC)OC(=O)CCCCCC)CCCCCC,-0.304503584,liver
CCCCCCCC(=O)OC(C/C=C\CCCCCCCCOC(=O)CCN(C)CCCN(C)CCC(=O)OCCCCCCCC/C=C\CC(CCCCCC)OC(=O)CCCCCCC)CCCCCC,-0.304503584,liver
CCCCCCCCCCCCCCCCCC(=O)OC(C/C=C\CCCCCCCCOC(=O)CCN(C)CCCN(C)CCC(=O)OCCCCCCCC/C=C\CC(CCCCCC)OC(=O)CCCCCCCCCCCCCCCCC)CCCCCC,-0.304503584,liver
CCCCCCCC/C=C\CCCCCCCC(=O)OC(C/C=C\CCCCCCCCOC(=O)CCN(C)CCCN(C)CCC(=O)OCCCCCCCC/C=C\CC(CCCCCC)OC(=O)CCCCCCC/C=C\CCCCCCCC)CCCCCC,-0.304503584,liver
CCCCC/C=C\C/C=C\CCCCCCCC(=O)OC(C/C=C\CCCCCCCCOC(=O)CCN(C)CCCN(C)CCC(=O)OCCCCCCCC/C=C\CC(CCCCCC)OC(=O)CCCCCCC/C=C\C/C=C\CCCCC)CCCCCC,-0.304503584,liver
CC/C=C\C/C=C\C/C=C\C/C=C\C/C=C\CCCC(=O)OC(C/C=C\CCCCCCCCOC(=O)CCN(C)CCCN(C)CCC(=O)OCCCCCCCC/C=C\CC(CCCCCC)OC(=O)CCC/C=C\C/C=C\C/C=C\C/C=C\C/C=C\CC)CCCCCC,-0.304503584,liver
CCCCCCCCCCC(=O)OC(C/C=C\CCCCCCCCOC(=O)CCN(C)CCCN(C)CCC(=O)OCCCCCCCC/C=C\CC(CCCCCC)OC(=O)CCCCCCCCCC)CCCCCC,-0.304503584,liver
CC/C=C\CCC(=O)OC(C/C=C\CCCCCCCCOC(=O)CCN(CCN(CC)CC)CCN(CC)CC)CCCCCC,-0.304503584,liver
CCCCCCCCCCCC(=O)OC(C/C=C\CCCCCCCCOC(=O)CCN(CCN(CC)CC)CCN(CC)CC)CCCCCC,-0.304503584,liver
CCCCCCCCCCCCCC(=O)OC(C/C=C\CCCCCCCCOC(=O)CCN(CCN(CC)CC)CCN(CC)CC)CCCCCC,-0.304503584,liver
CCCCCCCCCCCCCCCC(=O)OC(C/C=C\CCCCCCCCOC(=O)CCN(CCN(CC)CC)CCN(CC)CC)CCCCCC,-0.304503584,liver
CCCCCCCCC(CCCCCC)C(=O)OC(C/C=C\CCCCCCCCOC(=O)CCN(CCN(CC)CC)CCN(CC)CC)CCCCCC,-0.304503584,liver
CCCCC/C=C\CCC(=O)OC(C/C=C\CCCCCCCCOC(=O)CCN(CCN(CC)CC)CCN(CC)CC)CCCCCC,-0.304503584,liver
CCCCC/C=C\C/C=C\C/C=C\C/C=C\CCCC(=O)OC(C/C=C\CCCCCCCCOC(=O)CCN(CCN(CC)CC)CCN(CC)CC)CCCCCC,-0.304503584,liver
CC/C=C\C/C=C\C/C=C\C/C=C\C/C=C\C/C=C\CCC(=O)OC(C/C=C\CCCCCCCCOC(=O)CCN(CCN(CC)CC)CCN(CC)CC)CCCCCC,1.113122155,liver
CCCCCCC(C/C=C\CCCCCCCCOC(=O)CCN(CCN(CC)CC)CCN(CC)CC)OC(=O)CCCCC,-0.304503584,liver
CCCCCCC(=O)OC(C/C=C\CCCCCCCCOC(=O)CCN(CCN(CC)CC)CCN(CC)CC)CCCCCC,-0.304503584,liver
CCCCCCCC(=O)OC(C/C=C\CCCCCCCCOC(=O)CCN(CCN(CC)CC)CCN(CC)CC)CCCCCC,-0.304503584,liver
CCCCCCCCCCCCCCCCCC(=O)OC(C/C=C\CCCCCCCCOC(=O)CCN(CCN(CC)CC)CCN(CC)CC)CCCCCC,-0.304503584,liver
CCCCCCCC/C=C\CCCCCCCC(=O)OC(C/C=C\CCCCCCCCOC(=O)CCN(CCN(CC)CC)CCN(CC)CC)CCCCCC,-0.304503584,liver
CCCCC/C=C\C/C=C\CCCCCCCC(=O)OC(C/C=C\CCCCCCCCOC(=O)CCN(CCN(CC)CC)CCN(CC)CC)CCCCCC,-0.304503584,liver
CC/C=C\C/C=C\C/C=C\C/C=C\C/C=C\CCCC(=O)OC(C/C=C\CCCCCCCCOC(=O)CCN(CCN(CC)CC)CCN(CC)CC)CCCCCC,-0.304503584,liver
CCCCCCCCCCC(=O)OC(C/C=C\CCCCCCCCOC(=O)CCN(CCN(CC)CC)CCN(CC)CC)CCCCCC,-0.304503584,liver
CC/C=C\CCC(=O)OC(C/C=C\CCCCCCCCOC(=O)CCN(CCCN1CCN(C)CC1)CCC(=O)OCCCCCCCC/C=C\CC(CCCCCC)OC(=O)CC/C=C\CC)CCCCCC,-0.304503584,liver
CCCCCCCCCCCC(=O)OC(C/C=C\CCCCCCCCOC(=O)CCN(CCCN1CCN(C)CC1)CCC(=O)OCCCCCCCC/C=C\CC(CCCCCC)OC(=O)CCCCCCCCCCC)CCCCCC,-0.304503584,liver
CCCCCCCCCCCCCC(=O)OC(C/C=C\CCCCCCCCOC(=O)CCN(CCCN1CCN(C)CC1)CCC(=O)OCCCCCCCC/C=C\CC(CCCCCC)OC(=O)CCCCCCCCCCCCC)CCCCCC,-0.304503584,liver
CCCCCCCCCCCCCCCC(=O)OC(C/C=C\CCCCCCCCOC(=O)CCN(CCCN1CCN(C)CC1)CCC(=O)OCCCCCCCC/C=C\CC(CCCCCC)OC(=O)CCCCCCCCCCCCCCC)CCCCCC,-0.304503584,liver
CCCCCCCCC(CCCCCC)C(=O)OC(C/C=C\CCCCCCCCOC(=O)CCN(CCCN1CCN(C)CC1)CCC(=O)OCCCCCCCC/C=C\CC(CCCCCC)OC(=O)C(CCCCCC)CCCCCCCC)CCCCCC,-0.304503584,liver
CCCCC/C=C\CCC(=O)OC(C/C=C\CCCCCCCCOC(=O)CCN(CCCN1CCN(C)CC1)CCC(=O)OCCCCCCCC/C=C\CC(CCCCCC)OC(=O)CC/C=C\CCCCC)CCCCCC,-0.304503584,liver
CCCCC/C=C\C/C=C\C/C=C\C/C=C\CCCC(=O)OC(C/C=C\CCCCCCCCOC(=O)CCN(CCCN1CCN(C)CC1)CCC(=O)OCCCCCCCC/C=C\CC(CCCCCC)OC(=O)CCC/C=C\C/C=C\C/C=C\C/C=C\CCCCC)CCCCCC,-0.304503584,liver
CC/C=C\C/C=C\C/C=C\C/C=C\C/C=C\C/C=C\CCC(=O)OC(C/C=C\CCCCCCCCOC(=O)CCN(CCCN1CCN(C)CC1)CCC(=O)OCCCCCCCC/C=C\CC(CCCCCC)OC(=O)CC/C=C\C/C=C\C/C=C\C/C=C\C/C=C\C/C=C\CC)CCCCCC,1.873812747,liver
CCCCCCC(C/C=C\CCCCCCCCOC(=O)CCN(CCCN1CCN(C)CC1)CCC(=O)OCCCCCCCC/C=C\CC(CCCCCC)OC(=O)CCCCC)OC(=O)CCCCC,-0.304503584,liver
CCCCCCC(=O)OC(C/C=C\CCCCCCCCOC(=O)CCN(CCCN1CCN(C)CC1)CCC(=O)OCCCCCCCC/C=C\CC(CCCCCC)OC(=O)CCCCCC)CCCCCC,-0.304503584,liver
CCCCCCCC(=O)OC(C/C=C\CCCCCCCCOC(=O)CCN(CCCN1CCN(C)CC1)CCC(=O)OCCCCCCCC/C=C\CC(CCCCCC)OC(=O)CCCCCCC)CCCCCC,-0.304503584,liver
CCCCCCCCCCCCCCCCCC(=O)OC(C/C=C\CCCCCCCCOC(=O)CCN(CCCN1CCN(C)CC1)CCC(=O)OCCCCCCCC/C=C\CC(CCCCCC)OC(=O)CCCCCCCCCCCCCCCCC)CCCCCC,-0.304503584,liver
CCCCCCCC/C=C\CCCCCCCC(=O)OC(C/C=C\CCCCCCCCOC(=O)CCN(CCCN1CCN(C)CC1)CCC(=O)OCCCCCCCC/C=C\CC(CCCCCC)OC(=O)CCCCCCC/C=C\CCCCCCCC)CCCCCC,-0.304503584,liver
CCCCC/C=C\C/C=C\CCCCCCCC(=O)OC(C/C=C\CCCCCCCCOC(=O)CCN(CCCN1CCN(C)CC1)CCC(=O)OCCCCCCCC/C=C\CC(CCCCCC)OC(=O)CCCCCCC/C=C\C/C=C\CCCCC)CCCCCC,-0.304503584,liver
CC/C=C\C/C=C\C/C=C\C/C=C\C/C=C\CCCC(=O)OC(C/C=C\CCCCCCCCOC(=O)CCN(CCCN1CCN(C)CC1)CCC(=O)OCCCCCCCC/C=C\CC(CCCCCC)OC(=O)CCC/C=C\C/C=C\C/C=C\C/C=C\C/C=C\CC)CCCCCC,1.450229332,liver
CCCCCCCCCCC(=O)OC(C/C=C\CCCCCCCCOC(=O)CCN(CCCN1CCN(C)CC1)CCC(=O)OCCCCCCCC/C=C\CC(CCCCCC)OC(=O)CCCCCCCCCC)CCCCCC,-0.304503584,liver
CC/C=C\CCC(=O)OC(C/C=C\CCCCCCCCOC(=O)CCN(CCC(=O)OCCCCCCCC/C=C\CC(CCCCCC)OC(=O)CC/C=C\CC)CCc1ccncc1)CCCCCC,-0.304503584,liver
CCCCCCCCCCCC(=O)OC(C/C=C\CCCCCCCCOC(=O)CCN(CCC(=O)OCCCCCCCC/C=C\CC(CCCCCC)OC(=O)CCCCCCCCCCC)CCc1ccncc1)CCCCCC,-0.304503584,liver
CCCCCCCCCCCCCC(=O)OC(C/C=C\CCCCCCCCOC(=O)CCN(CCC(=O)OCCCCCCCC/C=C\CC(CCCCCC)OC(=O)CCCCCCCCCCCCC)CCc1ccncc1)CCCCCC,-0.304503584,liver
CCCCCCCCCCCCCCCC(=O)OC(C/C=C\CCCCCCCCOC(=O)CCN(CCC(=O)OCCCCCCCC/C=C\CC(CCCCCC)OC(=O)CCCCCCCCCCCCCCC)CCc1ccncc1)CCCCCC,-0.304503584,liver
CCCCCCCCC(CCCCCC)C(=O)OC(C/C=C\CCCCCCCCOC(=O)CCN(CCC(=O)OCCCCCCCC/C=C\CC(CCCCCC)OC(=O)C(CCCCCC)CCCCCCCC)CCc1ccncc1)CCCCCC,-0.304503584,liver
CCCCC/C=C\CCC(=O)OC(C/C=C\CCCCCCCCOC(=O)CCN(CCC(=O)OCCCCCCCC/C=C\CC(CCCCCC)OC(=O)CC/C=C\CCCCC)CCc1ccncc1)CCCCCC,-0.304503584,liver
CCCCC/C=C\C/C=C\C/C=C\C/C=C\CCCC(=O)OC(C/C=C\CCCCCCCCOC(=O)CCN(CCC(=O)OCCCCCCCC/C=C\CC(CCCCCC)OC(=O)CCC/C=C\C/C=C\C/C=C\C/C=C\CCCCC)CCc1ccncc1)CCCCCC,-0.304503584,liver
CC/C=C\C/C=C\C/C=C\C/C=C\C/C=C\C/C=C\CCC(=O)OC(C/C=C\CCCCCCCCOC(=O)CCN(CCC(=O)OCCCCCCCC/C=C\CC(CCCCCC)OC(=O)CC/C=C\C/C=C\C/C=C\C/C=C\C/C=C\C/C=C\CC)CCc1ccncc1)CCCCCC,1.234056956,liver
CCCCCCC(C/C=C\CCCCCCCCOC(=O)CCN(CCC(=O)OCCCCCCCC/C=C\CC(CCCCCC)OC(=O)CCCCC)CCc1ccncc1)OC(=O)CCCCC,-0.304503584,liver
CCCCCCC(=O)OC(C/C=C\CCCCCCCCOC(=O)CCN(CCC(=O)OCCCCCCCC/C=C\CC(CCCCCC)OC(=O)CCCCCC)CCc1ccncc1)CCCCCC,-0.304503584,liver
CCCCCCCC(=O)OC(C/C=C\CCCCCCCCOC(=O)CCN(CCC(=O)OCCCCCCCC/C=C\CC(CCCCCC)OC(=O)CCCCCCC)CCc1ccncc1)CCCCCC,-0.304503584,liver
CCCCCCCCCCCCCCCCCC(=O)OC(C/C=C\CCCCCCCCOC(=O)CCN(CCC(=O)OCCCCCCCC/C=C\CC(CCCCCC)OC(=O)CCCCCCCCCCCCCCCCC)CCc1ccncc1)CCCCCC,-0.304503584,liver
CCCCCCCC/C=C\CCCCCCCC(=O)OC(C/C=C\CCCCCCCCOC(=O)CCN(CCC(=O)OCCCCCCCC/C=C\CC(CCCCCC)OC(=O)CCCCCCC/C=C\CCCCCCCC)CCc1ccncc1)CCCCCC,-0.304503584,liver
CCCCC/C=C\C/C=C\CCCCCCCC(=O)OC(C/C=C\CCCCCCCCOC(=O)CCN(CCC(=O)OCCCCCCCC/C=C\CC(CCCCCC)OC(=O)CCCCCCC/C=C\C/C=C\CCCCC)CCc1ccncc1)CCCCCC,-0.304503584,liver
CC/C=C\C/C=C\C/C=C\C/C=C\C/C=C\CCCC(=O)OC(C/C=C\CCCCCCCCOC(=O)CCN(CCC(=O)OCCCCCCCC/C=C\CC(CCCCCC)OC(=O)CCC/C=C\C/C=C\C/C=C\C/C=C\C/C=C\CC)CCc1ccncc1)CCCCCC,1.527546871,liver
CCCCCCCCCCC(=O)OC(C/C=C\CCCCCCCCOC(=O)CCN(CCC(=O)OCCCCCCCC/C=C\CC(CCCCCC)OC(=O)CCCCCCCCCC)CCc1ccncc1)CCCCCC,-0.304503584,liver
CC/C=C\CCC(=O)OC(C/C=C\CCCCCCCCOC(=O)CCN(CCC(=O)OCCCCCCCC/C=C\CC(CCCCCC)OC(=O)CC/C=C\CC)CCN1CCOCC1)CCCCCC,-0.304503584,liver
CCCCCCCCCCCC(=O)OC(C/C=C\CCCCCCCCOC(=O)CCN(CCC(=O)OCCCCCCCC/C=C\CC(CCCCCC)OC(=O)CCCCCCCCCCC)CCN1CCOCC1)CCCCCC,-0.304503584,liver
CCCCCCCCCCCCCC(=O)OC(C/C=C\CCCCCCCCOC(=O)CCN(CCC(=O)OCCCCCCCC/C=C\CC(CCCCCC)OC(=O)CCCCCCCCCCCCC)CCN1CCOCC1)CCCCCC,-0.304503584,liver
CCCCCCCCCCCCCCCC(=O)OC(C/C=C\CCCCCCCCOC(=O)CCN(CCC(=O)OCCCCCCCC/C=C\CC(CCCCCC)OC(=O)CCCCCCCCCCCCCCC)CCN1CCOCC1)CCCCCC,-0.304503584,liver
CCCCCCCCC(CCCCCC)C(=O)OC(C/C=C\CCCCCCCCOC(=O)CCN(CCC(=O)OCCCCCCCC/C=C\CC(CCCCCC)OC(=O)C(CCCCCC)CCCCCCCC)CCN1CCOCC1)CCCCCC,-0.304503584,liver
CCCCC/C=C\CCC(=O)OC(C/C=C\CCCCCCCCOC(=O)CCN(CCC(=O)OCCCCCCCC/C=C\CC(CCCCCC)OC(=O)CC/C=C\CCCCC)CCN1CCOCC1)CCCCCC,-0.304503584,liver
CCCCC/C=C\C/C=C\C/C=C\C/C=C\CCCC(=O)OC(C/C=C\CCCCCCCCOC(=O)CCN(CCC(=O)OCCCCCCCC/C=C\CC(CCCCCC)OC(=O)CCC/C=C\C/C=C\C/C=C\C/C=C\CCCCC)CCN1CCOCC1)CCCCCC,-0.304503584,liver
CC/C=C\C/C=C\C/C=C\C/C=C\C/C=C\C/C=C\CCC(=O)OC(C/C=C\CCCCCCCCOC(=O)CCN(CCC(=O)OCCCCCCCC/C=C\CC(CCCCCC)OC(=O)CC/C=C\C/C=C\C/C=C\C/C=C\C/C=C\C/C=C\CC)CCN1CCOCC1)CCCCCC,-0.304503584,liver
CCCCCCC(C/C=C\CCCCCCCCOC(=O)CCN(CCC(=O)OCCCCCCCC/C=C\CC(CCCCCC)OC(=O)CCCCC)CCN1CCOCC1)OC(=O)CCCCC,-0.304503584,liver
CCCCCCC(=O)OC(C/C=C\CCCCCCCCOC(=O)CCN(CCC(=O)OCCCCCCCC/C=C\CC(CCCCCC)OC(=O)CCCCCC)CCN1CCOCC1)CCCCCC,-0.304503584,liver
CCCCCCCC(=O)OC(C/C=C\CCCCCCCCOC(=O)CCN(CCC(=O)OCCCCCCCC/C=C\CC(CCCCCC)OC(=O)CCCCCCC)CCN1CCOCC1)CCCCCC,-0.304503584,liver
CCCCCCCCCCCCCCCCCC(=O)OC(C/C=C\CCCCCCCCOC(=O)CCN(CCC(=O)OCCCCCCCC/C=C\CC(CCCCCC)OC(=O)CCCCCCCCCCCCCCCCC)CCN1CCOCC1)CCCCCC,-0.304503584,liver
CCCCCCCC/C=C\CCCCCCCC(=O)OC(C/C=C\CCCCCCCCOC(=O)CCN(CCC(=O)OCCCCCCCC/C=C\CC(CCCCCC)OC(=O)CCCCCCC/C=C\CCCCCCCC)CCN1CCOCC1)CCCCCC,-0.304503584,liver
CCCCC/C=C\C/C=C\CCCCCCCC(=O)OC(C/C=C\CCCCCCCCOC(=O)CCN(CCC(=O)OCCCCCCCC/C=C\CC(CCCCCC)OC(=O)CCCCCCC/C=C\C/C=C\CCCCC)CCN1CCOCC1)CCCCCC,-0.304503584,liver
CC/C=C\C/C=C\C/C=C\C/C=C\C/C=C\CCCC(=O)OC(C/C=C\CCCCCCCCOC(=O)CCN(CCC(=O)OCCCCCCCC/C=C\CC(CCCCCC)OC(=O)CCC/C=C\C/C=C\C/C=C\C/C=C\C/C=C\CC)CCN1CCOCC1)CCCCCC,1.632605173,liver
CCCCCCCCCCC(=O)OC(C/C=C\CCCCCCCCOC(=O)CCN(CCC(=O)OCCCCCCCC/C=C\CC(CCCCCC)OC(=O)CCCCCCCCCC)CCN1CCOCC1)CCCCCC,-0.304503584,liver
CC/C=C\CCC(=O)OC(C/C=C\CCCCCCCCOC(=O)CCN(CCC(=O)OCCCCCCCC/C=C\CC(CCCCCC)OC(=O)CC/C=C\CC)CCN1CCCCC1)CCCCCC,-0.304503584,liver
CCCCCCCCCCCC(=O)OC(C/C=C\CCCCCCCCOC(=O)CCN(CCC(=O)OCCCCCCCC/C=C\CC(CCCCCC)OC(=O)CCCCCCCCCCC)CCN1CCCCC1)CCCCCC,-0.304503584,liver
CCCCCCCCCCCCCC(=O)OC(C/C=C\CCCCCCCCOC(=O)CCN(CCC(=O)OCCCCCCCC/C=C\CC(CCCCCC)OC(=O)CCCCCCCCCCCCC)CCN1CCCCC1)CCCCCC,-0.304503584,liver
CCCCCCCCCCCCCCCC(=O)OC(C/C=C\CCCCCCCCOC(=O)CCN(CCC(=O)OCCCCCCCC/C=C\CC(CCCCCC)OC(=O)CCCCCCCCCCCCCCC)CCN1CCCCC1)CCCCCC,-0.304503584,liver
CCCCCCCCC(CCCCCC)C(=O)OC(C/C=C\CCCCCCCCOC(=O)CCN(CCC(=O)OCCCCCCCC/C=C\CC(CCCCCC)OC(=O)C(CCCCCC)CCCCCCCC)CCN1CCCCC1)CCCCCC,-0.304503584,liver
CCCCC/C=C\CCC(=O)OC(C/C=C\CCCCCCCCOC(=O)CCN(CCC(=O)OCCCCCCCC/C=C\CC(CCCCCC)OC(=O)CC/C=C\CCCCC)CCN1CCCCC1)CCCCCC,-0.304503584,liver
CCCCC/C=C\C/C=C\C/C=C\C/C=C\CCCC(=O)OC(C/C=C\CCCCCCCCOC(=O)CCN(CCC(=O)OCCCCCCCC/C=C\CC(CCCCCC)OC(=O)CCC/C=C\C/C=C\C/C=C\C/C=C\CCCCC)CCN1CCCCC1)CCCCCC,-0.304503584,liver
CC/C=C\C/C=C\C/C=C\C/C=C\C/C=C\C/C=C\CCC(=O)OC(C/C=C\CCCCCCCCOC(=O)CCN(CCC(=O)OCCCCCCCC/C=C\CC(CCCCCC)OC(=O)CC/C=C\C/C=C\C/C=C\C/C=C\C/C=C\C/C=C\CC)CCN1CCCCC1)CCCCCC,3.673294176,liver
CCCCCCC(C/C=C\CCCCCCCCOC(=O)CCN(CCC(=O)OCCCCCCCC/C=C\CC(CCCCCC)OC(=O)CCCCC)CCN1CCCCC1)OC(=O)CCCCC,-0.304503584,liver
CCCCCCC(=O)OC(C/C=C\CCCCCCCCOC(=O)CCN(CCC(=O)OCCCCCCCC/C=C\CC(CCCCCC)OC(=O)CCCCCC)CCN1CCCCC1)CCCCCC,-0.304503584,liver
CCCCCCCC(=O)OC(C/C=C\CCCCCCCCOC(=O)CCN(CCC(=O)OCCCCCCCC/C=C\CC(CCCCCC)OC(=O)CCCCCCC)CCN1CCCCC1)CCCCCC,-0.304503584,liver
CCCCCCCCCCCCCCCCCC(=O)OC(C/C=C\CCCCCCCCOC(=O)CCN(CCC(=O)OCCCCCCCC/C=C\CC(CCCCCC)OC(=O)CCCCCCCCCCCCCCCCC)CCN1CCCCC1)CCCCCC,-0.304503584,liver
CCCCCCCC/C=C\CCCCCCCC(=O)OC(C/C=C\CCCCCCCCOC(=O)CCN(CCC(=O)OCCCCCCCC/C=C\CC(CCCCCC)OC(=O)CCCCCCC/C=C\CCCCCCCC)CCN1CCCCC1)CCCCCC,-0.304503584,liver
CCCCC/C=C\C/C=C\CCCCCCCC(=O)OC(C/C=C\CCCCCCCCOC(=O)CCN(CCC(=O)OCCCCCCCC/C=C\CC(CCCCCC)OC(=O)CCCCCCC/C=C\C/C=C\CCCCC)CCN1CCCCC1)CCCCCC,-0.304503584,liver
CC/C=C\C/C=C\C/C=C\C/C=C\C/C=C\CCCC(=O)OC(C/C=C\CCCCCCCCOC(=O)CCN(CCC(=O)OCCCCCCCC/C=C\CC(CCCCCC)OC(=O)CCC/C=C\C/C=C\C/C=C\C/C=C\C/C=C\CC)CCN1CCCCC1)CCCCCC,3.140928965,liver
CCCCCCCCCCC(=O)OC(C/C=C\CCCCCCCCOC(=O)CCN(CCC(=O)OCCCCCCCC/C=C\CC(CCCCCC)OC(=O)CCCCCCCCCC)CCN1CCCCC1)CCCCCC,-0.304503584,liver
CC/C=C\CCC(=O)OC(C/C=C\CCCCCCCCOC(=O)CCN(CCCN1CCCCCC1)CCC(=O)OCCCCCCCC/C=C\CC(CCCCCC)OC(=O)CC/C=C\CC)CCCCCC,-0.304503584,liver
CCCCCCCCCCCC(=O)OC(C/C=C\CCCCCCCCOC(=O)CCN(CCCN1CCCCCC1)CCC(=O)OCCCCCCCC/C=C\CC(CCCCCC)OC(=O)CCCCCCCCCCC)CCCCCC,-0.304503584,liver
CCCCCCCCCCCCCC(=O)OC(C/C=C\CCCCCCCCOC(=O)CCN(CCCN1CCCCCC1)CCC(=O)OCCCCCCCC/C=C\CC(CCCCCC)OC(=O)CCCCCCCCCCCCC)CCCCCC,-0.304503584,liver
CCCCCCCCCCCCCCCC(=O)OC(C/C=C\CCCCCCCCOC(=O)CCN(CCCN1CCCCCC1)CCC(=O)OCCCCCCCC/C=C\CC(CCCCCC)OC(=O)CCCCCCCCCCCCCCC)CCCCCC,-0.304503584,liver
CCCCCCCCC(CCCCCC)C(=O)OC(C/C=C\CCCCCCCCOC(=O)CCN(CCCN1CCCCCC1)CCC(=O)OCCCCCCCC/C=C\CC(CCCCCC)OC(=O)C(CCCCCC)CCCCCCCC)CCCCCC,-0.304503584,liver
CCCCC/C=C\CCC(=O)OC(C/C=C\CCCCCCCCOC(=O)CCN(CCCN1CCCCCC1)CCC(=O)OCCCCCCCC/C=C\CC(CCCCCC)OC(=O)CC/C=C\CCCCC)CCCCCC,-0.304503584,liver
CCCCC/C=C\C/C=C\C/C=C\C/C=C\CCCC(=O)OC(C/C=C\CCCCCCCCOC(=O)CCN(CCCN1CCCCCC1)CCC(=O)OCCCCCCCC/C=C\CC(CCCCCC)OC(=O)CCC/C=C\C/C=C\C/C=C\C/C=C\CCCCC)CCCCCC,-0.304503584,liver
CC/C=C\C/C=C\C/C=C\C/C=C\C/C=C\C/C=C\CCC(=O)OC(C/C=C\CCCCCCCCOC(=O)CCN(CCCN1CCCCCC1)CCC(=O)OCCCCCCCC/C=C\CC(CCCCCC)OC(=O)CC/C=C\C/C=C\C/C=C\C/C=C\C/C=C\C/C=C\CC)CCCCCC,0.646026585,liver
CCCCCCC(C/C=C\CCCCCCCCOC(=O)CCN(CCCN1CCCCCC1)CCC(=O)OCCCCCCCC/C=C\CC(CCCCCC)OC(=O)CCCCC)OC(=O)CCCCC,-0.304503584,liver
CCCCCCC(=O)OC(C/C=C\CCCCCCCCOC(=O)CCN(CCCN1CCCCCC1)CCC(=O)OCCCCCCCC/C=C\CC(CCCCCC)OC(=O)CCCCCC)CCCCCC,-0.304503584,liver
CCCCCCCC(=O)OC(C/C=C\CCCCCCCCOC(=O)CCN(CCCN1CCCCCC1)CCC(=O)OCCCCCCCC/C=C\CC(CCCCCC)OC(=O)CCCCCCC)CCCCCC,-0.304503584,liver
CCCCCCCCCCCCCCCCCC(=O)OC(C/C=C\CCCCCCCCOC(=O)CCN(CCCN1CCCCCC1)CCC(=O)OCCCCCCCC/C=C\CC(CCCCCC)OC(=O)CCCCCCCCCCCCCCCCC)CCCCCC,-0.304503584,liver
CCCCCCCC/C=C\CCCCCCCC(=O)OC(C/C=C\CCCCCCCCOC(=O)CCN(CCCN1CCCCCC1)CCC(=O)OCCCCCCCC/C=C\CC(CCCCCC)OC(=O)CCCCCCC/C=C\CCCCCCCC)CCCCCC,-0.304503584,liver
CCCCC/C=C\C/C=C\CCCCCCCC(=O)OC(C/C=C\CCCCCCCCOC(=O)CCN(CCCN1CCCCCC1)CCC(=O)OCCCCCCCC/C=C\CC(CCCCCC)OC(=O)CCCCCCC/C=C\C/C=C\CCCCC)CCCCCC,-0.304503584,liver
CC/C=C\C/C=C\C/C=C\C/C=C\C/C=C\CCCC(=O)OC(C/C=C\CCCCCCCCOC(=O)CCN(CCCN1CCCCCC1)CCC(=O)OCCCCCCCC/C=C\CC(CCCCCC)OC(=O)CCC/C=C\C/C=C\C/C=C\C/C=C\C/C=C\CC)CCCCCC,3.588153592,liver
CCCCCCCCCCC(=O)OC(C/C=C\CCCCCCCCOC(=O)CCN(CCCN1CCCCCC1)CCC(=O)OCCCCCCCC/C=C\CC(CCCCCC)OC(=O)CCCCCCCCCC)CCCCCC,2.267211794,liver
CC/C=C\CCC(=O)OC(C/C=C\CCCCCCCCOC(=O)CCN(CCCN1CCCCC1)CCC(=O)OCCCCCCCC/C=C\CC(CCCCCC)OC(=O)CC/C=C\CC)CCCCCC,-0.304503584,liver
CCCCCCCCCCCC(=O)OC(C/C=C\CCCCCCCCOC(=O)CCN(CCCN1CCCCC1)CCC(=O)OCCCCCCCC/C=C\CC(CCCCCC)OC(=O)CCCCCCCCCCC)CCCCCC,-0.304503584,liver
CCCCCCCCCCCCCC(=O)OC(C/C=C\CCCCCCCCOC(=O)CCN(CCCN1CCCCC1)CCC(=O)OCCCCCCCC/C=C\CC(CCCCCC)OC(=O)CCCCCCCCCCCCC)CCCCCC,-0.304503584,liver
CCCCCCCCCCCCCCCC(=O)OC(C/C=C\CCCCCCCCOC(=O)CCN(CCCN1CCCCC1)CCC(=O)OCCCCCCCC/C=C\CC(CCCCCC)OC(=O)CCCCCCCCCCCCCCC)CCCCCC,-0.304503584,liver
CCCCCCCCC(CCCCCC)C(=O)OC(C/C=C\CCCCCCCCOC(=O)CCN(CCCN1CCCCC1)CCC(=O)OCCCCCCCC/C=C\CC(CCCCCC)OC(=O)C(CCCCCC)CCCCCCCC)CCCCCC,-0.304503584,liver
CCCCC/C=C\CCC(=O)OC(C/C=C\CCCCCCCCOC(=O)CCN(CCCN1CCCCC1)CCC(=O)OCCCCCCCC/C=C\CC(CCCCCC)OC(=O)CC/C=C\CCCCC)CCCCCC,-0.304503584,liver
CCCCC/C=C\C/C=C\C/C=C\C/C=C\CCCC(=O)OC(C/C=C\CCCCCCCCOC(=O)CCN(CCCN1CCCCC1)CCC(=O)OCCCCCCCC/C=C\CC(CCCCCC)OC(=O)CCC/C=C\C/C=C\C/C=C\C/C=C\CCCCC)CCCCCC,-0.304503584,liver
CC/C=C\C/C=C\C/C=C\C/C=C\C/C=C\C/C=C\CCC(=O)OC(C/C=C\CCCCCCCCOC(=O)CCN(CCCN1CCCCC1)CCC(=O)OCCCCCCCC/C=C\CC(CCCCCC)OC(=O)CC/C=C\C/C=C\C/C=C\C/C=C\C/C=C\C/C=C\CC)CCCCCC,2.672694608,liver
CCCCCCC(C/C=C\CCCCCCCCOC(=O)CCN(CCCN1CCCCC1)CCC(=O)OCCCCCCCC/C=C\CC(CCCCCC)OC(=O)CCCCC)OC(=O)CCCCC,-0.304503584,liver
CCCCCCC(=O)OC(C/C=C\CCCCCCCCOC(=O)CCN(CCCN1CCCCC1)CCC(=O)OCCCCCCCC/C=C\CC(CCCCCC)OC(=O)CCCCCC)CCCCCC,-0.304503584,liver
CCCCCCCC(=O)OC(C/C=C\CCCCCCCCOC(=O)CCN(CCCN1CCCCC1)CCC(=O)OCCCCCCCC/C=C\CC(CCCCCC)OC(=O)CCCCCCC)CCCCCC,-0.304503584,liver
CCCCCCCCCCCCCCCCCC(=O)OC(C/C=C\CCCCCCCCOC(=O)CCN(CCCN1CCCCC1)CCC(=O)OCCCCCCCC/C=C\CC(CCCCCC)OC(=O)CCCCCCCCCCCCCCCCC)CCCCCC,0.083783017,liver
CCCCCCCC/C=C\CCCCCCCC(=O)OC(C/C=C\CCCCCCCCOC(=O)CCN(CCCN1CCCCC1)CCC(=O)OCCCCCCCC/C=C\CC(CCCCCC)OC(=O)CCCCCCC/C=C\CCCCCCCC)CCCCCC,-0.304503584,liver
CCCCC/C=C\C/C=C\CCCCCCCC(=O)OC(C/C=C\CCCCCCCCOC(=O)CCN(CCCN1CCCCC1)CCC(=O)OCCCCCCCC/C=C\CC(CCCCCC)OC(=O)CCCCCCC/C=C\C/C=C\CCCCC)CCCCCC,-0.304503584,liver
CC/C=C\C/C=C\C/C=C\C/C=C\C/C=C\CCCC(=O)OC(C/C=C\CCCCCCCCOC(=O)CCN(CCCN1CCCCC1)CCC(=O)OCCCCCCCC/C=C\CC(CCCCCC)OC(=O)CCC/C=C\C/C=C\C/C=C\C/C=C\C/C=C\CC)CCCCCC,4.200415843,liver
CCCCCCCCCCC(=O)OC(C/C=C\CCCCCCCCOC(=O)CCN(CCCN1CCCCC1)CCC(=O)OCCCCCCCC/C=C\CC(CCCCCC)OC(=O)CCCCCCCCCC)CCCCCC,-0.304503584,liver
CC/C=C\CCC(=O)OC(C/C=C\CCCCCCCCOC(=O)CCN(CCC(=O)OCCCCCCCC/C=C\CC(CCCCCC)OC(=O)CC/C=C\CC)CCN1CCCCN(C)CC1)CCCCCC,-0.304503584,liver
CCCCCCCCCCCC(=O)OC(C/C=C\CCCCCCCCOC(=O)CCN(CCC(=O)OCCCCCCCC/C=C\CC(CCCCCC)OC(=O)CCCCCCCCCCC)CCN1CCCCN(C)CC1)CCCCCC,-0.304503584,liver
CCCCCCCCCCCCCC(=O)OC(C/C=C\CCCCCCCCOC(=O)CCN(CCC(=O)OCCCCCCCC/C=C\CC(CCCCCC)OC(=O)CCCCCCCCCCCCC)CCN1CCCCN(C)CC1)CCCCCC,-0.304503584,liver
CCCCCCCCCCCCCCCC(=O)OC(C/C=C\CCCCCCCCOC(=O)CCN(CCC(=O)OCCCCCCCC/C=C\CC(CCCCCC)OC(=O)CCCCCCCCCCCCCCC)CCN1CCCCN(C)CC1)CCCCCC,-0.304503584,liver
CCCCCCCCC(CCCCCC)C(=O)OC(C/C=C\CCCCCCCCOC(=O)CCN(CCC(=O)OCCCCCCCC/C=C\CC(CCCCCC)OC(=O)C(CCCCCC)CCCCCCCC)CCN1CCCCN(C)CC1)CCCCCC,-0.304503584,liver
CCCCC/C=C\CCC(=O)OC(C/C=C\CCCCCCCCOC(=O)CCN(CCC(=O)OCCCCCCCC/C=C\CC(CCCCCC)OC(=O)CC/C=C\CCCCC)CCN1CCCCN(C)CC1)CCCCCC,-0.304503584,liver
CCCCC/C=C\C/C=C\C/C=C\C/C=C\CCCC(=O)OC(C/C=C\CCCCCCCCOC(=O)CCN(CCC(=O)OCCCCCCCC/C=C\CC(CCCCCC)OC(=O)CCC/C=C\C/C=C\C/C=C\C/C=C\CCCCC)CCN1CCCCN(C)CC1)CCCCCC,-0.304503584,liver
CC/C=C\C/C=C\C/C=C\C/C=C\C/C=C\C/C=C\CCC(=O)OC(C/C=C\CCCCCCCCOC(=O)CCN(CCC(=O)OCCCCCCCC/C=C\CC(CCCCCC)OC(=O)CC/C=C\C/C=C\C/C=C\C/C=C\C/C=C\C/C=C\CC)CCN1CCCCN(C)CC1)CCCCCC,-0.304503584,liver
CCCCCCC(C/C=C\CCCCCCCCOC(=O)CCN(CCC(=O)OCCCCCCCC/C=C\CC(CCCCCC)OC(=O)CCCCC)CCN1CCCCN(C)CC1)OC(=O)CCCCC,-0.304503584,liver
CCCCCCC(=O)OC(C/C=C\CCCCCCCCOC(=O)CCN(CCC(=O)OCCCCCCCC/C=C\CC(CCCCCC)OC(=O)CCCCCC)CCN1CCCCN(C)CC1)CCCCCC,-0.304503584,liver
CCCCCCCC(=O)OC(C/C=C\CCCCCCCCOC(=O)CCN(CCC(=O)OCCCCCCCC/C=C\CC(CCCCCC)OC(=O)CCCCCCC)CCN1CCCCN(C)CC1)CCCCCC,-0.304503584,liver
CCCCCCCCCCCCCCCCCC(=O)OC(C/C=C\CCCCCCCCOC(=O)CCN(CCC(=O)OCCCCCCCC/C=C\CC(CCCCCC)OC(=O)CCCCCCCCCCCCCCCCC)CCN1CCCCN(C)CC1)CCCCCC,-0.304503584,liver
CCCCCCCC/C=C\CCCCCCCC(=O)OC(C/C=C\CCCCCCCCOC(=O)CCN(CCC(=O)OCCCCCCCC/C=C\CC(CCCCCC)OC(=O)CCCCCCC/C=C\CCCCCCCC)CCN1CCCCN(C)CC1)CCCCCC,-0.304503584,liver
CCCCC/C=C\C/C=C\CCCCCCCC(=O)OC(C/C=C\CCCCCCCCOC(=O)CCN(CCC(=O)OCCCCCCCC/C=C\CC(CCCCCC)OC(=O)CCCCCCC/C=C\C/C=C\CCCCC)CCN1CCCCN(C)CC1)CCCCCC,-0.304503584,liver
CC/C=C\C/C=C\C/C=C\C/C=C\C/C=C\CCCC(=O)OC(C/C=C\CCCCCCCCOC(=O)CCN(CCC(=O)OCCCCCCCC/C=C\CC(CCCCCC)OC(=O)CCC/C=C\C/C=C\C/C=C\C/C=C\C/C=C\CC)CCN1CCCCN(C)CC1)CCCCCC,1.024186402,liver
CCCCCCCCCCC(=O)OC(C/C=C\CCCCCCCCOC(=O)CCN(CCC(=O)OCCCCCCCC/C=C\CC(CCCCCC)OC(=O)CCCCCCCCCC)CCN1CCCCN(C)CC1)CCCCCC,-0.304503584,liver
CC/C=C\CCC(=O)OC(C/C=C\CCCCCCCCOC(=O)CCN(CCC(=O)OCCCCCCCC/C=C\CC(CCCCCC)OC(=O)CC/C=C\CC)CCC1CCCCN1C)CCCCCC,-0.304503584,liver
CCCCCCCCCCCC(=O)OC(C/C=C\CCCCCCCCOC(=O)CCN(CCC(=O)OCCCCCCCC/C=C\CC(CCCCCC)OC(=O)CCCCCCCCCCC)CCC1CCCCN1C)CCCCCC,-0.304503584,liver
CCCCCCCCCCCCCC(=O)OC(C/C=C\CCCCCCCCOC(=O)CCN(CCC(=O)OCCCCCCCC/C=C\CC(CCCCCC)OC(=O)CCCCCCCCCCCCC)CCC1CCCCN1C)CCCCCC,-0.304503584,liver
CCCCCCCCCCCCCCCC(=O)OC(C/C=C\CCCCCCCCOC(=O)CCN(CCC(=O)OCCCCCCCC/C=C\CC(CCCCCC)OC(=O)CCCCCCCCCCCCCCC)CCC1CCCCN1C)CCCCCC,-0.304503584,liver
CCCCCCCCC(CCCCCC)C(=O)OC(C/C=C\CCCCCCCCOC(=O)CCN(CCC(=O)OCCCCCCCC/C=C\CC(CCCCCC)OC(=O)C(CCCCCC)CCCCCCCC)CCC1CCCCN1C)CCCCCC,-0.304503584,liver
CCCCC/C=C\CCC(=O)OC(C/C=C\CCCCCCCCOC(=O)CCN(CCC(=O)OCCCCCCCC/C=C\CC(CCCCCC)OC(=O)CC/C=C\CCCCC)CCC1CCCCN1C)CCCCCC,-0.304503584,liver
CCCCC/C=C\C/C=C\C/C=C\C/C=C\CCCC(=O)OC(C/C=C\CCCCCCCCOC(=O)CCN(CCC(=O)OCCCCCCCC/C=C\CC(CCCCCC)OC(=O)CCC/C=C\C/C=C\C/C=C\C/C=C\CCCCC)CCC1CCCCN1C)CCCCCC,-0.304503584,liver
CC/C=C\C/C=C\C/C=C\C/C=C\C/C=C\C/C=C\CCC(=O)OC(C/C=C\CCCCCCCCOC(=O)CCN(CCC(=O)OCCCCCCCC/C=C\CC(CCCCCC)OC(=O)CC/C=C\C/C=C\C/C=C\C/C=C\C/C=C\C/C=C\CC)CCC1CCCCN1C)CCCCCC,4.992373602,liver
CCCCCCC(C/C=C\CCCCCCCCOC(=O)CCN(CCC(=O)OCCCCCCCC/C=C\CC(CCCCCC)OC(=O)CCCCC)CCC1CCCCN1C)OC(=O)CCCCC,0.988477806,liver
CCCCCCC(=O)OC(C/C=C\CCCCCCCCOC(=O)CCN(CCC(=O)OCCCCCCCC/C=C\CC(CCCCCC)OC(=O)CCCCCC)CCC1CCCCN1C)CCCCCC,-0.304503584,liver
CCCCCCCC(=O)OC(C/C=C\CCCCCCCCOC(=O)CCN(CCC(=O)OCCCCCCCC/C=C\CC(CCCCCC)OC(=O)CCCCCCC)CCC1CCCCN1C)CCCCCC,-0.304503584,liver
CCCCCCCCCCCCCCCCCC(=O)OC(C/C=C\CCCCCCCCOC(=O)CCN(CCC(=O)OCCCCCCCC/C=C\CC(CCCCCC)OC(=O)CCCCCCCCCCCCCCCCC)CCC1CCCCN1C)CCCCCC,-0.304503584,liver
CCCCCCCC/C=C\CCCCCCCC(=O)OC(C/C=C\CCCCCCCCOC(=O)CCN(CCC(=O)OCCCCCCCC/C=C\CC(CCCCCC)OC(=O)CCCCCCC/C=C\CCCCCCCC)CCC1CCCCN1C)CCCCCC,-0.304503584,liver
CCCCC/C=C\C/C=C\CCCCCCCC(=O)OC(C/C=C\CCCCCCCCOC(=O)CCN(CCC(=O)OCCCCCCCC/C=C\CC(CCCCCC)OC(=O)CCCCCCC/C=C\C/C=C\CCCCC)CCC1CCCCN1C)CCCCCC,-0.304503584,liver
CC/C=C\C/C=C\C/C=C\C/C=C\C/C=C\CCCC(=O)OC(C/C=C\CCCCCCCCOC(=O)CCN(CCC(=O)OCCCCCCCC/C=C\CC(CCCCCC)OC(=O)CCC/C=C\C/C=C\C/C=C\C/C=C\C/C=C\CC)CCC1CCCCN1C)CCCCCC,4.775968805,liver
CCCCCCCCCCC(=O)OC(C/C=C\CCCCCCCCOC(=O)CCN(CCC(=O)OCCCCCCCC/C=C\CC(CCCCCC)OC(=O)CCCCCCCCCC)CCC1CCCCN1C)CCCCCC,-0.304503584,liver
CC/C=C\CCC(=O)OC(C/C=C\CCCCCCCCOC(=O)CCN(CCC(=O)OCCCCCCCC/C=C\CC(CCCCCC)OC(=O)CC/C=C\CC)CCN1CCN(C)CC1)CCCCCC,-0.304503584,liver
CCCCCCCCCCCC(=O)OC(C/C=C\CCCCCCCCOC(=O)CCN(CCC(=O)OCCCCCCCC/C=C\CC(CCCCCC)OC(=O)CCCCCCCCCCC)CCN1CCN(C)CC1)CCCCCC,-0.304503584,liver
CCCCCCCCCCCCCC(=O)OC(C/C=C\CCCCCCCCOC(=O)CCN(CCC(=O)OCCCCCCCC/C=C\CC(CCCCCC)OC(=O)CCCCCCCCCCCCC)CCN1CCN(C)CC1)CCCCCC,-0.304503584,liver
CCCCCCCCCCCCCCCC(=O)OC(C/C=C\CCCCCCCCOC(=O)CCN(CCC(=O)OCCCCCCCC/C=C\CC(CCCCCC)OC(=O)CCCCCCCCCCCCCCC)CCN1CCN(C)CC1)CCCCCC,-0.304503584,liver
CCCCCCCCC(CCCCCC)C(=O)OC(C/C=C\CCCCCCCCOC(=O)CCN(CCC(=O)OCCCCCCCC/C=C\CC(CCCCCC)OC(=O)C(CCCCCC)CCCCCCCC)CCN1CCN(C)CC1)CCCCCC,-0.304503584,liver
CCCCC/C=C\CCC(=O)OC(C/C=C\CCCCCCCCOC(=O)CCN(CCC(=O)OCCCCCCCC/C=C\CC(CCCCCC)OC(=O)CC/C=C\CCCCC)CCN1CCN(C)CC1)CCCCCC,-0.304503584,liver
CCCCC/C=C\C/C=C\C/C=C\C/C=C\CCCC(=O)OC(C/C=C\CCCCCCCCOC(=O)CCN(CCC(=O)OCCCCCCCC/C=C\CC(CCCCCC)OC(=O)CCC/C=C\C/C=C\C/C=C\C/C=C\CCCCC)CCN1CCN(C)CC1)CCCCCC,-0.304503584,liver
CC/C=C\C/C=C\C/C=C\C/C=C\C/C=C\C/C=C\CCC(=O)OC(C/C=C\CCCCCCCCOC(=O)CCN(CCC(=O)OCCCCCCCC/C=C\CC(CCCCCC)OC(=O)CC/C=C\C/C=C\C/C=C\C/C=C\C/C=C\C/C=C\CC)CCN1CCN(C)CC1)CCCCCC,5.201422,liver
CCCCCCC(C/C=C\CCCCCCCCOC(=O)CCN(CCC(=O)OCCCCCCCC/C=C\CC(CCCCCC)OC(=O)CCCCC)CCN1CCN(C)CC1)OC(=O)CCCCC,-0.304503584,liver
CCCCCCC(=O)OC(C/C=C\CCCCCCCCOC(=O)CCN(CCC(=O)OCCCCCCCC/C=C\CC(CCCCCC)OC(=O)CCCCCC)CCN1CCN(C)CC1)CCCCCC,-0.304503584,liver
CCCCCCCC(=O)OC(C/C=C\CCCCCCCCOC(=O)CCN(CCC(=O)OCCCCCCCC/C=C\CC(CCCCCC)OC(=O)CCCCCCC)CCN1CCN(C)CC1)CCCCCC,-0.304503584,liver
CCCCCCCCCCCCCCCCCC(=O)OC(C/C=C\CCCCCCCCOC(=O)CCN(CCC(=O)OCCCCCCCC/C=C\CC(CCCCCC)OC(=O)CCCCCCCCCCCCCCCCC)CCN1CCN(C)CC1)CCCCCC,-0.304503584,liver
CCCCCCCC/C=C\CCCCCCCC(=O)OC(C/C=C\CCCCCCCCOC(=O)CCN(CCC(=O)OCCCCCCCC/C=C\CC(CCCCCC)OC(=O)CCCCCCC/C=C\CCCCCCCC)CCN1CCN(C)CC1)CCCCCC,-0.304503584,liver
CCCCC/C=C\C/C=C\CCCCCCCC(=O)OC(C/C=C\CCCCCCCCOC(=O)CCN(CCC(=O)OCCCCCCCC/C=C\CC(CCCCCC)OC(=O)CCCCCCC/C=C\C/C=C\CCCCC)CCN1CCN(C)CC1)CCCCCC,-0.304503584,liver
CC/C=C\C/C=C\C/C=C\C/C=C\C/C=C\CCCC(=O)OC(C/C=C\CCCCCCCCOC(=O)CCN(CCC(=O)OCCCCCCCC/C=C\CC(CCCCCC)OC(=O)CCC/C=C\C/C=C\C/C=C\C/C=C\C/C=C\CC)CCN1CCN(C)CC1)CCCCCC,4.542829137,liver
CCCCCCCCCCC(=O)OC(C/C=C\CCCCCCCCOC(=O)CCN(CCC(=O)OCCCCCCCC/C=C\CC(CCCCCC)OC(=O)CCCCCCCCCC)CCN1CCN(C)CC1)CCCCCC,-0.304503584,liver
CC/C=C\CCC(=O)OC(C/C=C\CCCCCCCCOC(=O)CCN(CCC(=O)OCCCCCCCC/C=C\CC(CCCCCC)OC(=O)CC/C=C\CC)CC1CCCCN1C)CCCCCC,-0.304503584,liver
CCCCCCCCCCCC(=O)OC(C/C=C\CCCCCCCCOC(=O)CCN(CCC(=O)OCCCCCCCC/C=C\CC(CCCCCC)OC(=O)CCCCCCCCCCC)CC1CCCCN1C)CCCCCC,-0.304503584,liver
CCCCCCCCCCCCCC(=O)OC(C/C=C\CCCCCCCCOC(=O)CCN(CCC(=O)OCCCCCCCC/C=C\CC(CCCCCC)OC(=O)CCCCCCCCCCCCC)CC1CCCCN1C)CCCCCC,-0.304503584,liver
CCCCCCCCCCCCCCCC(=O)OC(C/C=C\CCCCCCCCOC(=O)CCN(CCC(=O)OCCCCCCCC/C=C\CC(CCCCCC)OC(=O)CCCCCCCCCCCCCCC)CC1CCCCN1C)CCCCCC,-0.304503584,liver
CCCCCCCCC(CCCCCC)C(=O)OC(C/C=C\CCCCCCCCOC(=O)CCN(CCC(=O)OCCCCCCCC/C=C\CC(CCCCCC)OC(=O)C(CCCCCC)CCCCCCCC)CC1CCCCN1C)CCCCCC,-0.304503584,liver
CCCCC/C=C\CCC(=O)OC(C/C=C\CCCCCCCCOC(=O)CCN(CCC(=O)OCCCCCCCC/C=C\CC(CCCCCC)OC(=O)CC/C=C\CCCCC)CC1CCCCN1C)CCCCCC,-0.304503584,liver
CCCCC/C=C\C/C=C\C/C=C\C/C=C\CCCC(=O)OC(C/C=C\CCCCCCCCOC(=O)CCN(CCC(=O)OCCCCCCCC/C=C\CC(CCCCCC)OC(=O)CCC/C=C\C/C=C\C/C=C\C/C=C\CCCCC)CC1CCCCN1C)CCCCCC,-0.304503584,liver
CC/C=C\C/C=C\C/C=C\C/C=C\C/C=C\C/C=C\CCC(=O)OC(C/C=C\CCCCCCCCOC(=O)CCN(CCC(=O)OCCCCCCCC/C=C\CC(CCCCCC)OC(=O)CC/C=C\C/C=C\C/C=C\C/C=C\C/C=C\C/C=C\CC)CC1CCCCN1C)CCCCCC,-0.304503584,liver
CCCCCCC(C/C=C\CCCCCCCCOC(=O)CCN(CCC(=O)OCCCCCCCC/C=C\CC(CCCCCC)OC(=O)CCCCC)CC1CCCCN1C)OC(=O)CCCCC,-0.304503584,liver
CCCCCCC(=O)OC(C/C=C\CCCCCCCCOC(=O)CCN(CCC(=O)OCCCCCCCC/C=C\CC(CCCCCC)OC(=O)CCCCCC)CC1CCCCN1C)CCCCCC,-0.304503584,liver
CCCCCCCC(=O)OC(C/C=C\CCCCCCCCOC(=O)CCN(CCC(=O)OCCCCCCCC/C=C\CC(CCCCCC)OC(=O)CCCCCCC)CC1CCCCN1C)CCCCCC,-0.304503584,liver
CCCCCCCCCCCCCCCCCC(=O)OC(C/C=C\CCCCCCCCOC(=O)CCN(CCC(=O)OCCCCCCCC/C=C\CC(CCCCCC)OC(=O)CCCCCCCCCCCCCCCCC)CC1CCCCN1C)CCCCCC,-0.304503584,liver
CCCCCCCC/C=C\CCCCCCCC(=O)OC(C/C=C\CCCCCCCCOC(=O)CCN(CCC(=O)OCCCCCCCC/C=C\CC(CCCCCC)OC(=O)CCCCCCC/C=C\CCCCCCCC)CC1CCCCN1C)CCCCCC,-0.304503584,liver
CCCCC/C=C\C/C=C\CCCCCCCC(=O)OC(C/C=C\CCCCCCCCOC(=O)CCN(CCC(=O)OCCCCCCCC/C=C\CC(CCCCCC)OC(=O)CCCCCCC/C=C\C/C=C\CCCCC)CC1CCCCN1C)CCCCCC,-0.304503584,liver
CC/C=C\C/C=C\C/C=C\C/C=C\C/C=C\CCCC(=O)OC(C/C=C\CCCCCCCCOC(=O)CCN(CCC(=O)OCCCCCCCC/C=C\CC(CCCCCC)OC(=O)CCC/C=C\C/C=C\C/C=C\C/C=C\C/C=C\CC)CC1CCCCN1C)CCCCCC,1.807920463,liver
CCCCCCCCCCC(=O)OC(C/C=C\CCCCCCCCOC(=O)CCN(CCC(=O)OCCCCCCCC/C=C\CC(CCCCCC)OC(=O)CCCCCCCCCC)CC1CCCCN1C)CCCCCC,-0.304503584,liver
CC/C=C\CCC(=O)OC(C/C=C\CCCCCCCCOC(=O)CCN(CCC(=O)OCCCCCCCC/C=C\CC(CCCCCC)OC(=O)CC/C=C\CC)CCC1CCCCN1CC(C)C)CCCCCC,-0.304503584,liver
CCCCCCCCCCCC(=O)OC(C/C=C\CCCCCCCCOC(=O)CCN(CCC(=O)OCCCCCCCC/C=C\CC(CCCCCC)OC(=O)CCCCCCCCCCC)CCC1CCCCN1CC(C)C)CCCCCC,-0.304503584,liver
CCCCCCCCCCCCCC(=O)OC(C/C=C\CCCCCCCCOC(=O)CCN(CCC(=O)OCCCCCCCC/C=C\CC(CCCCCC)OC(=O)CCCCCCCCCCCCC)CCC1CCCCN1CC(C)C)CCCCCC,-0.304503584,liver
CCCCCCCCCCCCCCCC(=O)OC(C/C=C\CCCCCCCCOC(=O)CCN(CCC(=O)OCCCCCCCC/C=C\CC(CCCCCC)OC(=O)CCCCCCCCCCCCCCC)CCC1CCCCN1CC(C)C)CCCCCC,-0.304503584,liver
CCCCCCCCC(CCCCCC)C(=O)OC(C/C=C\CCCCCCCCOC(=O)CCN(CCC(=O)OCCCCCCCC/C=C\CC(CCCCCC)OC(=O)C(CCCCCC)CCCCCCCC)CCC1CCCCN1CC(C)C)CCCCCC,-0.304503584,liver
CCCCC/C=C\CCC(=O)OC(C/C=C\CCCCCCCCOC(=O)CCN(CCC(=O)OCCCCCCCC/C=C\CC(CCCCCC)OC(=O)CC/C=C\CCCCC)CCC1CCCCN1CC(C)C)CCCCCC,-0.304503584,liver
CCCCC/C=C\C/C=C\C/C=C\C/C=C\CCCC(=O)OC(C/C=C\CCCCCCCCOC(=O)CCN(CCC(=O)OCCCCCCCC/C=C\CC(CCCCCC)OC(=O)CCC/C=C\C/C=C\C/C=C\C/C=C\CCCCC)CCC1CCCCN1CC(C)C)CCCCCC,-0.304503584,liver
CC/C=C\C/C=C\C/C=C\C/C=C\C/C=C\C/C=C\CCC(=O)OC(C/C=C\CCCCCCCCOC(=O)CCN(CCC(=O)OCCCCCCCC/C=C\CC(CCCCCC)OC(=O)CC/C=C\C/C=C\C/C=C\C/C=C\C/C=C\C/C=C\CC)CCC1CCCCN1CC(C)C)CCCCCC,0.979579324,liver
CCCCCCC(C/C=C\CCCCCCCCOC(=O)CCN(CCC(=O)OCCCCCCCC/C=C\CC(CCCCCC)OC(=O)CCCCC)CCC1CCCCN1CC(C)C)OC(=O)CCCCC,-0.304503584,liver
CCCCCCC(=O)OC(C/C=C\CCCCCCCCOC(=O)CCN(CCC(=O)OCCCCCCCC/C=C\CC(CCCCCC)OC(=O)CCCCCC)CCC1CCCCN1CC(C)C)CCCCCC,-0.304503584,liver
CCCCCCCC(=O)OC(C/C=C\CCCCCCCCOC(=O)CCN(CCC(=O)OCCCCCCCC/C=C\CC(CCCCCC)OC(=O)CCCCCCC)CCC1CCCCN1CC(C)C)CCCCCC,-0.304503584,liver
CCCCCCCCCCCCCCCCCC(=O)OC(C/C=C\CCCCCCCCOC(=O)CCN(CCC(=O)OCCCCCCCC/C=C\CC(CCCCCC)OC(=O)CCCCCCCCCCCCCCCCC)CCC1CCCCN1CC(C)C)CCCCCC,-0.304503584,liver
CCCCCCCC/C=C\CCCCCCCC(=O)OC(C/C=C\CCCCCCCCOC(=O)CCN(CCC(=O)OCCCCCCCC/C=C\CC(CCCCCC)OC(=O)CCCCCCC/C=C\CCCCCCCC)CCC1CCCCN1CC(C)C)CCCCCC,-0.304503584,liver
CCCCC/C=C\C/C=C\CCCCCCCC(=O)OC(C/C=C\CCCCCCCCOC(=O)CCN(CCC(=O)OCCCCCCCC/C=C\CC(CCCCCC)OC(=O)CCCCCCC/C=C\C/C=C\CCCCC)CCC1CCCCN1CC(C)C)CCCCCC,-0.304503584,liver
CC/C=C\C/C=C\C/C=C\C/C=C\C/C=C\CCCC(=O)OC(C/C=C\CCCCCCCCOC(=O)CCN(CCC(=O)OCCCCCCCC/C=C\CC(CCCCCC)OC(=O)CCC/C=C\C/C=C\C/C=C\C/C=C\C/C=C\CC)CCC1CCCCN1CC(C)C)CCCCCC,-0.304503584,liver
CCCCCCCCCCC(=O)OC(C/C=C\CCCCCCCCOC(=O)CCN(CCC(=O)OCCCCCCCC/C=C\CC(CCCCCC)OC(=O)CCCCCCCCCC)CCC1CCCCN1CC(C)C)CCCCCC,-0.304503584,liver
CC/C=C\CCC(=O)OC(C/C=C\CCCCCCCCOC(=O)CCN(CCC(=O)OCCCCCCCC/C=C\CC(CCCCCC)OC(=O)CC/C=C\CC)CCN1CCCCCC1)CCCCCC,-0.304503584,liver
CCCCCCCCCCCC(=O)OC(C/C=C\CCCCCCCCOC(=O)CCN(CCC(=O)OCCCCCCCC/C=C\CC(CCCCCC)OC(=O)CCCCCCCCCCC)CCN1CCCCCC1)CCCCCC,-0.304503584,liver
CCCCCCCCCCCCCC(=O)OC(C/C=C\CCCCCCCCOC(=O)CCN(CCC(=O)OCCCCCCCC/C=C\CC(CCCCCC)OC(=O)CCCCCCCCCCCCC)CCN1CCCCCC1)CCCCCC,-0.304503584,liver
CCCCCCCCCCCCCCCC(=O)OC(C/C=C\CCCCCCCCOC(=O)CCN(CCC(=O)OCCCCCCCC/C=C\CC(CCCCCC)OC(=O)CCCCCCCCCCCCCCC)CCN1CCCCCC1)CCCCCC,-0.304503584,liver
CCCCCCCCC(CCCCCC)C(=O)OC(C/C=C\CCCCCCCCOC(=O)CCN(CCC(=O)OCCCCCCCC/C=C\CC(CCCCCC)OC(=O)C(CCCCCC)CCCCCCCC)CCN1CCCCCC1)CCCCCC,-0.304503584,liver
CCCCC/C=C\CCC(=O)OC(C/C=C\CCCCCCCCOC(=O)CCN(CCC(=O)OCCCCCCCC/C=C\CC(CCCCCC)OC(=O)CC/C=C\CCCCC)CCN1CCCCCC1)CCCCCC,-0.304503584,liver
CCCCC/C=C\C/C=C\C/C=C\C/C=C\CCCC(=O)OC(C/C=C\CCCCCCCCOC(=O)CCN(CCC(=O)OCCCCCCCC/C=C\CC(CCCCCC)OC(=O)CCC/C=C\C/C=C\C/C=C\C/C=C\CCCCC)CCN1CCCCCC1)CCCCCC,-0.304503584,liver
CC/C=C\C/C=C\C/C=C\C/C=C\C/C=C\C/C=C\CCC(=O)OC(C/C=C\CCCCCCCCOC(=O)CCN(CCC(=O)OCCCCCCCC/C=C\CC(CCCCCC)OC(=O)CC/C=C\C/C=C\C/C=C\C/C=C\C/C=C\C/C=C\CC)CCN1CCCCCC1)CCCCCC,3.376651663,liver
CCCCCCC(C/C=C\CCCCCCCCOC(=O)CCN(CCC(=O)OCCCCCCCC/C=C\CC(CCCCCC)OC(=O)CCCCC)CCN1CCCCCC1)OC(=O)CCCCC,-0.304503584,liver
CCCCCCC(=O)OC(C/C=C\CCCCCCCCOC(=O)CCN(CCC(=O)OCCCCCCCC/C=C\CC(CCCCCC)OC(=O)CCCCCC)CCN1CCCCCC1)CCCCCC,-0.304503584,liver
CCCCCCCC(=O)OC(C/C=C\CCCCCCCCOC(=O)CCN(CCC(=O)OCCCCCCCC/C=C\CC(CCCCCC)OC(=O)CCCCCCC)CCN1CCCCCC1)CCCCCC,-0.304503584,liver
CCCCCCCCCCCCCCCCCC(=O)OC(C/C=C\CCCCCCCCOC(=O)CCN(CCC(=O)OCCCCCCCC/C=C\CC(CCCCCC)OC(=O)CCCCCCCCCCCCCCCCC)CCN1CCCCCC1)CCCCCC,-0.304503584,liver
CCCCCCCC/C=C\CCCCCCCC(=O)OC(C/C=C\CCCCCCCCOC(=O)CCN(CCC(=O)OCCCCCCCC/C=C\CC(CCCCCC)OC(=O)CCCCCCC/C=C\CCCCCCCC)CCN1CCCCCC1)CCCCCC,-0.304503584,liver
CCCCC/C=C\C/C=C\CCCCCCCC(=O)OC(C/C=C\CCCCCCCCOC(=O)CCN(CCC(=O)OCCCCCCCC/C=C\CC(CCCCCC)OC(=O)CCCCCCC/C=C\C/C=C\CCCCC)CCN1CCCCCC1)CCCCCC,-0.304503584,liver
CC/C=C\C/C=C\C/C=C\C/C=C\C/C=C\CCCC(=O)OC(C/C=C\CCCCCCCCOC(=O)CCN(CCC(=O)OCCCCCCCC/C=C\CC(CCCCCC)OC(=O)CCC/C=C\C/C=C\C/C=C\C/C=C\C/C=C\CC)CCN1CCCCCC1)CCCCCC,3.482298068,liver
CCCCCCCCCCC(=O)OC(C/C=C\CCCCCCCCOC(=O)CCN(CCC(=O)OCCCCCCCC/C=C\CC(CCCCCC)OC(=O)CCCCCCCCCC)CCN1CCCCCC1)CCCCCC,-0.304503584,liver
CC/C=C\CCC(=O)OC(C/C=C\CCCCCCCCOC(=O)CCN(CCO)CCC(=O)OCCCCCCCC/C=C\CC(CCCCCC)OC(=O)CC/C=C\CC)CCCCCC,-0.304503584,liver
CCCCCCCCCCCC(=O)OC(C/C=C\CCCCCCCCOC(=O)CCN(CCO)CCC(=O)OCCCCCCCC/C=C\CC(CCCCCC)OC(=O)CCCCCCCCCCC)CCCCCC,-0.304503584,liver
CCCCCCCCCCCCCC(=O)OC(C/C=C\CCCCCCCCOC(=O)CCN(CCO)CCC(=O)OCCCCCCCC/C=C\CC(CCCCCC)OC(=O)CCCCCCCCCCCCC)CCCCCC,-0.304503584,liver
CCCCCCCCCCCCCCCC(=O)OC(C/C=C\CCCCCCCCOC(=O)CCN(CCO)CCC(=O)OCCCCCCCC/C=C\CC(CCCCCC)OC(=O)CCCCCCCCCCCCCCC)CCCCCC,-0.304503584,liver
CCCCCCCCC(CCCCCC)C(=O)OC(C/C=C\CCCCCCCCOC(=O)CCN(CCO)CCC(=O)OCCCCCCCC/C=C\CC(CCCCCC)OC(=O)C(CCCCCC)CCCCCCCC)CCCCCC,-0.304503584,liver
CCCCC/C=C\CCC(=O)OC(C/C=C\CCCCCCCCOC(=O)CCN(CCO)CCC(=O)OCCCCCCCC/C=C\CC(CCCCCC)OC(=O)CC/C=C\CCCCC)CCCCCC,-0.304503584,liver
CCCCC/C=C\C/C=C\C/C=C\C/C=C\CCCC(=O)OC(C/C=C\CCCCCCCCOC(=O)CCN(CCO)CCC(=O)OCCCCCCCC/C=C\CC(CCCCCC)OC(=O)CCC/C=C\C/C=C\C/C=C\C/C=C\CCCCC)CCCCCC,-0.304503584,liver
CC/C=C\C/C=C\C/C=C\C/C=C\C/C=C\C/C=C\CCC(=O)OC(C/C=C\CCCCCCCCOC(=O)CCN(CCO)CCC(=O)OCCCCCCCC/C=C\CC(CCCCCC)OC(=O)CC/C=C\C/C=C\C/C=C\C/C=C\C/C=C\C/C=C\CC)CCCCCC,1.923354447,liver
CCCCCCC(C/C=C\CCCCCCCCOC(=O)CCN(CCO)CCC(=O)OCCCCCCCC/C=C\CC(CCCCCC)OC(=O)CCCCC)OC(=O)CCCCC,-0.304503584,liver
CCCCCCC(=O)OC(C/C=C\CCCCCCCCOC(=O)CCN(CCO)CCC(=O)OCCCCCCCC/C=C\CC(CCCCCC)OC(=O)CCCCCC)CCCCCC,-0.304503584,liver
CCCCCCCC(=O)OC(C/C=C\CCCCCCCCOC(=O)CCN(CCO)CCC(=O)OCCCCCCCC/C=C\CC(CCCCCC)OC(=O)CCCCCCC)CCCCCC,-0.304503584,liver
CCCCCCCCCCCCCCCCCC(=O)OC(C/C=C\CCCCCCCCOC(=O)CCN(CCO)CCC(=O)OCCCCCCCC/C=C\CC(CCCCCC)OC(=O)CCCCCCCCCCCCCCCCC)CCCCCC,-0.304503584,liver
CCCCCCCC/C=C\CCCCCCCC(=O)OC(C/C=C\CCCCCCCCOC(=O)CCN(CCO)CCC(=O)OCCCCCCCC/C=C\CC(CCCCCC)OC(=O)CCCCCCC/C=C\CCCCCCCC)CCCCCC,-0.304503584,liver
CCCCC/C=C\C/C=C\CCCCCCCC(=O)OC(C/C=C\CCCCCCCCOC(=O)CCN(CCO)CCC(=O)OCCCCCCCC/C=C\CC(CCCCCC)OC(=O)CCCCCCC/C=C\C/C=C\CCCCC)CCCCCC,-0.304503584,liver
CC/C=C\C/C=C\C/C=C\C/C=C\C/C=C\CCCC(=O)OC(C/C=C\CCCCCCCCOC(=O)CCN(CCO)CCC(=O)OCCCCCCCC/C=C\CC(CCCCCC)OC(=O)CCC/C=C\C/C=C\C/C=C\C/C=C\C/C=C\CC)CCCCCC,1.214912986,liver
CCCCCCCCCCC(=O)OC(C/C=C\CCCCCCCCOC(=O)CCN(CCO)CCC(=O)OCCCCCCCC/C=C\CC(CCCCCC)OC(=O)CCCCCCCCCC)CCCCCC,-0.304503584,liver
CC/C=C\CCC(=O)OC(C/C=C\CCCCCCCCOC(=O)CCN(CCCCCO)CCC(=O)OCCCCCCCC/C=C\CC(CCCCCC)OC(=O)CC/C=C\CC)CCCCCC,-0.304503584,liver
CCCCCCCCCCCC(=O)OC(C/C=C\CCCCCCCCOC(=O)CCN(CCCCCO)CCC(=O)OCCCCCCCC/C=C\CC(CCCCCC)OC(=O)CCCCCCCCCCC)CCCCCC,-0.304503584,liver
CCCCCCCCCCCCCC(=O)OC(C/C=C\CCCCCCCCOC(=O)CCN(CCCCCO)CCC(=O)OCCCCCCCC/C=C\CC(CCCCCC)OC(=O)CCCCCCCCCCCCC)CCCCCC,-0.304503584,liver
CCCCCCCCCCCCCCCC(=O)OC(C/C=C\CCCCCCCCOC(=O)CCN(CCCCCO)CCC(=O)OCCCCCCCC/C=C\CC(CCCCCC)OC(=O)CCCCCCCCCCCCCCC)CCCCCC,-0.304503584,liver
CCCCCCCCC(CCCCCC)C(=O)OC(C/C=C\CCCCCCCCOC(=O)CCN(CCCCCO)CCC(=O)OCCCCCCCC/C=C\CC(CCCCCC)OC(=O)C(CCCCCC)CCCCCCCC)CCCCCC,-0.304503584,liver
CCCCC/C=C\CCC(=O)OC(C/C=C\CCCCCCCCOC(=O)CCN(CCCCCO)CCC(=O)OCCCCCCCC/C=C\CC(CCCCCC)OC(=O)CC/C=C\CCCCC)CCCCCC,-0.304503584,liver
CCCCC/C=C\C/C=C\C/C=C\C/C=C\CCCC(=O)OC(C/C=C\CCCCCCCCOC(=O)CCN(CCCCCO)CCC(=O)OCCCCCCCC/C=C\CC(CCCCCC)OC(=O)CCC/C=C\C/C=C\C/C=C\C/C=C\CCCCC)CCCCCC,-0.304503584,liver
CC/C=C\C/C=C\C/C=C\C/C=C\C/C=C\C/C=C\CCC(=O)OC(C/C=C\CCCCCCCCOC(=O)CCN(CCCCCO)CCC(=O)OCCCCCCCC/C=C\CC(CCCCCC)OC(=O)CC/C=C\C/C=C\C/C=C\C/C=C\C/C=C\C/C=C\CC)CCCCCC,-0.304503584,liver
CCCCCCC(C/C=C\CCCCCCCCOC(=O)CCN(CCCCCO)CCC(=O)OCCCCCCCC/C=C\CC(CCCCCC)OC(=O)CCCCC)OC(=O)CCCCC,-0.304503584,liver
CCCCCCC(=O)OC(C/C=C\CCCCCCCCOC(=O)CCN(CCCCCO)CCC(=O)OCCCCCCCC/C=C\CC(CCCCCC)OC(=O)CCCCCC)CCCCCC,-0.304503584,liver
CCCCCCCC(=O)OC(C/C=C\CCCCCCCCOC(=O)CCN(CCCCCO)CCC(=O)OCCCCCCCC/C=C\CC(CCCCCC)OC(=O)CCCCCCC)CCCCCC,-0.304503584,liver
CCCCCCCCCCCCCCCCCC(=O)OC(C/C=C\CCCCCCCCOC(=O)CCN(CCCCCO)CCC(=O)OCCCCCCCC/C=C\CC(CCCCCC)OC(=O)CCCCCCCCCCCCCCCCC)CCCCCC,-0.304503584,liver
CCCCCCCC/C=C\CCCCCCCC(=O)OC(C/C=C\CCCCCCCCOC(=O)CCN(CCCCCO)CCC(=O)OCCCCCCCC/C=C\CC(CCCCCC)OC(=O)CCCCCCC/C=C\CCCCCCCC)CCCCCC,-0.304503584,liver
CCCCC/C=C\C/C=C\CCCCCCCC(=O)OC(C/C=C\CCCCCCCCOC(=O)CCN(CCCCCO)CCC(=O)OCCCCCCCC/C=C\CC(CCCCCC)OC(=O)CCCCCCC/C=C\C/C=C\CCCCC)CCCCCC,-0.304503584,liver
CC/C=C\C/C=C\C/C=C\C/C=C\C/C=C\CCCC(=O)OC(C/C=C\CCCCCCCCOC(=O)CCN(CCCCCO)CCC(=O)OCCCCCCCC/C=C\CC(CCCCCC)OC(=O)CCC/C=C\C/C=C\C/C=C\C/C=C\C/C=C\CC)CCCCCC,1.389652726,liver
CCCCCCCCCCC(=O)OC(C/C=C\CCCCCCCCOC(=O)CCN(CCCCCO)CCC(=O)OCCCCCCCC/C=C\CC(CCCCCC)OC(=O)CCCCCCCCCC)CCCCCC,-0.304503584,liver
CC/C=C\CCC(=O)OC(C/C=C\CCCCCCCCOC(=O)CCN(CCC(=O)OCCCCCCCC/C=C\CC(CCCCCC)OC(=O)CC/C=C\CC)CCC1OCCO1)CCCCCC,-0.304503584,liver
CCCCCCCCCCCC(=O)OC(C/C=C\CCCCCCCCOC(=O)CCN(CCC(=O)OCCCCCCCC/C=C\CC(CCCCCC)OC(=O)CCCCCCCCCCC)CCC1OCCO1)CCCCCC,-0.304503584,liver
CCCCCCCCCCCCCC(=O)OC(C/C=C\CCCCCCCCOC(=O)CCN(CCC(=O)OCCCCCCCC/C=C\CC(CCCCCC)OC(=O)CCCCCCCCCCCCC)CCC1OCCO1)CCCCCC,-0.304503584,liver
CCCCCCCCCCCCCCCC(=O)OC(C/C=C\CCCCCCCCOC(=O)CCN(CCC(=O)OCCCCCCCC/C=C\CC(CCCCCC)OC(=O)CCCCCCCCCCCCCCC)CCC1OCCO1)CCCCCC,-0.304503584,liver
CCCCCCCCC(CCCCCC)C(=O)OC(C/C=C\CCCCCCCCOC(=O)CCN(CCC(=O)OCCCCCCCC/C=C\CC(CCCCCC)OC(=O)C(CCCCCC)CCCCCCCC)CCC1OCCO1)CCCCCC,-0.304503584,liver
CCCCC/C=C\CCC(=O)OC(C/C=C\CCCCCCCCOC(=O)CCN(CCC(=O)OCCCCCCCC/C=C\CC(CCCCCC)OC(=O)CC/C=C\CCCCC)CCC1OCCO1)CCCCCC,-0.304503584,liver
CCCCC/C=C\C/C=C\C/C=C\C/C=C\CCCC(=O)OC(C/C=C\CCCCCCCCOC(=O)CCN(CCC(=O)OCCCCCCCC/C=C\CC(CCCCCC)OC(=O)CCC/C=C\C/C=C\C/C=C\C/C=C\CCCCC)CCC1OCCO1)CCCCCC,-0.304503584,liver
CC/C=C\C/C=C\C/C=C\C/C=C\C/C=C\C/C=C\CCC(=O)OC(C/C=C\CCCCCCCCOC(=O)CCN(CCC(=O)OCCCCCCCC/C=C\CC(CCCCCC)OC(=O)CC/C=C\C/C=C\C/C=C\C/C=C\C/C=C\C/C=C\CC)CCC1OCCO1)CCCCCC,-0.304503584,liver
CCCCCCC(C/C=C\CCCCCCCCOC(=O)CCN(CCC(=O)OCCCCCCCC/C=C\CC(CCCCCC)OC(=O)CCCCC)CCC1OCCO1)OC(=O)CCCCC,-0.304503584,liver
CCCCCCC(=O)OC(C/C=C\CCCCCCCCOC(=O)CCN(CCC(=O)OCCCCCCCC/C=C\CC(CCCCCC)OC(=O)CCCCCC)CCC1OCCO1)CCCCCC,-0.304503584,liver
CCCCCCCC(=O)OC(C/C=C\CCCCCCCCOC(=O)CCN(CCC(=O)OCCCCCCCC/C=C\CC(CCCCCC)OC(=O)CCCCCCC)CCC1OCCO1)CCCCCC,-0.304503584,liver
CCCCCCCCCCCCCCCCCC(=O)OC(C/C=C\CCCCCCCCOC(=O)CCN(CCC(=O)OCCCCCCCC/C=C\CC(CCCCCC)OC(=O)CCCCCCCCCCCCCCCCC)CCC1OCCO1)CCCCCC,-0.304503584,liver
CCCCCCCC/C=C\CCCCCCCC(=O)OC(C/C=C\CCCCCCCCOC(=O)CCN(CCC(=O)OCCCCCCCC/C=C\CC(CCCCCC)OC(=O)CCCCCCC/C=C\CCCCCCCC)CCC1OCCO1)CCCCCC,-0.304503584,liver
CCCCC/C=C\C/C=C\CCCCCCCC(=O)OC(C/C=C\CCCCCCCCOC(=O)CCN(CCC(=O)OCCCCCCCC/C=C\CC(CCCCCC)OC(=O)CCCCCCC/C=C\C/C=C\CCCCC)CCC1OCCO1)CCCCCC,-0.304503584,liver
CC/C=C\C/C=C\C/C=C\C/C=C\C/C=C\CCCC(=O)OC(C/C=C\CCCCCCCCOC(=O)CCN(CCC(=O)OCCCCCCCC/C=C\CC(CCCCCC)OC(=O)CCC/C=C\C/C=C\C/C=C\C/C=C\C/C=C\CC)CCC1OCCO1)CCCCCC,0.978568754,liver
CCCCCCCCCCC(=O)OC(C/C=C\CCCCCCCCOC(=O)CCN(CCC(=O)OCCCCCCCC/C=C\CC(CCCCCC)OC(=O)CCCCCCCCCC)CCC1OCCO1)CCCCCC,-0.304503584,liver
CC/C=C\CCC(=O)OC(C/C=C\CCCCCCCCOC(=O)CCN(CCC(=O)OCCCCCCCC/C=C\CC(CCCCCC)OC(=O)CC/C=C\CC)CCN1CCCC1)CCCCCC,-0.304503584,liver
CCCCCCCCCCCC(=O)OC(C/C=C\CCCCCCCCOC(=O)CCN(CCC(=O)OCCCCCCCC/C=C\CC(CCCCCC)OC(=O)CCCCCCCCCCC)CCN1CCCC1)CCCCCC,-0.304503584,liver
CCCCCCCCCCCCCC(=O)OC(C/C=C\CCCCCCCCOC(=O)CCN(CCC(=O)OCCCCCCCC/C=C\CC(CCCCCC)OC(=O)CCCCCCCCCCCCC)CCN1CCCC1)CCCCCC,-0.304503584,liver
CCCCCCCCCCCCCCCC(=O)OC(C/C=C\CCCCCCCCOC(=O)CCN(CCC(=O)OCCCCCCCC/C=C\CC(CCCCCC)OC(=O)CCCCCCCCCCCCCCC)CCN1CCCC1)CCCCCC,-0.304503584,liver
CCCCCCCCC(CCCCCC)C(=O)OC(C/C=C\CCCCCCCCOC(=O)CCN(CCC(=O)OCCCCCCCC/C=C\CC(CCCCCC)OC(=O)C(CCCCCC)CCCCCCCC)CCN1CCCC1)CCCCCC,-0.304503584,liver
CCCCC/C=C\CCC(=O)OC(C/C=C\CCCCCCCCOC(=O)CCN(CCC(=O)OCCCCCCCC/C=C\CC(CCCCCC)OC(=O)CC/C=C\CCCCC)CCN1CCCC1)CCCCCC,-0.304503584,liver
CCCCC/C=C\C/C=C\C/C=C\C/C=C\CCCC(=O)OC(C/C=C\CCCCCCCCOC(=O)CCN(CCC(=O)OCCCCCCCC/C=C\CC(CCCCCC)OC(=O)CCC/C=C\C/C=C\C/C=C\C/C=C\CCCCC)CCN1CCCC1)CCCCCC,-0.304503584,liver
CC/C=C\C/C=C\C/C=C\C/C=C\C/C=C\C/C=C\CCC(=O)OC(C/C=C\CCCCCCCCOC(=O)CCN(CCC(=O)OCCCCCCCC/C=C\CC(CCCCCC)OC(=O)CC/C=C\C/C=C\C/C=C\C/C=C\C/C=C\C/C=C\CC)CCN1CCCC1)CCCCCC,4.026775697,liver
CCCCCCC(C/C=C\CCCCCCCCOC(=O)CCN(CCC(=O)OCCCCCCCC/C=C\CC(CCCCCC)OC(=O)CCCCC)CCN1CCCC1)OC(=O)CCCCC,-0.304503584,liver
CCCCCCC(=O)OC(C/C=C\CCCCCCCCOC(=O)CCN(CCC(=O)OCCCCCCCC/C=C\CC(CCCCCC)OC(=O)CCCCCC)CCN1CCCC1)CCCCCC,-0.304503584,liver
CCCCCCCC(=O)OC(C/C=C\CCCCCCCCOC(=O)CCN(CCC(=O)OCCCCCCCC/C=C\CC(CCCCCC)OC(=O)CCCCCCC)CCN1CCCC1)CCCCCC,-0.304503584,liver
CCCCCCCCCCCCCCCCCC(=O)OC(C/C=C\CCCCCCCCOC(=O)CCN(CCC(=O)OCCCCCCCC/C=C\CC(CCCCCC)OC(=O)CCCCCCCCCCCCCCCCC)CCN1CCCC1)CCCCCC,-0.304503584,liver
CCCCCCCC/C=C\CCCCCCCC(=O)OC(C/C=C\CCCCCCCCOC(=O)CCN(CCC(=O)OCCCCCCCC/C=C\CC(CCCCCC)OC(=O)CCCCCCC/C=C\CCCCCCCC)CCN1CCCC1)CCCCCC,-0.304503584,liver
CCCCC/C=C\C/C=C\CCCCCCCC(=O)OC(C/C=C\CCCCCCCCOC(=O)CCN(CCC(=O)OCCCCCCCC/C=C\CC(CCCCCC)OC(=O)CCCCCCC/C=C\C/C=C\CCCCC)CCN1CCCC1)CCCCCC,-0.304503584,liver
CC/C=C\C/C=C\C/C=C\C/C=C\C/C=C\CCCC(=O)OC(C/C=C\CCCCCCCCOC(=O)CCN(CCC(=O)OCCCCCCCC/C=C\CC(CCCCCC)OC(=O)CCC/C=C\C/C=C\C/C=C\C/C=C\C/C=C\CC)CCN1CCCC1)CCCCCC,3.898707057,liver
CCCCCCCCCCC(=O)OC(C/C=C\CCCCCCCCOC(=O)CCN(CCC(=O)OCCCCCCCC/C=C\CC(CCCCCC)OC(=O)CCCCCCCCCC)CCN1CCCC1)CCCCCC,-0.304503584,liver
CC/C=C\CCC(=O)OC(C/C=C\CCCCCCCCOC(=O)CCN(CCCN1CCCC1)CCC(=O)OCCCCCCCC/C=C\CC(CCCCCC)OC(=O)CC/C=C\CC)CCCCCC,-0.304503584,liver
CCCCCCCCCCCC(=O)OC(C/C=C\CCCCCCCCOC(=O)CCN(CCCN1CCCC1)CCC(=O)OCCCCCCCC/C=C\CC(CCCCCC)OC(=O)CCCCCCCCCCC)CCCCCC,-0.304503584,liver
CCCCCCCCCCCCCC(=O)OC(C/C=C\CCCCCCCCOC(=O)CCN(CCCN1CCCC1)CCC(=O)OCCCCCCCC/C=C\CC(CCCCCC)OC(=O)CCCCCCCCCCCCC)CCCCCC,-0.304503584,liver
CCCCCCCCCCCCCCCC(=O)OC(C/C=C\CCCCCCCCOC(=O)CCN(CCCN1CCCC1)CCC(=O)OCCCCCCCC/C=C\CC(CCCCCC)OC(=O)CCCCCCCCCCCCCCC)CCCCCC,-0.304503584,liver
CCCCCCCCC(CCCCCC)C(=O)OC(C/C=C\CCCCCCCCOC(=O)CCN(CCCN1CCCC1)CCC(=O)OCCCCCCCC/C=C\CC(CCCCCC)OC(=O)C(CCCCCC)CCCCCCCC)CCCCCC,-0.304503584,liver
CCCCC/C=C\CCC(=O)OC(C/C=C\CCCCCCCCOC(=O)CCN(CCCN1CCCC1)CCC(=O)OCCCCCCCC/C=C\CC(CCCCCC)OC(=O)CC/C=C\CCCCC)CCCCCC,-0.304503584,liver
CCCCC/C=C\C/C=C\C/C=C\C/C=C\CCCC(=O)OC(C/C=C\CCCCCCCCOC(=O)CCN(CCCN1CCCC1)CCC(=O)OCCCCCCCC/C=C\CC(CCCCCC)OC(=O)CCC/C=C\C/C=C\C/C=C\C/C=C\CCCCC)CCCCCC,-0.304503584,liver
CC/C=C\C/C=C\C/C=C\C/C=C\C/C=C\C/C=C\CCC(=O)OC(C/C=C\CCCCCCCCOC(=O)CCN(CCCN1CCCC1)CCC(=O)OCCCCCCCC/C=C\CC(CCCCCC)OC(=O)CC/C=C\C/C=C\C/C=C\C/C=C\C/C=C\C/C=C\CC)CCCCCC,3.694621139,liver
CCCCCCC(C/C=C\CCCCCCCCOC(=O)CCN(CCCN1CCCC1)CCC(=O)OCCCCCCCC/C=C\CC(CCCCCC)OC(=O)CCCCC)OC(=O)CCCCC,-0.304503584,liver
CCCCCCC(=O)OC(C/C=C\CCCCCCCCOC(=O)CCN(CCCN1CCCC1)CCC(=O)OCCCCCCCC/C=C\CC(CCCCCC)OC(=O)CCCCCC)CCCCCC,-0.304503584,liver
CCCCCCCC(=O)OC(C/C=C\CCCCCCCCOC(=O)CCN(CCCN1CCCC1)CCC(=O)OCCCCCCCC/C=C\CC(CCCCCC)OC(=O)CCCCCCC)CCCCCC,-0.304503584,liver
CCCCCCCCCCCCCCCCCC(=O)OC(C/C=C\CCCCCCCCOC(=O)CCN(CCCN1CCCC1)CCC(=O)OCCCCCCCC/C=C\CC(CCCCCC)OC(=O)CCCCCCCCCCCCCCCCC)CCCCCC,-0.304503584,liver
CCCCCCCC/C=C\CCCCCCCC(=O)OC(C/C=C\CCCCCCCCOC(=O)CCN(CCCN1CCCC1)CCC(=O)OCCCCCCCC/C=C\CC(CCCCCC)OC(=O)CCCCCCC/C=C\CCCCCCCC)CCCCCC,-0.304503584,liver
CCCCC/C=C\C/C=C\CCCCCCCC(=O)OC(C/C=C\CCCCCCCCOC(=O)CCN(CCCN1CCCC1)CCC(=O)OCCCCCCCC/C=C\CC(CCCCCC)OC(=O)CCCCCCC/C=C\C/C=C\CCCCC)CCCCCC,-0.304503584,liver
CC/C=C\C/C=C\C/C=C\C/C=C\C/C=C\CCCC(=O)OC(C/C=C\CCCCCCCCOC(=O)CCN(CCCN1CCCC1)CCC(=O)OCCCCCCCC/C=C\CC(CCCCCC)OC(=O)CCC/C=C\C/C=C\C/C=C\C/C=C\C/C=C\CC)CCCCCC,-0.304503584,liver
CCCCCCCCCCC(=O)OC(C/C=C\CCCCCCCCOC(=O)CCN(CCCN1CCCC1)CCC(=O)OCCCCCCCC/C=C\CC(CCCCCC)OC(=O)CCCCCCCCCC)CCCCCC,-0.304503584,liver
CC/C=C\CCC(=O)OC(C/C=C\CCCCCCCCOC(=O)CCN(CCCn1ccnc1)CCC(=O)OCCCCCCCC/C=C\CC(CCCCCC)OC(=O)CC/C=C\CC)CCCCCC,-0.304503584,liver
CCCCCCCCCCCC(=O)OC(C/C=C\CCCCCCCCOC(=O)CCN(CCCn1ccnc1)CCC(=O)OCCCCCCCC/C=C\CC(CCCCCC)OC(=O)CCCCCCCCCCC)CCCCCC,-0.304503584,liver
CCCCCCCCCCCCCC(=O)OC(C/C=C\CCCCCCCCOC(=O)CCN(CCCn1ccnc1)CCC(=O)OCCCCCCCC/C=C\CC(CCCCCC)OC(=O)CCCCCCCCCCCCC)CCCCCC,-0.304503584,liver
CCCCCCCCCCCCCCCC(=O)OC(C/C=C\CCCCCCCCOC(=O)CCN(CCCn1ccnc1)CCC(=O)OCCCCCCCC/C=C\CC(CCCCCC)OC(=O)CCCCCCCCCCCCCCC)CCCCCC,-0.304503584,liver
CCCCCCCCC(CCCCCC)C(=O)OC(C/C=C\CCCCCCCCOC(=O)CCN(CCCn1ccnc1)CCC(=O)OCCCCCCCC/C=C\CC(CCCCCC)OC(=O)C(CCCCCC)CCCCCCCC)CCCCCC,-0.304503584,liver
CCCCC/C=C\CCC(=O)OC(C/C=C\CCCCCCCCOC(=O)CCN(CCCn1ccnc1)CCC(=O)OCCCCCCCC/C=C\CC(CCCCCC)OC(=O)CC/C=C\CCCCC)CCCCCC,-0.304503584,liver
CCCCC/C=C\C/C=C\C/C=C\C/C=C\CCCC(=O)OC(C/C=C\CCCCCCCCOC(=O)CCN(CCCn1ccnc1)CCC(=O)OCCCCCCCC/C=C\CC(CCCCCC)OC(=O)CCC/C=C\C/C=C\C/C=C\C/C=C\CCCCC)CCCCCC,-0.304503584,liver
CC/C=C\C/C=C\C/C=C\C/C=C\C/C=C\C/C=C\CCC(=O)OC(C/C=C\CCCCCCCCOC(=O)CCN(CCCn1ccnc1)CCC(=O)OCCCCCCCC/C=C\CC(CCCCCC)OC(=O)CC/C=C\C/C=C\C/C=C\C/C=C\C/C=C\C/C=C\CC)CCCCCC,0.795082572,liver
CCCCCCC(C/C=C\CCCCCCCCOC(=O)CCN(CCCn1ccnc1)CCC(=O)OCCCCCCCC/C=C\CC(CCCCCC)OC(=O)CCCCC)OC(=O)CCCCC,-0.304503584,liver
CCCCCCC(=O)OC(C/C=C\CCCCCCCCOC(=O)CCN(CCCn1ccnc1)CCC(=O)OCCCCCCCC/C=C\CC(CCCCCC)OC(=O)CCCCCC)CCCCCC,-0.304503584,liver
CCCCCCCC(=O)OC(C/C=C\CCCCCCCCOC(=O)CCN(CCCn1ccnc1)CCC(=O)OCCCCCCCC/C=C\CC(CCCCCC)OC(=O)CCCCCCC)CCCCCC,-0.304503584,liver
CCCCCCCCCCCCCCCCCC(=O)OC(C/C=C\CCCCCCCCOC(=O)CCN(CCCn1ccnc1)CCC(=O)OCCCCCCCC/C=C\CC(CCCCCC)OC(=O)CCCCCCCCCCCCCCCCC)CCCCCC,-0.304503584,liver
CCCCCCCC/C=C\CCCCCCCC(=O)OC(C/C=C\CCCCCCCCOC(=O)CCN(CCCn1ccnc1)CCC(=O)OCCCCCCCC/C=C\CC(CCCCCC)OC(=O)CCCCCCC/C=C\CCCCCCCC)CCCCCC,-0.304503584,liver
CCCCC/C=C\C/C=C\CCCCCCCC(=O)OC(C/C=C\CCCCCCCCOC(=O)CCN(CCCn1ccnc1)CCC(=O)OCCCCCCCC/C=C\CC(CCCCCC)OC(=O)CCCCCCC/C=C\C/C=C\CCCCC)CCCCCC,-0.304503584,liver
CC/C=C\C/C=C\C/C=C\C/C=C\C/C=C\CCCC(=O)OC(C/C=C\CCCCCCCCOC(=O)CCN(CCCn1ccnc1)CCC(=O)OCCCCCCCC/C=C\CC(CCCCCC)OC(=O)CCC/C=C\C/C=C\C/C=C\C/C=C\C/C=C\CC)CCCCCC,-0.304503584,liver
CCCCCCCCCCC(=O)OC(C/C=C\CCCCCCCCOC(=O)CCN(CCCn1ccnc1)CCC(=O)OCCCCCCCC/C=C\CC(CCCCCC)OC(=O)CCCCCCCCCC)CCCCCC,-0.304503584,liver
CCCCCCCCC(O)CN(CCCSSCCN1CCN(CCOC(=O)CCCN(CC(O)CCCCCCCC)CC(O)CCCCCCCC)CC1)CC(O)CCCCCCCC,0.783248283,muscle
CCCCCCCCCCC(O)CN(CCCSSCCN1CCN(CCOC(=O)CCCN(CC(O)CCCCCCCC)CC(O)CCCCCCCC)CC1)CC(O)CCCCCCCCCC,0.406510477,muscle
CCCCCCCCCCCCC(O)CN(CCCSSCCN1CCN(CCOC(=O)CCCN(CC(O)CCCCCCCC)CC(O)CCCCCCCC)CC1)CC(O)CCCCCCCCCCCC,-0.265508313,muscle
CCCCCCCC/C=C\CCCCCCC(O)CN(CCCSSCCN1CCN(CCOC(=O)CCCN(CC(O)CCCCCCCC)CC(O)CCCCCCCC)CC1)CC(O)CCCCCC/C=C\CCCCCCCC,-0.092412564,muscle
CCCCC/C=C\C/C=C\CCCCCCC(O)CN(CCCSSCCN1CCN(CCOC(=O)CCCN(CC(O)CCCCCCCC)CC(O)CCCCCCCC)CC1)CC(O)CCCCCC/C=C\C/C=C\CCCCC,0.009408464,muscle
CC/C=C\C/C=C\C/C=C\CCCCCCC(O)CN(CCCSSCCN1CCN(CCOC(=O)CCCN(CC(O)CCCCCCCC)CC(O)CCCCCCCC)CC1)CC(O)CCCCCC/C=C\C/C=C\C/C=C\CC,-0.18405149,muscle
CCCCCCCCC(O)CN(CCCCSSCCN1CCN(CCOC(=O)CCCN(CC(O)CCCCCCCC)CC(O)CCCCCCCC)CC1)CC(O)CCCCCCCC,-0.173869387,muscle
CCCCCCCCCCC(O)CN(CCCCSSCCN1CCN(CCOC(=O)CCCN(CC(O)CCCCCCCC)CC(O)CCCCCCCC)CC1)CC(O)CCCCCCCCCC,0.345417859,muscle
CCCCCCCCCCCCC(O)CN(CCCCSSCCN1CCN(CCOC(=O)CCCN(CC(O)CCCCCCCC)CC(O)CCCCCCCC)CC1)CC(O)CCCCCCCCCCCC,-0.662610326,muscle
CCCCCCCC/C=C\CCCCCCC(O)CN(CCCCSSCCN1CCN(CCOC(=O)CCCN(CC(O)CCCCCCCC)CC(O)CCCCCCCC)CC1)CC(O)CCCCCC/C=C\CCCCCCCC,1.984736422,muscle
CCCCC/C=C\C/C=C\CCCCCCC(O)CN(CCCCSSCCN1CCN(CCOC(=O)CCCN(CC(O)CCCCCCCC)CC(O)CCCCCCCC)CC1)CC(O)CCCCCC/C=C\C/C=C\CCCCC,1.801458571,muscle
CC/C=C\C/C=C\C/C=C\CCCCCCC(O)CN(CCCCSSCCN1CCN(CCOC(=O)CCCN(CC(O)CCCCCCCC)CC(O)CCCCCCCC)CC1)CC(O)CCCCCC/C=C\C/C=C\C/C=C\CC,0.070501082,muscle
CCCCCCCCCCC(O)CN(CCCC(=O)OCCN1CCN(CCSSCCCN(CC(O)CCCCCCCC)CC(O)CCCCCCCC)CC1)CC(O)CCCCCCCCCC,1.709819644,muscle
CCCCCCCCCCC(O)CN(CCCSSCCN1CCN(CCOC(=O)CCCN(CC(O)CCCCCCCCCC)CC(O)CCCCCCCCCC)CC1)CC(O)CCCCCCCCCC,1.088711369,muscle
CCCCCCCCCCCCC(O)CN(CCCSSCCN1CCN(CCOC(=O)CCCN(CC(O)CCCCCCCCCC)CC(O)CCCCCCCCCC)CC1)CC(O)CCCCCCCCCCCC,1.485813381,muscle
CCCCCCCC/C=C\CCCCCCC(O)CN(CCCSSCCN1CCN(CCOC(=O)CCCN(CC(O)CCCCCCCCCC)CC(O)CCCCCCCCCC)CC1)CC(O)CCCCCC/C=C\CCCCCCCC,1.170168192,muscle
CCCCC/C=C\C/C=C\CCCCCCC(O)CN(CCCSSCCN1CCN(CCOC(=O)CCCN(CC(O)CCCCCCCCCC)CC(O)CCCCCCCCCC)CC1)CC(O)CCCCCC/C=C\C/C=C\CCCCC,1.495995484,muscle
CC/C=C\C/C=C\C/C=C\CCCCCCC(O)CN(CCCSSCCN1CCN(CCOC(=O)CCCN(CC(O)CCCCCCCCCC)CC(O)CCCCCCCCCC)CC1)CC(O)CCCCCC/C=C\C/C=C\C/C=C\CC,1.984736422,muscle
CCCCCCCCCCC(O)CN(CCCC(=O)OCCN1CCN(CCSSCCCCN(CC(O)CCCCCCCC)CC(O)CCCCCCCC)CC1)CC(O)CCCCCCCCCC,1.088711369,muscle
CCCCCCCCCCC(O)CN(CCCCSSCCN1CCN(CCOC(=O)CCCN(CC(O)CCCCCCCCCC)CC(O)CCCCCCCCCC)CC1)CC(O)CCCCCCCCCC,1.200714501,muscle
CCCCCCCCCCCCC(O)CN(CCCCSSCCN1CCN(CCOC(=O)CCCN(CC(O)CCCCCCCCCC)CC(O)CCCCCCCCCC)CC1)CC(O)CCCCCCCCCCCC,1.047982957,muscle
CCCCCCCC/C=C\CCCCCCC(O)CN(CCCCSSCCN1CCN(CCOC(=O)CCCN(CC(O)CCCCCCCCCC)CC(O)CCCCCCCCCC)CC1)CC(O)CCCCCC/C=C\CCCCCCCC,1.139621884,muscle
CCCCC/C=C\C/C=C\CCCCCCC(O)CN(CCCCSSCCN1CCN(CCOC(=O)CCCN(CC(O)CCCCCCCCCC)CC(O)CCCCCCCCCC)CC1)CC(O)CCCCCC/C=C\C/C=C\CCCCC,2.280017407,muscle
CC/C=C\C/C=C\C/C=C\CCCCCCC(O)CN(CCCCSSCCN1CCN(CCOC(=O)CCCN(CC(O)CCCCCCCCCC)CC(O)CCCCCCCCCC)CC1)CC(O)CCCCCC/C=C\C/C=C\C/C=C\CC,0.192686316,muscle
CCCCCCCCCCCCC(O)CN(CCCC(=O)OCCN1CCN(CCSSCCCN(CC(O)CCCCCCCC)CC(O)CCCCCCCC)CC1)CC(O)CCCCCCCCCCCC,-0.245144108,muscle
CCCCCCCCCCCCC(O)CN(CCCC(=O)OCCN1CCN(CCSSCCCN(CC(O)CCCCCCCCCC)CC(O)CCCCCCCCCC)CC1)CC(O)CCCCCCCCCCCC,0.345417859,muscle
CCCCCCCCCCCCC(O)CN(CCCSSCCN1CCN(CCOC(=O)CCCN(CC(O)CCCCCCCCCCCC)CC(O)CCCCCCCCCCCC)CC1)CC(O)CCCCCCCCCCCC,-0.458968268,muscle
CCCCCCCC/C=C\CCCCCCC(O)CN(CCCSSCCN1CCN(CCOC(=O)CCCN(CC(O)CCCCCCCCCCCC)CC(O)CCCCCCCCCCCC)CC1)CC(O)CCCCCC/C=C\CCCCCCCC,0.447238888,muscle
CCCCC/C=C\C/C=C\CCCCCCC(O)CN(CCCSSCCN1CCN(CCOC(=O)CCCN(CC(O)CCCCCCCCCCCC)CC(O)CCCCCCCCCCCC)CC1)CC(O)CCCCCC/C=C\C/C=C\CCCCC,-0.550607194,muscle
CC/C=C\C/C=C\C/C=C\CCCCCCC(O)CN(CCCSSCCN1CCN(CCOC(=O)CCCN(CC(O)CCCCCCCCCCCC)CC(O)CCCCCCCCCCCC)CC1)CC(O)CCCCCC/C=C\C/C=C\C/C=C\CC,-0.133140976,muscle
CCCCCCCCCCCCC(O)CN(CCCC(=O)OCCN1CCN(CCSSCCCCN(CC(O)CCCCCCCC)CC(O)CCCCCCCC)CC1)CC(O)CCCCCCCCCCCC,1.37381025,muscle
CCCCCCCCCCCCC(O)CN(CCCC(=O)OCCN1CCN(CCSSCCCCN(CC(O)CCCCCCCCCC)CC(O)CCCCCCCCCC)CC1)CC(O)CCCCCCCCCCCC,1.740365953,muscle
CCCCCCCCCCCCC(O)CN(CCCCSSCCN1CCN(CCOC(=O)CCCN(CC(O)CCCCCCCCCCCC)CC(O)CCCCCCCCCCCC)CC1)CC(O)CCCCCCCCCCCC,1.322899735,muscle
CCCCCCCC/C=C\CCCCCCC(O)CN(CCCCSSCCN1CCN(CCOC(=O)CCCN(CC(O)CCCCCCCCCCCC)CC(O)CCCCCCCCCCCC)CC1)CC(O)CCCCCC/C=C\CCCCCCCC,0.732337769,muscle
CCCCC/C=C\C/C=C\CCCCCCC(O)CN(CCCCSSCCN1CCN(CCOC(=O)CCCN(CC(O)CCCCCCCCCCCC)CC(O)CCCCCCCCCCCC)CC1)CC(O)CCCCCC/C=C\C/C=C\CCCCC,1.322899735,muscle
CC/C=C\C/C=C\C/C=C\CCCCCCC(O)CN(CCCCSSCCN1CCN(CCOC(=O)CCCN(CC(O)CCCCCCCCCCCC)CC(O)CCCCCCCCCCCC)CC1)CC(O)CCCCCC/C=C\C/C=C\C/C=C\CC,0.426874682,muscle
CCCCCCCC/C=C\CCCCCCC(O)CN(CCCC(=O)OCCN1CCN(CCSSCCCN(CC(O)CCCCCCCC)CC(O)CCCCCCCC)CC1)CC(O)CCCCCC/C=C\CCCCCCCC,1.282171323,muscle
CCCCCCCC/C=C\CCCCCCC(O)CN(CCCC(=O)OCCN1CCN(CCSSCCCN(CC(O)CCCCCCCCCC)CC(O)CCCCCCCCCC)CC1)CC(O)CCCCCC/C=C\CCCCCCCC,0.91561562,muscle
CCCCCCCC/C=C\CCCCCCC(O)CN(CCCC(=O)OCCN1CCN(CCSSCCCN(CC(O)CCCCCCCCCCCC)CC(O)CCCCCCCCCCCC)CC1)CC(O)CCCCCC/C=C\CCCCCCCC,0.661063048,muscle
CCCCCCCC/C=C\CCCCCCC(O)CN(CCCSSCCN1CCN(CCOC(=O)CCCN(CC(O)CCCCCC/C=C\CCCCCCCC)CC(O)CCCCCC/C=C\CCCCCCCC)CC1)CC(O)CCCCCC/C=C\CCCCCCCC,0.263961036,muscle
CCCCC/C=C\C/C=C\CCCCCCC(O)CN(CCCSSCCN1CCN(CCOC(=O)CCCN(CC(O)CCCCCC/C=C\CCCCCCCC)CC(O)CCCCCC/C=C\CCCCCCCC)CC1)CC(O)CCCCCC/C=C\C/C=C\CCCCC,0.508331505,muscle
CC/C=C\C/C=C\C/C=C\CCCCCCC(O)CN(CCCSSCCN1CCN(CCOC(=O)CCCN(CC(O)CCCCCC/C=C\CCCCCCCC)CC(O)CCCCCC/C=C\CCCCCCCC)CC1)CC(O)CCCCCC/C=C\C/C=C\C/C=C\CC,0.997072444,muscle
CCCCCCCC/C=C\CCCCCCC(O)CN(CCCC(=O)OCCN1CCN(CCSSCCCCN(CC(O)CCCCCCCC)CC(O)CCCCCCCC)CC1)CC(O)CCCCCC/C=C\CCCCCCCC,0.783248283,muscle
CCCCCCCC/C=C\CCCCCCC(O)CN(CCCC(=O)OCCN1CCN(CCSSCCCCN(CC(O)CCCCCCCCCC)CC(O)CCCCCCCCCC)CC1)CC(O)CCCCCC/C=C\CCCCCCCC,2.127285862,muscle
CCCCCCCC/C=C\CCCCCCC(O)CN(CCCC(=O)OCCN1CCN(CCSSCCCCN(CC(O)CCCCCCCCCCCC)CC(O)CCCCCCCCCCCC)CC1)CC(O)CCCCCC/C=C\CCCCCCCC,0.711973563,muscle
CCCCCCCC/C=C\CCCCCCC(O)CN(CCCCSSCCN1CCN(CCOC(=O)CCCN(CC(O)CCCCCC/C=C\CCCCCCCC)CC(O)CCCCCC/C=C\CCCCCCCC)CC1)CC(O)CCCCCC/C=C\CCCCCCCC,0.447238888,muscle
CCCCC/C=C\C/C=C\CCCCCCC(O)CN(CCCCSSCCN1CCN(CCOC(=O)CCCN(CC(O)CCCCCC/C=C\CCCCCCCC)CC(O)CCCCCC/C=C\CCCCCCCC)CC1)CC(O)CCCCCC/C=C\C/C=C\CCCCC,0.650880945,muscle
CC/C=C\C/C=C\C/C=C\CCCCCCC(O)CN(CCCCSSCCN1CCN(CCOC(=O)CCCN(CC(O)CCCCCC/C=C\CCCCCCCC)CC(O)CCCCCC/C=C\CCCCCCCC)CC1)CC(O)CCCCCC/C=C\C/C=C\C/C=C\CC,0.661063048,muscle
CCCCC/C=C\C/C=C\CCCCCCC(O)CN(CCCC(=O)OCCN1CCN(CCSSCCCN(CC(O)CCCCCCCC)CC(O)CCCCCCCC)CC1)CC(O)CCCCCC/C=C\C/C=C\CCCCC,0.956344032,muscle
CCCCC/C=C\C/C=C\CCCCCCC(O)CN(CCCC(=O)OCCN1CCN(CCSSCCCN(CC(O)CCCCCCCCCC)CC(O)CCCCCCCCCC)CC1)CC(O)CCCCCC/C=C\C/C=C\CCCCC,1.333081838,muscle
CCCCC/C=C\C/C=C\CCCCCCC(O)CN(CCCC(=O)OCCN1CCN(CCSSCCCN(CC(O)CCCCCCCCCCCC)CC(O)CCCCCCCCCCCC)CC1)CC(O)CCCCCC/C=C\C/C=C\CCCCC,0.823976695,muscle
CCCCC/C=C\C/C=C\CCCCCCC(O)CN(CCCC(=O)OCCN1CCN(CCSSCCCN(CC(O)CCCCCC/C=C\CCCCCCCC)CC(O)CCCCCC/C=C\CCCCCCCC)CC1)CC(O)CCCCCC/C=C\C/C=C\CCCCC,0.610152535,muscle
CCCCC/C=C\C/C=C\CCCCCCC(O)CN(CCCSSCCN1CCN(CCOC(=O)CCCN(CC(O)CCCCCC/C=C\C/C=C\CCCCC)CC(O)CCCCCC/C=C\C/C=C\CCCCC)CC1)CC(O)CCCCCC/C=C\C/C=C\CCCCC,0.783248283,muscle
CC/C=C\C/C=C\C/C=C\CCCCCCC(O)CN(CCCSSCCN1CCN(CCOC(=O)CCCN(CC(O)CCCCCC/C=C\C/C=C\CCCCC)CC(O)CCCCCC/C=C\C/C=C\CCCCC)CC1)CC(O)CCCCCC/C=C\C/C=C\C/C=C\CC,-0.194233593,muscle
CCCCC/C=C\C/C=C\CCCCCCC(O)CN(CCCC(=O)OCCN1CCN(CCSSCCCCN(CC(O)CCCCCCCC)CC(O)CCCCCCCC)CC1)CC(O)CCCCCC/C=C\C/C=C\CCCCC,0.762884078,muscle
CCCCC/C=C\C/C=C\CCCCCCC(O)CN(CCCC(=O)OCCN1CCN(CCSSCCCCN(CC(O)CCCCCCCCCC)CC(O)CCCCCCCCCC)CC1)CC(O)CCCCCC/C=C\C/C=C\CCCCC,0.345417859,muscle
CCCCC/C=C\C/C=C\CCCCCCC(O)CN(CCCC(=O)OCCN1CCN(CCSSCCCCN(CC(O)CCCCCCCCCCCC)CC(O)CCCCCCCCCCCC)CC1)CC(O)CCCCCC/C=C\C/C=C\CCCCC,1.261807117,muscle
CCCCC/C=C\C/C=C\CCCCCCC(O)CN(CCCC(=O)OCCN1CCN(CCSSCCCCN(CC(O)CCCCCC/C=C\CCCCCCCC)CC(O)CCCCCC/C=C\CCCCCCCC)CC1)CC(O)CCCCCC/C=C\C/C=C\CCCCC,-0.021137844,muscle
CCCCC/C=C\C/C=C\CCCCCCC(O)CN(CCCCSSCCN1CCN(CCOC(=O)CCCN(CC(O)CCCCCC/C=C\C/C=C\CCCCC)CC(O)CCCCCC/C=C\C/C=C\CCCCC)CC1)CC(O)CCCCCC/C=C\C/C=C\CCCCC,0.141775802,muscle
CC/C=C\C/C=C\C/C=C\CCCCCCC(O)CN(CCCCSSCCN1CCN(CCOC(=O)CCCN(CC(O)CCCCCC/C=C\C/C=C\CCCCC)CC(O)CCCCCC/C=C\C/C=C\CCCCC)CC1)CC(O)CCCCCC/C=C\C/C=C\C/C=C\CC,0.151957905,muscle
CC/C=C\C/C=C\C/C=C\CCCCCCC(O)CN(CCCC(=O)OCCN1CCN(CCSSCCCN(CC(O)CCCCCCCC)CC(O)CCCCCCCC)CC1)CC(O)CCCCCC/C=C\C/C=C\C/C=C\CC,-0.479332474,muscle
CC/C=C\C/C=C\C/C=C\CCCCCCC(O)CN(CCCC(=O)OCCN1CCN(CCSSCCCN(CC(O)CCCCCCCCCC)CC(O)CCCCCCCCCC)CC1)CC(O)CCCCCC/C=C\C/C=C\C/C=C\CC,-0.306236725,muscle
CC/C=C\C/C=C\C/C=C\CCCCCCC(O)CN(CCCC(=O)OCCN1CCN(CCSSCCCN(CC(O)CCCCCCCCCCCC)CC(O)CCCCCCCCCCCC)CC1)CC(O)CCCCCC/C=C\C/C=C\C/C=C\CC,-0.652428223,muscle
CC/C=C\C/C=C\C/C=C\CCCCCCC(O)CN(CCCC(=O)OCCN1CCN(CCSSCCCN(CC(O)CCCCCC/C=C\CCCCCCCC)CC(O)CCCCCC/C=C\CCCCCCCC)CC1)CC(O)CCCCCC/C=C\C/C=C\C/C=C\CC,-0.489514577,muscle
CC/C=C\C/C=C\C/C=C\CCCCCCC(O)CN(CCCC(=O)OCCN1CCN(CCSSCCCN(CC(O)CCCCCC/C=C\C/C=C\CCCCC)CC(O)CCCCCC/C=C\C/C=C\CCCCC)CC1)CC(O)CCCCCC/C=C\C/C=C\C/C=C\CC,-0.5709714,muscle
CC/C=C\C/C=C\C/C=C\CCCCCCC(O)CN(CCCSSCCN1CCN(CCOC(=O)CCCN(CC(O)CCCCCC/C=C\C/C=C\C/C=C\CC)CC(O)CCCCCC/C=C\C/C=C\C/C=C\CC)CC1)CC(O)CCCCCC/C=C\C/C=C\C/C=C\CC,-0.947709206,muscle
CC/C=C\C/C=C\C/C=C\CCCCCCC(O)CN(CCCC(=O)OCCN1CCN(CCSSCCCCN(CC(O)CCCCCCCC)CC(O)CCCCCCCC)CC1)CC(O)CCCCCC/C=C\C/C=C\C/C=C\CC,-0.550607194,muscle
CC/C=C\C/C=C\C/C=C\CCCCCCC(O)CN(CCCC(=O)OCCN1CCN(CCSSCCCCN(CC(O)CCCCCCCCCC)CC(O)CCCCCCCCCC)CC1)CC(O)CCCCCC/C=C\C/C=C\C/C=C\CC,0.070501082,muscle
CC/C=C\C/C=C\C/C=C\CCCCCCC(O)CN(CCCC(=O)OCCN1CCN(CCSSCCCCN(CC(O)CCCCCCCCCCCC)CC(O)CCCCCCCCCCCC)CC1)CC(O)CCCCCC/C=C\C/C=C\C/C=C\CC,0.009408464,muscle
CC/C=C\C/C=C\C/C=C\CCCCCCC(O)CN(CCCC(=O)OCCN1CCN(CCSSCCCCN(CC(O)CCCCCC/C=C\CCCCCCCC)CC(O)CCCCCC/C=C\CCCCCCCC)CC1)CC(O)CCCCCC/C=C\C/C=C\C/C=C\CC,0.233414728,muscle
CC/C=C\C/C=C\C/C=C\CCCCCCC(O)CN(CCCC(=O)OCCN1CCN(CCSSCCCCN(CC(O)CCCCCC/C=C\C/C=C\CCCCC)CC(O)CCCCCC/C=C\C/C=C\CCCCC)CC1)CC(O)CCCCCC/C=C\C/C=C\C/C=C\CC,0.141775802,muscle
CC/C=C\C/C=C\C/C=C\CCCCCCC(O)CN(CCCCSSCCN1CCN(CCOC(=O)CCCN(CC(O)CCCCCC/C=C\C/C=C\C/C=C\CC)CC(O)CCCCCC/C=C\C/C=C\C/C=C\CC)CC1)CC(O)CCCCCC/C=C\C/C=C\C/C=C\CC,0.02977267,muscle
CCCCCCCCC(O)CN(CCCCC(=O)OCCN1CCN(CCSSCCCN(CC(O)CCCCCCCC)CC(O)CCCCCCCC)CC1)CC(O)CCCCCCCC,0.823976695,muscle
CCCCCCCCCCC(O)CN(CCCSSCCN1CCN(CCOC(=O)CCCCN(CC(O)CCCCCCCC)CC(O)CCCCCCCC)CC1)CC(O)CCCCCCCCCC,0.640698842,muscle
CCCCCCCCCCCCC(O)CN(CCCSSCCN1CCN(CCOC(=O)CCCCN(CC(O)CCCCCCCC)CC(O)CCCCCCCC)CC1)CC(O)CCCCCCCCCCCC,0.202868419,muscle
CCCCCCCC/C=C\CCCCCCC(O)CN(CCCSSCCN1CCN(CCOC(=O)CCCCN(CC(O)CCCCCCCC)CC(O)CCCCCCCC)CC1)CC(O)CCCCCC/C=C\CCCCCCCC,0.956344032,muscle
CCCCC/C=C\C/C=C\CCCCCCC(O)CN(CCCSSCCN1CCN(CCOC(=O)CCCCN(CC(O)CCCCCCCC)CC(O)CCCCCCCC)CC1)CC(O)CCCCCC/C=C\C/C=C\CCCCC,0.599970432,muscle
CC/C=C\C/C=C\C/C=C\CCCCCCC(O)CN(CCCSSCCN1CCN(CCOC(=O)CCCCN(CC(O)CCCCCCCC)CC(O)CCCCCCCC)CC1)CC(O)CCCCCC/C=C\C/C=C\C/C=C\CC,-0.245144108,muscle
CCCCCCCCC(O)CN(CCCCSSCCN1CCN(CCOC(=O)CCCCN(CC(O)CCCCCCCC)CC(O)CCCCCCCC)CC1)CC(O)CCCCCCCC,1.964372217,muscle
CCCCCCCCCCC(O)CN(CCCCSSCCN1CCN(CCOC(=O)CCCCN(CC(O)CCCCCCCC)CC(O)CCCCCCCC)CC1)CC(O)CCCCCCCCCC,2.371656332,muscle
CCCCCCCCCCCCC(O)CN(CCCCSSCCN1CCN(CCOC(=O)CCCCN(CC(O)CCCCCCCC)CC(O)CCCCCCCC)CC1)CC(O)CCCCCCCCCCCC,1.679273335,muscle
CCCCCCCC/C=C\CCCCCCC(O)CN(CCCCSSCCN1CCN(CCOC(=O)CCCCN(CC(O)CCCCCCCC)CC(O)CCCCCCCC)CC1)CC(O)CCCCCC/C=C\CCCCCCCC,1.903279599,muscle
CCCCC/C=C\C/C=C\CCCCCCC(O)CN(CCCCSSCCN1CCN(CCOC(=O)CCCCN(CC(O)CCCCCCCC)CC(O)CCCCCCCC)CC1)CC(O)CCCCCC/C=C\C/C=C\CCCCC,1.964372217,muscle
CC/C=C\C/C=C\C/C=C\CCCCCCC(O)CN(CCCCSSCCN1CCN(CCOC(=O)CCCCN(CC(O)CCCCCCCC)CC(O)CCCCCCCC)CC1)CC(O)CCCCCC/C=C\C/C=C\C/C=C\CC,0.111229493,muscle
CCCCCCCCCCC(O)CN(CCCCC(=O)OCCN1CCN(CCSSCCCN(CC(O)CCCCCCCC)CC(O)CCCCCCCC)CC1)CC(O)CCCCCCCCCC,3.237135076,muscle
CCCCCCCCCCC(O)CN(CCCCC(=O)OCCN1CCN(CCSSCCCN(CC(O)CCCCCCCCCC)CC(O)CCCCCCCCCC)CC1)CC(O)CCCCCCCCCC,2.554934183,muscle
CCCCCCCCCCCCC(O)CN(CCCSSCCN1CCN(CCOC(=O)CCCCN(CC(O)CCCCCCCCCC)CC(O)CCCCCCCCCC)CC1)CC(O)CCCCCCCCCCCC,1.903279599,muscle
CCCCCCCC/C=C\CCCCCCC(O)CN(CCCSSCCN1CCN(CCOC(=O)CCCCN(CC(O)CCCCCCCCCC)CC(O)CCCCCCCCCC)CC1)CC(O)CCCCCC/C=C\CCCCCCCC,1.760730159,muscle
CCCCC/C=C\C/C=C\CCCCCCC(O)CN(CCCSSCCN1CCN(CCOC(=O)CCCCN(CC(O)CCCCCCCCCC)CC(O)CCCCCCCCCC)CC1)CC(O)CCCCCC/C=C\C/C=C\CCCCC,1.210896604,muscle
CC/C=C\C/C=C\C/C=C\CCCCCCC(O)CN(CCCSSCCN1CCN(CCOC(=O)CCCCN(CC(O)CCCCCCCCCC)CC(O)CCCCCCCCCC)CC1)CC(O)CCCCCC/C=C\C/C=C\C/C=C\CC,-0.275690416,muscle
CCCCCCCCCCC(O)CN(CCCCC(=O)OCCN1CCN(CCSSCCCCN(CC(O)CCCCCCCC)CC(O)CCCCCCCC)CC1)CC(O)CCCCCCCCCC,0.579606226,muscle
CCCCCCCCCCC(O)CN(CCCCSSCCN1CCN(CCOC(=O)CCCCN(CC(O)CCCCCCCCCC)CC(O)CCCCCCCCCC)CC1)CC(O)CCCCCCCCCC,2.096739555,muscle
CCCCCCCCCCCCC(O)CN(CCCCSSCCN1CCN(CCOC(=O)CCCCN(CC(O)CCCCCCCCCC)CC(O)CCCCCCCCCC)CC1)CC(O)CCCCCCCCCCCC,3.125131945,muscle
CCCCCCCC/C=C\CCCCCCC(O)CN(CCCCSSCCN1CCN(CCOC(=O)CCCCN(CC(O)CCCCCCCCCC)CC(O)CCCCCCCCCC)CC1)CC(O)CCCCCC/C=C\CCCCCCCC,1.221078707,muscle
CCCCC/C=C\C/C=C\CCCCCCC(O)CN(CCCCSSCCN1CCN(CCOC(=O)CCCCN(CC(O)CCCCCCCCCC)CC(O)CCCCCCCCCC)CC1)CC(O)CCCCCC/C=C\C/C=C\CCCCC,1.292353426,muscle
CC/C=C\C/C=C\C/C=C\CCCCCCC(O)CN(CCCCSSCCN1CCN(CCOC(=O)CCCCN(CC(O)CCCCCCCCCC)CC(O)CCCCCCCCCC)CC1)CC(O)CCCCCC/C=C\C/C=C\C/C=C\CC,0.345417859,muscle
CCCCCCCCCCCCC(O)CN(CCCCC(=O)OCCN1CCN(CCSSCCCN(CC(O)CCCCCCCC)CC(O)CCCCCCCC)CC1)CC(O)CCCCCCCCCCCC,0.640698842,muscle
CCCCCCCCCCCCC(O)CN(CCCCC(=O)OCCN1CCN(CCSSCCCN(CC(O)CCCCCCCCCC)CC(O)CCCCCCCCCC)CC1)CC(O)CCCCCCCCCCCC,0.233414728,muscle
CCCCCCCCCCCCC(O)CN(CCCCC(=O)OCCN1CCN(CCSSCCCN(CC(O)CCCCCCCCCCCC)CC(O)CCCCCCCCCCCC)CC1)CC(O)CCCCCCCCCCCC,-0.092412564,muscle
CCCCCCCC/C=C\CCCCCCC(O)CN(CCCSSCCN1CCN(CCOC(=O)CCCCN(CC(O)CCCCCCCCCCCC)CC(O)CCCCCCCCCCCC)CC1)CC(O)CCCCCC/C=C\CCCCCCCC,0.192686316,muscle
CCCCC/C=C\C/C=C\CCCCCCC(O)CN(CCCSSCCN1CCN(CCOC(=O)CCCCN(CC(O)CCCCCCCCCCCC)CC(O)CCCCCCCCCCCC)CC1)CC(O)CCCCCC/C=C\C/C=C\CCCCC,-0.021137844,muscle
CC/C=C\C/C=C\C/C=C\CCCCCCC(O)CN(CCCSSCCN1CCN(CCOC(=O)CCCCN(CC(O)CCCCCCCCCCCC)CC(O)CCCCCCCCCCCC)CC1)CC(O)CCCCCC/C=C\C/C=C\C/C=C\CC,-0.947709206,muscle
CCCCCCCCCCCCC(O)CN(CCCCC(=O)OCCN1CCN(CCSSCCCCN(CC(O)CCCCCCCC)CC(O)CCCCCCCC)CC1)CC(O)CCCCCCCCCCCC,1.923643805,muscle
CCCCCCCCCCCCC(O)CN(CCCCC(=O)OCCN1CCN(CCSSCCCCN(CC(O)CCCCCCCCCC)CC(O)CCCCCCCCCC)CC1)CC(O)CCCCCCCCCCCC,2.147650068,muscle
CCCCCCCCCCCCC(O)CN(CCCCSSCCN1CCN(CCOC(=O)CCCCN(CC(O)CCCCCCCCCCCC)CC(O)CCCCCCCCCCCC)CC1)CC(O)CCCCCCCCCCCC,0.284325242,muscle
CCCCCCCC/C=C\CCCCCCC(O)CN(CCCCSSCCN1CCN(CCOC(=O)CCCCN(CC(O)CCCCCCCCCCCC)CC(O)CCCCCCCCCCCC)CC1)CC(O)CCCCCC/C=C\CCCCCCCC,0.599970432,muscle
CCCCC/C=C\C/C=C\CCCCCCC(O)CN(CCCCSSCCN1CCN(CCOC(=O)CCCCN(CC(O)CCCCCCCCCCCC)CC(O)CCCCCCCCCCCC)CC1)CC(O)CCCCCC/C=C\C/C=C\CCCCC,0.783248283,muscle
CC/C=C\C/C=C\C/C=C\CCCCCCC(O)CN(CCCCSSCCN1CCN(CCOC(=O)CCCCN(CC(O)CCCCCCCCCCCC)CC(O)CCCCCCCCCCCC)CC1)CC(O)CCCCCC/C=C\C/C=C\C/C=C\CC,-0.021137844,muscle
CCCCCCCC/C=C\CCCCCCC(O)CN(CCCCC(=O)OCCN1CCN(CCSSCCCN(CC(O)CCCCCCCC)CC(O)CCCCCCCC)CC1)CC(O)CCCCCC/C=C\CCCCCCCC,0.426874682,muscle
CCCCCCCC/C=C\CCCCCCC(O)CN(CCCCC(=O)OCCN1CCN(CCSSCCCN(CC(O)CCCCCCCCCC)CC(O)CCCCCCCCCC)CC1)CC(O)CCCCCC/C=C\CCCCCCCC,0.375964168,muscle
CCCCCCCC/C=C\CCCCCCC(O)CN(CCCCC(=O)OCCN1CCN(CCSSCCCN(CC(O)CCCCCCCCCCCC)CC(O)CCCCCCCCCCCC)CC1)CC(O)CCCCCC/C=C\CCCCCCCC,0.253778934,muscle
CCCCCCCC/C=C\CCCCCCC(O)CN(CCCCC(=O)OCCN1CCN(CCSSCCCN(CC(O)CCCCCC/C=C\CCCCCCCC)CC(O)CCCCCC/C=C\CCCCCCCC)CC1)CC(O)CCCCCC/C=C\CCCCCCCC,-0.448786165,muscle
CCCCC/C=C\C/C=C\CCCCCCC(O)CN(CCCSSCCN1CCN(CCOC(=O)CCCCN(CC(O)CCCCCC/C=C\CCCCCCCC)CC(O)CCCCCC/C=C\CCCCCCCC)CC1)CC(O)CCCCCC/C=C\C/C=C\CCCCC,0.518513608,muscle
CC/C=C\C/C=C\C/C=C\CCCCCCC(O)CN(CCCSSCCN1CCN(CCOC(=O)CCCCN(CC(O)CCCCCC/C=C\CCCCCCCC)CC(O)CCCCCC/C=C\CCCCCCCC)CC1)CC(O)CCCCCC/C=C\C/C=C\C/C=C\CC,-0.479332474,muscle
CCCCCCCC/C=C\CCCCCCC(O)CN(CCCCC(=O)OCCN1CCN(CCSSCCCCN(CC(O)CCCCCCCC)CC(O)CCCCCCCC)CC1)CC(O)CCCCCC/C=C\CCCCCCCC,0.661063048,muscle
CCCCCCCC/C=C\CCCCCCC(O)CN(CCCCC(=O)OCCN1CCN(CCSSCCCCN(CC(O)CCCCCCCCCC)CC(O)CCCCCCCCCC)CC1)CC(O)CCCCCC/C=C\CCCCCCCC,1.129439781,muscle
CCCCCCCC/C=C\CCCCCCC(O)CN(CCCCC(=O)OCCN1CCN(CCSSCCCCN(CC(O)CCCCCCCCCCCC)CC(O)CCCCCCCCCCCC)CC1)CC(O)CCCCCC/C=C\CCCCCCCC,1.791276468,muscle
CCCCCCCC/C=C\CCCCCCC(O)CN(CCCCSSCCN1CCN(CCOC(=O)CCCCN(CC(O)CCCCCC/C=C\CCCCCCCC)CC(O)CCCCCC/C=C\CCCCCCCC)CC1)CC(O)CCCCCC/C=C\CCCCCCCC,0.823976695,muscle
CCCCC/C=C\C/C=C\CCCCCCC(O)CN(CCCCSSCCN1CCN(CCOC(=O)CCCCN(CC(O)CCCCCC/C=C\CCCCCCCC)CC(O)CCCCCC/C=C\CCCCCCCC)CC1)CC(O)CCCCCC/C=C\C/C=C\CCCCC,1.047982957,muscle
CC/C=C\C/C=C\C/C=C\CCCCCCC(O)CN(CCCCSSCCN1CCN(CCOC(=O)CCCCN(CC(O)CCCCCC/C=C\CCCCCCCC)CC(O)CCCCCC/C=C\CCCCCCCC)CC1)CC(O)CCCCCC/C=C\C/C=C\C/C=C\CC,0.141775802,muscle
CCCCC/C=C\C/C=C\CCCCCCC(O)CN(CCCCC(=O)OCCN1CCN(CCSSCCCN(CC(O)CCCCCCCC)CC(O)CCCCCCCC)CC1)CC(O)CCCCCC/C=C\C/C=C\CCCCC,0.518513608,muscle
CCCCC/C=C\C/C=C\CCCCCCC(O)CN(CCCCC(=O)OCCN1CCN(CCSSCCCN(CC(O)CCCCCCCCCC)CC(O)CCCCCCCCCC)CC1)CC(O)CCCCCC/C=C\C/C=C\CCCCC,0.997072444,muscle
CCCCC/C=C\C/C=C\CCCCCCC(O)CN(CCCCC(=O)OCCN1CCN(CCSSCCCN(CC(O)CCCCCCCCCCCC)CC(O)CCCCCCCCCCCC)CC1)CC(O)CCCCCC/C=C\C/C=C\CCCCC,0.864705106,muscle
CCCCC/C=C\C/C=C\CCCCCCC(O)CN(CCCCC(=O)OCCN1CCN(CCSSCCCN(CC(O)CCCCCC/C=C\CCCCCCCC)CC(O)CCCCCC/C=C\CCCCCCCC)CC1)CC(O)CCCCCC/C=C\C/C=C\CCCCC,0.375964168,muscle
CCCCC/C=C\C/C=C\CCCCCCC(O)CN(CCCCC(=O)OCCN1CCN(CCSSCCCN(CC(O)CCCCCC/C=C\C/C=C\CCCCC)CC(O)CCCCCC/C=C\C/C=C\CCCCC)CC1)CC(O)CCCCCC/C=C\C/C=C\CCCCC,0.640698842,muscle
CC/C=C\C/C=C\C/C=C\CCCCCCC(O)CN(CCCSSCCN1CCN(CCOC(=O)CCCCN(CC(O)CCCCCC/C=C\C/C=C\CCCCC)CC(O)CCCCCC/C=C\C/C=C\CCCCC)CC1)CC(O)CCCCCC/C=C\C/C=C\C/C=C\CC,-0.092412564,muscle
CCCCC/C=C\C/C=C\CCCCCCC(O)CN(CCCCC(=O)OCCN1CCN(CCSSCCCCN(CC(O)CCCCCCCC)CC(O)CCCCCCCC)CC1)CC(O)CCCCCC/C=C\C/C=C\CCCCC,1.322899735,muscle
CCCCC/C=C\C/C=C\CCCCCCC(O)CN(CCCCC(=O)OCCN1CCN(CCSSCCCCN(CC(O)CCCCCCCCCC)CC(O)CCCCCCCCCC)CC1)CC(O)CCCCCC/C=C\C/C=C\CCCCC,0.783248283,muscle
CCCCC/C=C\C/C=C\CCCCCCC(O)CN(CCCCC(=O)OCCN1CCN(CCSSCCCCN(CC(O)CCCCCCCCCCCC)CC(O)CCCCCCCCCCCC)CC1)CC(O)CCCCCC/C=C\C/C=C\CCCCC,0.579606226,muscle
CCCCC/C=C\C/C=C\CCCCCCC(O)CN(CCCCC(=O)OCCN1CCN(CCSSCCCCN(CC(O)CCCCCC/C=C\CCCCCCCC)CC(O)CCCCCC/C=C\CCCCCCCC)CC1)CC(O)CCCCCC/C=C\C/C=C\CCCCC,0.263961036,muscle
CCCCC/C=C\C/C=C\CCCCCCC(O)CN(CCCCSSCCN1CCN(CCOC(=O)CCCCN(CC(O)CCCCCC/C=C\C/C=C\CCCCC)CC(O)CCCCCC/C=C\C/C=C\CCCCC)CC1)CC(O)CCCCCC/C=C\C/C=C\CCCCC,0.518513608,muscle
CC/C=C\C/C=C\C/C=C\CCCCCCC(O)CN(CCCCSSCCN1CCN(CCOC(=O)CCCCN(CC(O)CCCCCC/C=C\C/C=C\CCCCC)CC(O)CCCCCC/C=C\C/C=C\CCCCC)CC1)CC(O)CCCCCC/C=C\C/C=C\C/C=C\CC,-0.5709714,muscle
CC/C=C\C/C=C\C/C=C\CCCCCCC(O)CN(CCCCC(=O)OCCN1CCN(CCSSCCCN(CC(O)CCCCCCCC)CC(O)CCCCCCCC)CC1)CC(O)CCCCCC/C=C\C/C=C\C/C=C\CC,-0.234962005,muscle
CC/C=C\C/C=C\C/C=C\CCCCCCC(O)CN(CCCCC(=O)OCCN1CCN(CCSSCCCN(CC(O)CCCCCCCCCC)CC(O)CCCCCCCCCC)CC1)CC(O)CCCCCC/C=C\C/C=C\C/C=C\CC,-0.326600931,muscle
CC/C=C\C/C=C\C/C=C\CCCCCCC(O)CN(CCCCC(=O)OCCN1CCN(CCSSCCCN(CC(O)CCCCCCCCCCCC)CC(O)CCCCCCCCCCCC)CC1)CC(O)CCCCCC/C=C\C/C=C\C/C=C\CC,-0.326600931,muscle
CC/C=C\C/C=C\C/C=C\CCCCCCC(O)CN(CCCCC(=O)OCCN1CCN(CCSSCCCN(CC(O)CCCCCC/C=C\CCCCCCCC)CC(O)CCCCCC/C=C\CCCCCCCC)CC1)CC(O)CCCCCC/C=C\C/C=C\C/C=C\CC,0.599970432,muscle
CC/C=C\C/C=C\C/C=C\CCCCCCC(O)CN(CCCCC(=O)OCCN1CCN(CCSSCCCN(CC(O)CCCCCC/C=C\C/C=C\CCCCC)CC(O)CCCCCC/C=C\C/C=C\CCCCC)CC1)CC(O)CCCCCC/C=C\C/C=C\C/C=C\CC,-0.092412564,muscle
CC/C=C\C/C=C\C/C=C\CCCCCCC(O)CN(CCCCC(=O)OCCN1CCN(CCSSCCCN(CC(O)CCCCCC/C=C\C/C=C\C/C=C\CC)CC(O)CCCCCC/C=C\C/C=C\C/C=C\CC)CC1)CC(O)CCCCCC/C=C\C/C=C\C/C=C\CC,-0.601517708,muscle
CC/C=C\C/C=C\C/C=C\CCCCCCC(O)CN(CCCCC(=O)OCCN1CCN(CCSSCCCCN(CC(O)CCCCCCCC)CC(O)CCCCCCCC)CC1)CC(O)CCCCCC/C=C\C/C=C\C/C=C\CC,-0.194233593,muscle
CC/C=C\C/C=C\C/C=C\CCCCCCC(O)CN(CCCCC(=O)OCCN1CCN(CCSSCCCCN(CC(O)CCCCCCCCCC)CC(O)CCCCCCCCCC)CC1)CC(O)CCCCCC/C=C\C/C=C\C/C=C\CC,0.864705106,muscle
CC/C=C\C/C=C\C/C=C\CCCCCCC(O)CN(CCCCC(=O)OCCN1CCN(CCSSCCCCN(CC(O)CCCCCCCCCCCC)CC(O)CCCCCCCCCCCC)CC1)CC(O)CCCCCC/C=C\C/C=C\C/C=C\CC,-0.010955741,muscle
CC/C=C\C/C=C\C/C=C\CCCCCCC(O)CN(CCCCC(=O)OCCN1CCN(CCSSCCCCN(CC(O)CCCCCC/C=C\CCCCCCCC)CC(O)CCCCCC/C=C\CCCCCCCC)CC1)CC(O)CCCCCC/C=C\C/C=C\C/C=C\CC,-0.326600931,muscle
CC/C=C\C/C=C\C/C=C\CCCCCCC(O)CN(CCCCC(=O)OCCN1CCN(CCSSCCCCN(CC(O)CCCCCC/C=C\C/C=C\CCCCC)CC(O)CCCCCC/C=C\C/C=C\CCCCC)CC1)CC(O)CCCCCC/C=C\C/C=C\C/C=C\CC,-0.061866256,muscle
CC/C=C\C/C=C\C/C=C\CCCCCCC(O)CN(CCCCSSCCN1CCN(CCOC(=O)CCCCN(CC(O)CCCCCC/C=C\C/C=C\C/C=C\CC)CC(O)CCCCCC/C=C\C/C=C\C/C=C\CC)CC1)CC(O)CCCCCC/C=C\C/C=C\C/C=C\CC,-0.458968268,muscle
CCCCOC(=O)CCCCCCC(O)CN(CCCC(=O)OCCN1CCN(CCSSCCCN(CC(O)CCCCC(=O)OCCCC)CC(O)CCCCC(=O)OCCCC)CC1)CC(O)CCCCCCC(=O)OCCCC,-1.138733096,muscle
CCCCOC(=O)CCCCCCC(O)CN(CCCSSCCN1CCN(CCOC(=O)CCCN(CC(O)CCCCCCC(=O)OCCCC)CC(O)CCCCCCC(=O)OCCCC)CC1)CC(O)CCCCCCC(=O)OCCCC,-1.138733096,muscle
CCCCOC(=O)CCCCCCC(O)CN(CCCC(=O)OCCN1CCN(CCSSCCCN(CC(O)CCCCC(=O)OC(C)C)CC(O)CCCCC(=O)OC(C)C)CC1)CC(O)CCCCCCC(=O)OCCCC,-1.138733096,muscle
CCCCOC(=O)CCCCCCC(O)CN(CCCC(=O)OCCN1CCN(CCSSCCCN(CC(O)CCCCC(=O)OCCC(C)C)CC(O)CCCCC(=O)OCCC(C)C)CC1)CC(O)CCCCCCC(=O)OCCCC,-1.138733096,muscle
CCCCOC(=O)CCCCCCC(O)CN(CCCC(=O)OCCN1CCN(CCSSCCCN(CC(O)CCCCCCC(=O)OCCC(C)C)CC(O)CCCCCCC(=O)OCCC(C)C)CC1)CC(O)CCCCCCC(=O)OCCCC,-0.703845583,muscle
CCCCOC(=O)CCCCCCC(O)CN(CCCC(=O)OCCN1CCN(CCSSCCCN(CC(O)CCCCC(=O)OCC(CC)CC)CC(O)CCCCC(=O)OCC(CC)CC)CC1)CC(O)CCCCCCC(=O)OCCCC,-1.138733096,muscle
CCCCOC(=O)CCCCCCC(O)CN(CCCC(=O)OCCN1CCN(CCSSCCCN(CC(O)CCCCCCC(=O)OCC(CC)CC)CC(O)CCCCCCC(=O)OCC(CC)CC)CC1)CC(O)CCCCCCC(=O)OCCCC,0.26081399,muscle
CCCCOC(=O)CCCCCCC(O)CN(CCCC(=O)OCCN1CCN(CCSSCCCCN(CC(O)CCCCC(=O)OCCCC)CC(O)CCCCC(=O)OCCCC)CC1)CC(O)CCCCCCC(=O)OCCCC,-1.138733096,muscle
CCCCOC(=O)CCCCCCC(O)CN(CCCCSSCCN1CCN(CCOC(=O)CCCN(CC(O)CCCCCCC(=O)OCCCC)CC(O)CCCCCCC(=O)OCCCC)CC1)CC(O)CCCCCCC(=O)OCCCC,-1.138733096,muscle
CCCCOC(=O)CCCCCCC(O)CN(CCCC(=O)OCCN1CCN(CCSSCCCCN(CC(O)CCCCC(=O)OC(C)C)CC(O)CCCCC(=O)OC(C)C)CC1)CC(O)CCCCCCC(=O)OCCCC,-1.028034456,muscle
CCCCOC(=O)CCCCCCC(O)CN(CCCC(=O)OCCN1CCN(CCSSCCCCN(CC(O)CCCCC(=O)OCCC(C)C)CC(O)CCCCC(=O)OCCC(C)C)CC1)CC(O)CCCCCCC(=O)OCCCC,-1.138733096,muscle
CCCCOC(=O)CCCCCCC(O)CN(CCCC(=O)OCCN1CCN(CCSSCCCCN(CC(O)CCCCCCC(=O)OCCC(C)C)CC(O)CCCCCCC(=O)OCCC(C)C)CC1)CC(O)CCCCCCC(=O)OCCCC,-0.767101949,muscle
CCCCOC(=O)CCCCCCC(O)CN(CCCC(=O)OCCN1CCN(CCSSCCCCN(CC(O)CCCCC(=O)OCC(CC)CC)CC(O)CCCCC(=O)OCC(CC)CC)CC1)CC(O)CCCCCCC(=O)OCCCC,-1.138733096,muscle
CCCCOC(=O)CCCCCCC(O)CN(CCCC(=O)OCCN1CCN(CCSSCCCCN(CC(O)CCCCCCC(=O)OCC(CC)CC)CC(O)CCCCCCC(=O)OCC(CC)CC)CC1)CC(O)CCCCCCC(=O)OCCCC,0.02360262,muscle
CCCCOC(=O)CCCCC(O)CN(CCCSSCCN1CCN(CCOC(=O)CCCN(CC(O)CCCCC(=O)OC(C)C)CC(O)CCCCC(=O)OC(C)C)CC1)CC(O)CCCCC(=O)OCCCC,-1.138733096,muscle
CCCCOC(=O)CCCCCCC(O)CN(CCCSSCCN1CCN(CCOC(=O)CCCN(CC(O)CCCCC(=O)OC(C)C)CC(O)CCCCC(=O)OC(C)C)CC1)CC(O)CCCCCCC(=O)OCCCC,-1.028034456,muscle
CC(C)OC(=O)CCCCC(O)CN(CCCSSCCN1CCN(CCOC(=O)CCCN(CC(O)CCCCC(=O)OC(C)C)CC(O)CCCCC(=O)OC(C)C)CC1)CC(O)CCCCC(=O)OC(C)C,-1.138733096,muscle
CC(C)CCOC(=O)CCCCC(O)CN(CCCSSCCN1CCN(CCOC(=O)CCCN(CC(O)CCCCC(=O)OC(C)C)CC(O)CCCCC(=O)OC(C)C)CC1)CC(O)CCCCC(=O)OCCC(C)C,-1.138733096,muscle
CC(C)CCOC(=O)CCCCCCC(O)CN(CCCSSCCN1CCN(CCOC(=O)CCCN(CC(O)CCCCC(=O)OC(C)C)CC(O)CCCCC(=O)OC(C)C)CC1)CC(O)CCCCCCC(=O)OCCC(C)C,-1.138733096,muscle
CCC(CC)COC(=O)CCCCC(O)CN(CCCSSCCN1CCN(CCOC(=O)CCCN(CC(O)CCCCC(=O)OC(C)C)CC(O)CCCCC(=O)OC(C)C)CC1)CC(O)CCCCC(=O)OCC(CC)CC,-1.138733096,muscle
CCC(CC)COC(=O)CCCCCCC(O)CN(CCCSSCCN1CCN(CCOC(=O)CCCN(CC(O)CCCCC(=O)OC(C)C)CC(O)CCCCC(=O)OC(C)C)CC1)CC(O)CCCCCCC(=O)OCC(CC)CC,-0.790823086,muscle
CCCCOC(=O)CCCCC(O)CN(CCCCSSCCN1CCN(CCOC(=O)CCCN(CC(O)CCCCC(=O)OC(C)C)CC(O)CCCCC(=O)OC(C)C)CC1)CC(O)CCCCC(=O)OCCCC,-1.138733096,muscle
CCCCOC(=O)CCCCCCC(O)CN(CCCCSSCCN1CCN(CCOC(=O)CCCN(CC(O)CCCCC(=O)OC(C)C)CC(O)CCCCC(=O)OC(C)C)CC1)CC(O)CCCCCCC(=O)OCCCC,-1.028034456,muscle
CC(C)OC(=O)CCCCC(O)CN(CCCCSSCCN1CCN(CCOC(=O)CCCN(CC(O)CCCCC(=O)OC(C)C)CC(O)CCCCC(=O)OC(C)C)CC1)CC(O)CCCCC(=O)OC(C)C,-1.138733096,muscle
CC(C)CCOC(=O)CCCCC(O)CN(CCCCSSCCN1CCN(CCOC(=O)CCCN(CC(O)CCCCC(=O)OC(C)C)CC(O)CCCCC(=O)OC(C)C)CC1)CC(O)CCCCC(=O)OCCC(C)C,-1.138733096,muscle
CC(C)CCOC(=O)CCCCCCC(O)CN(CCCCSSCCN1CCN(CCOC(=O)CCCN(CC(O)CCCCC(=O)OC(C)C)CC(O)CCCCC(=O)OC(C)C)CC1)CC(O)CCCCCCC(=O)OCCC(C)C,-1.138733096,muscle
CCC(CC)COC(=O)CCCCC(O)CN(CCCCSSCCN1CCN(CCOC(=O)CCCN(CC(O)CCCCC(=O)OC(C)C)CC(O)CCCCC(=O)OC(C)C)CC1)CC(O)CCCCC(=O)OCC(CC)CC,-1.028034456,muscle
CCC(CC)COC(=O)CCCCCCC(O)CN(CCCCSSCCN1CCN(CCOC(=O)CCCN(CC(O)CCCCC(=O)OC(C)C)CC(O)CCCCC(=O)OC(C)C)CC1)CC(O)CCCCCCC(=O)OCC(CC)CC,-1.138733096,muscle
CCCCOC(=O)CCCCC(O)CN(CCCSSCCN1CCN(CCOC(=O)CCCN(CC(O)CCCCC(=O)OCCC(C)C)CC(O)CCCCC(=O)OCCC(C)C)CC1)CC(O)CCCCC(=O)OCCCC,-1.138733096,muscle
CCCCOC(=O)CCCCCCC(O)CN(CCCSSCCN1CCN(CCOC(=O)CCCN(CC(O)CCCCC(=O)OCCC(C)C)CC(O)CCCCC(=O)OCCC(C)C)CC1)CC(O)CCCCCCC(=O)OCCCC,-1.138733096,muscle
CC(C)CCOC(=O)CCCCC(O)CN(CCCC(=O)OCCN1CCN(CCSSCCCN(CC(O)CCCCC(=O)OC(C)C)CC(O)CCCCC(=O)OC(C)C)CC1)CC(O)CCCCC(=O)OCCC(C)C,-1.138733096,muscle
CC(C)CCOC(=O)CCCCC(O)CN(CCCSSCCN1CCN(CCOC(=O)CCCN(CC(O)CCCCC(=O)OCCC(C)C)CC(O)CCCCC(=O)OCCC(C)C)CC1)CC(O)CCCCC(=O)OCCC(C)C,-1.138733096,muscle
CC(C)CCOC(=O)CCCCCCC(O)CN(CCCSSCCN1CCN(CCOC(=O)CCCN(CC(O)CCCCC(=O)OCCC(C)C)CC(O)CCCCC(=O)OCCC(C)C)CC1)CC(O)CCCCCCC(=O)OCCC(C)C,-1.138733096,muscle
CCC(CC)COC(=O)CCCCC(O)CN(CCCSSCCN1CCN(CCOC(=O)CCCN(CC(O)CCCCC(=O)OCCC(C)C)CC(O)CCCCC(=O)OCCC(C)C)CC1)CC(O)CCCCC(=O)OCC(CC)CC,-0.869893543,muscle
CCC(CC)COC(=O)CCCCCCC(O)CN(CCCSSCCN1CCN(CCOC(=O)CCCN(CC(O)CCCCC(=O)OCCC(C)C)CC(O)CCCCC(=O)OCCC(C)C)CC1)CC(O)CCCCCCC(=O)OCC(CC)CC,0.150115351,muscle
CCCCOC(=O)CCCCC(O)CN(CCCCSSCCN1CCN(CCOC(=O)CCCN(CC(O)CCCCC(=O)OCCC(C)C)CC(O)CCCCC(=O)OCCC(C)C)CC1)CC(O)CCCCC(=O)OCCCC,-1.138733096,muscle
CCCCOC(=O)CCCCCCC(O)CN(CCCCSSCCN1CCN(CCOC(=O)CCCN(CC(O)CCCCC(=O)OCCC(C)C)CC(O)CCCCC(=O)OCCC(C)C)CC1)CC(O)CCCCCCC(=O)OCCCC,-1.138733096,muscle
CC(C)CCOC(=O)CCCCC(O)CN(CCCC(=O)OCCN1CCN(CCSSCCCCN(CC(O)CCCCC(=O)OC(C)C)CC(O)CCCCC(=O)OC(C)C)CC1)CC(O)CCCCC(=O)OCCC(C)C,-1.138733096,muscle
CC(C)CCOC(=O)CCCCC(O)CN(CCCCSSCCN1CCN(CCOC(=O)CCCN(CC(O)CCCCC(=O)OCCC(C)C)CC(O)CCCCC(=O)OCCC(C)C)CC1)CC(O)CCCCC(=O)OCCC(C)C,-1.028034456,muscle
CC(C)CCOC(=O)CCCCCCC(O)CN(CCCCSSCCN1CCN(CCOC(=O)CCCN(CC(O)CCCCC(=O)OCCC(C)C)CC(O)CCCCC(=O)OCCC(C)C)CC1)CC(O)CCCCCCC(=O)OCCC(C)C,-0.996406273,muscle
CCC(CC)COC(=O)CCCCC(O)CN(CCCCSSCCN1CCN(CCOC(=O)CCCN(CC(O)CCCCC(=O)OCCC(C)C)CC(O)CCCCC(=O)OCCC(C)C)CC1)CC(O)CCCCC(=O)OCC(CC)CC,-1.138733096,muscle
CCC(CC)COC(=O)CCCCCCC(O)CN(CCCCSSCCN1CCN(CCOC(=O)CCCN(CC(O)CCCCC(=O)OCCC(C)C)CC(O)CCCCC(=O)OCCC(C)C)CC1)CC(O)CCCCCCC(=O)OCC(CC)CC,-0.371749665,muscle
CCCCOC(=O)CCCCC(O)CN(CCCSSCCN1CCN(CCOC(=O)CCCN(CC(O)CCCC(=O)OC(CC)CC)CC(O)CCCC(=O)OC(CC)CC)CC1)CC(O)CCCCC(=O)OCCCC,-1.138733096,muscle
CCCCOC(=O)CCCCCCC(O)CN(CCCSSCCN1CCN(CCOC(=O)CCCN(CC(O)CCCC(=O)OC(CC)CC)CC(O)CCCC(=O)OC(CC)CC)CC1)CC(O)CCCCCCC(=O)OCCCC,-1.138733096,muscle
CCC(CC)OC(=O)CCCC(O)CN(CCCC(=O)OCCN1CCN(CCSSCCCN(CC(O)CCCCC(=O)OC(C)C)CC(O)CCCCC(=O)OC(C)C)CC1)CC(O)CCCC(=O)OC(CC)CC,-1.028034456,muscle
CCC(CC)OC(=O)CCCC(O)CN(CCCC(=O)OCCN1CCN(CCSSCCCN(CC(O)CCCCC(=O)OCCC(C)C)CC(O)CCCCC(=O)OCCC(C)C)CC1)CC(O)CCCC(=O)OC(CC)CC,-1.138733096,muscle
CCC(CC)OC(=O)CCCC(O)CN(CCCC(=O)OCCN1CCN(CCSSCCCN(CC(O)CCCCCCC(=O)OCCC(C)C)CC(O)CCCCCCC(=O)OCCC(C)C)CC1)CC(O)CCCC(=O)OC(CC)CC,-1.138733096,muscle
CCC(CC)COC(=O)CCCCC(O)CN(CCCSSCCN1CCN(CCOC(=O)CCCN(CC(O)CCCC(=O)OC(CC)CC)CC(O)CCCC(=O)OC(CC)CC)CC1)CC(O)CCCCC(=O)OCC(CC)CC,-1.043848547,muscle
CCC(CC)COC(=O)CCCCCCC(O)CN(CCCSSCCN1CCN(CCOC(=O)CCCN(CC(O)CCCC(=O)OC(CC)CC)CC(O)CCCC(=O)OC(CC)CC)CC1)CC(O)CCCCCCC(=O)OCC(CC)CC,0.782679006,muscle
CCCCOC(=O)CCCCC(O)CN(CCCCSSCCN1CCN(CCOC(=O)CCCN(CC(O)CCCC(=O)OC(CC)CC)CC(O)CCCC(=O)OC(CC)CC)CC1)CC(O)CCCCC(=O)OCCCC,-1.138733096,muscle
CCCCOC(=O)CCCCCCC(O)CN(CCCCSSCCN1CCN(CCOC(=O)CCCN(CC(O)CCCC(=O)OC(CC)CC)CC(O)CCCC(=O)OC(CC)CC)CC1)CC(O)CCCCCCC(=O)OCCCC,-1.138733096,muscle
CCC(CC)OC(=O)CCCC(O)CN(CCCC(=O)OCCN1CCN(CCSSCCCCN(CC(O)CCCCC(=O)OC(C)C)CC(O)CCCCC(=O)OC(C)C)CC1)CC(O)CCCC(=O)OC(CC)CC,-1.138733096,muscle
CCC(CC)OC(=O)CCCC(O)CN(CCCC(=O)OCCN1CCN(CCSSCCCCN(CC(O)CCCCC(=O)OCCC(C)C)CC(O)CCCCC(=O)OCCC(C)C)CC1)CC(O)CCCC(=O)OC(CC)CC,-1.138733096,muscle
CCC(CC)OC(=O)CCCC(O)CN(CCCC(=O)OCCN1CCN(CCSSCCCCN(CC(O)CCCCCCC(=O)OCCC(C)C)CC(O)CCCCCCC(=O)OCCC(C)C)CC1)CC(O)CCCC(=O)OC(CC)CC,-1.028034456,muscle
CCC(CC)COC(=O)CCCCC(O)CN(CCCCSSCCN1CCN(CCOC(=O)CCCN(CC(O)CCCC(=O)OC(CC)CC)CC(O)CCCC(=O)OC(CC)CC)CC1)CC(O)CCCCC(=O)OCC(CC)CC,-1.138733096,muscle
CCC(CC)COC(=O)CCCCCCC(O)CN(CCCCSSCCN1CCN(CCOC(=O)CCCN(CC(O)CCCC(=O)OC(CC)CC)CC(O)CCCC(=O)OC(CC)CC)CC1)CC(O)CCCCCCC(=O)OCC(CC)CC,-0.869893543,muscle
CCCCOC(=O)CCCCC(O)CN(CCCSSCCN1CCN(CCOC(=O)CCCN(CC(O)CCCCC(=O)OCC(CC)CC)CC(O)CCCCC(=O)OCC(CC)CC)CC1)CC(O)CCCCC(=O)OCCCC,-1.138733096,muscle
CCCCOC(=O)CCCCCCC(O)CN(CCCSSCCN1CCN(CCOC(=O)CCCN(CC(O)CCCCC(=O)OCC(CC)CC)CC(O)CCCCC(=O)OCC(CC)CC)CC1)CC(O)CCCCCCC(=O)OCCCC,-0.529890578,muscle
CCC(CC)COC(=O)CCCCC(O)CN(CCCC(=O)OCCN1CCN(CCSSCCCN(CC(O)CCCCC(=O)OC(C)C)CC(O)CCCCC(=O)OC(C)C)CC1)CC(O)CCCCC(=O)OCC(CC)CC,-0.996406273,muscle
CCC(CC)COC(=O)CCCCC(O)CN(CCCC(=O)OCCN1CCN(CCSSCCCN(CC(O)CCCCC(=O)OCCC(C)C)CC(O)CCCCC(=O)OCCC(C)C)CC1)CC(O)CCCCC(=O)OCC(CC)CC,-1.138733096,muscle
CCC(CC)COC(=O)CCCCC(O)CN(CCCC(=O)OCCN1CCN(CCSSCCCN(CC(O)CCCCCCC(=O)OCCC(C)C)CC(O)CCCCCCC(=O)OCCC(C)C)CC1)CC(O)CCCCC(=O)OCC(CC)CC,0.02360262,muscle
CCC(CC)COC(=O)CCCCC(O)CN(CCCSSCCN1CCN(CCOC(=O)CCCN(CC(O)CCCCC(=O)OCC(CC)CC)CC(O)CCCCC(=O)OCC(CC)CC)CC1)CC(O)CCCCC(=O)OCC(CC)CC,0.917098782,muscle
CCC(CC)COC(=O)CCCCCCC(O)CN(CCCSSCCN1CCN(CCOC(=O)CCCN(CC(O)CCCCC(=O)OCC(CC)CC)CC(O)CCCCC(=O)OCC(CC)CC)CC1)CC(O)CCCCCCC(=O)OCC(CC)CC,-0.32430739,muscle
CCCCOC(=O)CCCCC(O)CN(CCCCSSCCN1CCN(CCOC(=O)CCCN(CC(O)CCCCC(=O)OCC(CC)CC)CC(O)CCCCC(=O)OCC(CC)CC)CC1)CC(O)CCCCC(=O)OCCCC,-1.028034456,muscle
CCCCOC(=O)CCCCCCC(O)CN(CCCCSSCCN1CCN(CCOC(=O)CCCN(CC(O)CCCCC(=O)OCC(CC)CC)CC(O)CCCCC(=O)OCC(CC)CC)CC1)CC(O)CCCCCCC(=O)OCCCC,-0.735473766,muscle
CCC(CC)COC(=O)CCCCC(O)CN(CCCC(=O)OCCN1CCN(CCSSCCCCN(CC(O)CCCCC(=O)OCCC(C)C)CC(O)CCCCC(=O)OCCC(C)C)CC1)CC(O)CCCCC(=O)OCC(CC)CC,-1.138733096,muscle
CCC(CC)COC(=O)CCCCC(O)CN(CCCC(=O)OCCN1CCN(CCSSCCCCN(CC(O)CCCCCCC(=O)OCCC(C)C)CC(O)CCCCCCC(=O)OCCC(C)C)CC1)CC(O)CCCCC(=O)OCC(CC)CC,-0.458727167,muscle
CCC(CC)COC(=O)CCCCC(O)CN(CCCCSSCCN1CCN(CCOC(=O)CCCN(CC(O)CCCCC(=O)OCC(CC)CC)CC(O)CCCCC(=O)OCC(CC)CC)CC1)CC(O)CCCCC(=O)OCC(CC)CC,-0.648496263,muscle
CCC(CC)COC(=O)CCCCCCC(O)CN(CCCCSSCCN1CCN(CCOC(=O)CCCN(CC(O)CCCCC(=O)OCC(CC)CC)CC(O)CCCCC(=O)OCC(CC)CC)CC1)CC(O)CCCCCCC(=O)OCC(CC)CC,0.95663401,muscle
CCCCOC(=O)CCCCC(O)CN(CCCSSCCN1CCN(CCOC(=O)CCCN(CC(O)CCCCCCC(=O)OCC(CC)CC)CC(O)CCCCCCC(=O)OCC(CC)CC)CC1)CC(O)CCCCC(=O)OCCCC,-1.099197867,muscle
CCCCOC(=O)CCCCCCC(O)CN(CCCSSCCN1CCN(CCOC(=O)CCCN(CC(O)CCCCCCC(=O)OCC(CC)CC)CC(O)CCCCCCC(=O)OCC(CC)CC)CC1)CC(O)CCCCCCC(=O)OCCCC,-0.442913076,muscle
CCC(CC)COC(=O)CCCCCCC(O)CN(CCCC(=O)OCCN1CCN(CCSSCCCN(CC(O)CCCCC(=O)OC(C)C)CC(O)CCCCC(=O)OC(C)C)CC1)CC(O)CCCCCCC(=O)OCC(CC)CC,-0.790823086,muscle
CCC(CC)COC(=O)CCCCCCC(O)CN(CCCC(=O)OCCN1CCN(CCSSCCCN(CC(O)CCCCC(=O)OCCC(C)C)CC(O)CCCCC(=O)OCCC(C)C)CC1)CC(O)CCCCCCC(=O)OCC(CC)CC,-0.680124446,muscle
CCC(CC)COC(=O)CCCCCCC(O)CN(CCCC(=O)OCCN1CCN(CCSSCCCN(CC(O)CCCCCCC(=O)OCCC(C)C)CC(O)CCCCCCC(=O)OCCC(C)C)CC1)CC(O)CCCCCCC(=O)OCC(CC)CC,0.418954904,muscle
CCC(CC)COC(=O)CCCCCCC(O)CN(CCCC(=O)OCCN1CCN(CCSSCCCN(CC(O)CCCCC(=O)OCC(CC)CC)CC(O)CCCCC(=O)OCC(CC)CC)CC1)CC(O)CCCCCCC(=O)OCC(CC)CC,-0.047560791,muscle
CCC(CC)COC(=O)CCCCCCC(O)CN(CCCSSCCN1CCN(CCOC(=O)CCCN(CC(O)CCCCCCC(=O)OCC(CC)CC)CC(O)CCCCCCC(=O)OCC(CC)CC)CC1)CC(O)CCCCCCC(=O)OCC(CC)CC,-0.545704669,muscle
CCCCOC(=O)CCCCC(O)CN(CCCCSSCCN1CCN(CCOC(=O)CCCN(CC(O)CCCCCCC(=O)OCC(CC)CC)CC(O)CCCCCCC(=O)OCC(CC)CC)CC1)CC(O)CCCCC(=O)OCCCC,-0.996406273,muscle
CCCCOC(=O)CCCCCCC(O)CN(CCCCSSCCN1CCN(CCOC(=O)CCCN(CC(O)CCCCCCC(=O)OCC(CC)CC)CC(O)CCCCCCC(=O)OCC(CC)CC)CC1)CC(O)CCCCCCC(=O)OCCCC,-1.138733096,muscle
CCC(CC)COC(=O)CCCCCCC(O)CN(CCCC(=O)OCCN1CCN(CCSSCCCCN(CC(O)CCCCC(=O)OC(C)C)CC(O)CCCCC(=O)OC(C)C)CC1)CC(O)CCCCCCC(=O)OCC(CC)CC,-1.138733096,muscle
CCC(CC)COC(=O)CCCCCCC(O)CN(CCCC(=O)OCCN1CCN(CCSSCCCCN(CC(O)CCCCC(=O)OCCC(C)C)CC(O)CCCCC(=O)OCCC(C)C)CC1)CC(O)CCCCCCC(=O)OCC(CC)CC,-0.150352385,muscle
CCC(CC)COC(=O)CCCCCCC(O)CN(CCCC(=O)OCCN1CCN(CCSSCCCCN(CC(O)CCCCCCC(=O)OCCC(C)C)CC(O)CCCCCCC(=O)OCCC(C)C)CC1)CC(O)CCCCCCC(=O)OCC(CC)CC,-1.138733096,muscle
CCC(CC)COC(=O)CCCCCCC(O)CN(CCCC(=O)OCCN1CCN(CCSSCCCCN(CC(O)CCCCC(=O)OCC(CC)CC)CC(O)CCCCC(=O)OCC(CC)CC)CC1)CC(O)CCCCCCC(=O)OCC(CC)CC,1.217566518,muscle
CCC(CC)COC(=O)CCCCCCC(O)CN(CCCCSSCCN1CCN(CCOC(=O)CCCN(CC(O)CCCCCCC(=O)OCC(CC)CC)CC(O)CCCCCCC(=O)OCC(CC)CC)CC1)CC(O)CCCCCCC(=O)OCC(CC)CC,-0.166166477,muscle
CCCCOC(=O)CCCCCCC(O)CN(CCCCC(=O)OCCN1CCN(CCSSCCCN(CC(O)CCCCC(=O)OCCCC)CC(O)CCCCC(=O)OCCCC)CC1)CC(O)CCCCCCC(=O)OCCCC,-0.790823086,muscle
CCCCOC(=O)CCCCCCC(O)CN(CCCCC(=O)OCCN1CCN(CCSSCCCN(CC(O)CCCCCCC(=O)OCCCC)CC(O)CCCCCCC(=O)OCCCC)CC1)CC(O)CCCCCCC(=O)OCCCC,-1.028034456,muscle
CCCCOC(=O)CCCCCCC(O)CN(CCCCC(=O)OCCN1CCN(CCSSCCCN(CC(O)CCCCC(=O)OC(C)C)CC(O)CCCCC(=O)OC(C)C)CC1)CC(O)CCCCCCC(=O)OCCCC,-0.047560791,muscle
CCCCOC(=O)CCCCCCC(O)CN(CCCCC(=O)OCCN1CCN(CCSSCCCN(CC(O)CCCCC(=O)OCCC(C)C)CC(O)CCCCC(=O)OCCC(C)C)CC1)CC(O)CCCCCCC(=O)OCCCC,-1.138733096,muscle
CCCCOC(=O)CCCCCCC(O)CN(CCCCC(=O)OCCN1CCN(CCSSCCCN(CC(O)CCCCCCC(=O)OCCC(C)C)CC(O)CCCCCCC(=O)OCCC(C)C)CC1)CC(O)CCCCCCC(=O)OCCCC,-0.909428771,muscle
CCCCOC(=O)CCCCCCC(O)CN(CCCCC(=O)OCCN1CCN(CCSSCCCN(CC(O)CCCCC(=O)OCC(CC)CC)CC(O)CCCCC(=O)OCC(CC)CC)CC1)CC(O)CCCCCCC(=O)OCCCC,-0.608961035,muscle
CCCCOC(=O)CCCCCCC(O)CN(CCCCC(=O)OCCN1CCN(CCSSCCCN(CC(O)CCCCCCC(=O)OCC(CC)CC)CC(O)CCCCCCC(=O)OCC(CC)CC)CC1)CC(O)CCCCCCC(=O)OCCCC,-0.529890578,muscle
CCCCOC(=O)CCCCCCC(O)CN(CCCCC(=O)OCCN1CCN(CCSSCCCCN(CC(O)CCCCC(=O)OCCCC)CC(O)CCCCC(=O)OCCCC)CC1)CC(O)CCCCCCC(=O)OCCCC,-1.138733096,muscle
CCCCOC(=O)CCCCCCC(O)CN(CCCCSSCCN1CCN(CCOC(=O)CCCCN(CC(O)CCCCCCC(=O)OCCCC)CC(O)CCCCCCC(=O)OCCCC)CC1)CC(O)CCCCCCC(=O)OCCCC,-0.577332852,muscle
CCCCOC(=O)CCCCCCC(O)CN(CCCCC(=O)OCCN1CCN(CCSSCCCCN(CC(O)CCCCC(=O)OC(C)C)CC(O)CCCCC(=O)OC(C)C)CC1)CC(O)CCCCCCC(=O)OCCCC,-1.138733096,muscle
CCCCOC(=O)CCCCCCC(O)CN(CCCCC(=O)OCCN1CCN(CCSSCCCCN(CC(O)CCCCC(=O)OCCC(C)C)CC(O)CCCCC(=O)OCCC(C)C)CC1)CC(O)CCCCCCC(=O)OCCCC,-1.083383776,muscle
CCCCOC(=O)CCCCCCC(O)CN(CCCCC(=O)OCCN1CCN(CCSSCCCCN(CC(O)CCCCCCC(=O)OCCC(C)C)CC(O)CCCCCCC(=O)OCCC(C)C)CC1)CC(O)CCCCCCC(=O)OCCCC,-1.083383776,muscle
CCCCOC(=O)CCCCCCC(O)CN(CCCCC(=O)OCCN1CCN(CCSSCCCCN(CC(O)CCCCC(=O)OCC(CC)CC)CC(O)CCCCC(=O)OCC(CC)CC)CC1)CC(O)CCCCCCC(=O)OCCCC,-1.138733096,muscle
CCCCOC(=O)CCCCCCC(O)CN(CCCCC(=O)OCCN1CCN(CCSSCCCCN(CC(O)CCCCCCC(=O)OCC(CC)CC)CC(O)CCCCCCC(=O)OCC(CC)CC)CC1)CC(O)CCCCCCC(=O)OCCCC,0.26081399,muscle
CCCCOC(=O)CCCCC(O)CN(CCCSSCCN1CCN(CCOC(=O)CCCCN(CC(O)CCCCCCC(=O)OCCC(C)C)CC(O)CCCCCCC(=O)OCCC(C)C)CC1)CC(O)CCCCC(=O)OCCCC,-1.115011959,muscle
CCCCOC(=O)CCCCCCC(O)CN(CCCSSCCN1CCN(CCOC(=O)CCCCN(CC(O)CCCCCCC(=O)OCCC(C)C)CC(O)CCCCCCC(=O)OCCC(C)C)CC1)CC(O)CCCCCCC(=O)OCCCC,-0.276865116,muscle
CC(C)CCOC(=O)CCCCCCC(O)CN(CCCCC(=O)OCCN1CCN(CCSSCCCN(CC(O)CCCCC(=O)OC(C)C)CC(O)CCCCC(=O)OC(C)C)CC1)CC(O)CCCCCCC(=O)OCCC(C)C,-1.028034456,muscle
CC(C)CCOC(=O)CCCCCCC(O)CN(CCCCC(=O)OCCN1CCN(CCSSCCCN(CC(O)CCCCC(=O)OCCC(C)C)CC(O)CCCCC(=O)OCCC(C)C)CC1)CC(O)CCCCCCC(=O)OCCC(C)C,-1.138733096,muscle
CCC(CC)COC(=O)CCCCC(O)CN(CCCSSCCN1CCN(CCOC(=O)CCCCN(CC(O)CCCCCCC(=O)OCCC(C)C)CC(O)CCCCCCC(=O)OCCC(C)C)CC1)CC(O)CCCCC(=O)OCC(CC)CC,-0.664310355,muscle
CCCCOC(=O)CCCCC(O)CN(CCCCSSCCN1CCN(CCOC(=O)CCCCN(CC(O)CCCCCCC(=O)OCCC(C)C)CC(O)CCCCCCC(=O)OCCC(C)C)CC1)CC(O)CCCCC(=O)OCCCC,-1.138733096,muscle
CCCCOC(=O)CCCCCCC(O)CN(CCCCSSCCN1CCN(CCOC(=O)CCCCN(CC(O)CCCCCCC(=O)OCCC(C)C)CC(O)CCCCCCC(=O)OCCC(C)C)CC1)CC(O)CCCCCCC(=O)OCCCC,-0.340121482,muscle
CC(C)CCOC(=O)CCCCCCC(O)CN(CCCCC(=O)OCCN1CCN(CCSSCCCCN(CC(O)CCCCC(=O)OC(C)C)CC(O)CCCCC(=O)OC(C)C)CC1)CC(O)CCCCCCC(=O)OCCC(C)C,-1.138733096,muscle
CC(C)CCOC(=O)CCCCCCC(O)CN(CCCCC(=O)OCCN1CCN(CCSSCCCCN(CC(O)CCCCC(=O)OCCC(C)C)CC(O)CCCCC(=O)OCCC(C)C)CC1)CC(O)CCCCCCC(=O)OCCC(C)C,-1.028034456,muscle
CCC(CC)COC(=O)CCCCC(O)CN(CCCCSSCCN1CCN(CCOC(=O)CCCCN(CC(O)CCCCCCC(=O)OCCC(C)C)CC(O)CCCCCCC(=O)OCCC(C)C)CC1)CC(O)CCCCC(=O)OCC(CC)CC,-0.735473766,muscle
CCCCOC(=O)CCCCC(O)CN(CCCSSCCN1CCN(CCOC(=O)CCCCN(CC(O)CCCCCCC(=O)OCC(CC)CC)CC(O)CCCCCCC(=O)OCC(CC)CC)CC1)CC(O)CCCCC(=O)OCCCC,-0.427098984,muscle
CCCCOC(=O)CCCCCCC(O)CN(CCCSSCCN1CCN(CCOC(=O)CCCCN(CC(O)CCCCCCC(=O)OCC(CC)CC)CC(O)CCCCCCC(=O)OCC(CC)CC)CC1)CC(O)CCCCCCC(=O)OCCCC,0.213371716,muscle
CCC(CC)COC(=O)CCCCCCC(O)CN(CCCCC(=O)OCCN1CCN(CCSSCCCN(CC(O)CCCCC(=O)OCCC(C)C)CC(O)CCCCC(=O)OCCC(C)C)CC1)CC(O)CCCCCCC(=O)OCC(CC)CC,0.07895194,muscle
CCC(CC)COC(=O)CCCCCCC(O)CN(CCCCC(=O)OCCN1CCN(CCSSCCCN(CC(O)CCCCC(=O)OCC(CC)CC)CC(O)CCCCC(=O)OCC(CC)CC)CC1)CC(O)CCCCCCC(=O)OCC(CC)CC,-0.181980568,muscle
CCCCOC(=O)CCCCC(O)CN(CCCCSSCCN1CCN(CCOC(=O)CCCCN(CC(O)CCCCCCC(=O)OCC(CC)CC)CC(O)CCCCCCC(=O)OCC(CC)CC)CC1)CC(O)CCCCC(=O)OCCCC,-0.893614679,muscle
CCCCOC(=O)CCCCCCC(O)CN(CCCCSSCCN1CCN(CCOC(=O)CCCCN(CC(O)CCCCCCC(=O)OCC(CC)CC)CC(O)CCCCCCC(=O)OCC(CC)CC)CC1)CC(O)CCCCCCC(=O)OCCCC,0.110580122,muscle
CCC(CC)COC(=O)CCCCCCC(O)CN(CCCCC(=O)OCCN1CCN(CCSSCCCCN(CC(O)CCCCC(=O)OC(C)C)CC(O)CCCCC(=O)OC(C)C)CC1)CC(O)CCCCCCC(=O)OCC(CC)CC,-1.138733096,muscle
CCC(CC)COC(=O)CCCCCCC(O)CN(CCCCC(=O)OCCN1CCN(CCSSCCCCN(CC(O)CCCCC(=O)OCCC(C)C)CC(O)CCCCC(=O)OCCC(C)C)CC1)CC(O)CCCCCCC(=O)OCC(CC)CC,-0.893614679,muscle
CCC(CC)COC(=O)CCCCCCC(O)CN(CCCCC(=O)OCCN1CCN(CCSSCCCCN(CC(O)CCCCC(=O)OCC(CC)CC)CC(O)CCCCC(=O)OCC(CC)CC)CC1)CC(O)CCCCCCC(=O)OCC(CC)CC,1.446870843,muscle
CCCCCCCCCCSCC(C)C(=O)OCCSSCCOC(=O)CCN(CCC(=O)OCCSSCCOC(=O)C(C)CSCCCCCCCCCC)CCN(C)C,-0.464524301,liver
CCCCCCCCCCSCC(C)C(=O)OCCSSCCOC(=O)CCN(CCC(=O)OCCSSCCOC(=O)C(C)CSCCCCCCCCCC)CCN1CCCCC1,-2.778175684,liver
CCCCCCCCCCSCC(C)C(=O)OCCSSCCOC(=O)CCN(CCCN1CCN(C)CC1)CCC(=O)OCCSSCCOC(=O)C(C)CSCCCCCCCCCC,-0.531732547,liver
CCCCCCCCCCSCC(C)C(=O)OCCSSCCOC(=O)CCN(CCCn1ccnc1)CCC(=O)OCCSSCCOC(=O)C(C)CSCCCCCCCCCC,-0.250460588,liver
CCCCCCCCCCSCC(C)C(=O)OCCSSCCOC(=O)CCN(CCC(=O)OCCSSCCOC(=O)C(C)CSCCCCCCCCCC)CCc1c[nH]c2ccccc12,-0.171853991,liver
CCCCCCCCCCSCC(C)C(=O)OCCSSCCOC(=O)CCN(CCCN(C)C)CCCN(CCC(=O)OCCSSCCOC(=O)C(C)CSCCCCCCCCCC)CCC(=O)OCCSSCCOC(=O)C(C)CSCCCCCCCCCC,-0.302591354,liver
CCCCCCCCCCSCC(C)C(=O)OCCSSCCOC(=O)CCN(CCCN1CCN(CCC(=O)OCCSSCCOC(=O)C(C)CSCCCCCCCCCC)CC1)CCC(=O)OCCSSCCOC(=O)C(C)CSCCCCCCCCCC,0.449401969,liver
CCCCSCC(C)C(=O)OCCSSCCOC(=O)CCN(CCCN1CCN(CCCN(CCC(=O)OCCSSCCOC(=O)C(C)CSCCCC)CCC(=O)OCCSSCCOC(=O)C(C)CSCCCC)CC1)CCC(=O)OCCSSCCOC(=O)C(C)CSCCCC,-2.778175684,liver
CCCCCCCCSCC(C)C(=O)OCCSSCCOC(=O)CCN(CCCN1CCN(CCCN(CCC(=O)OCCSSCCOC(=O)C(C)CSCCCCCCCC)CCC(=O)OCCSSCCOC(=O)C(C)CSCCCCCCCC)CC1)CCC(=O)OCCSSCCOC(=O)C(C)CSCCCCCCCC,0.287469021,liver
CCCCCCCCCCSCC(C)C(=O)OCCSSCCOC(=O)CCN(CCCN1CCN(CCCN(CCC(=O)OCCSSCCOC(=O)C(C)CSCCCCCCCCCC)CCC(=O)OCCSSCCOC(=O)C(C)CSCCCCCCCCCC)CC1)CCC(=O)OCCSSCCOC(=O)C(C)CSCCCCCCCCCC,0.742072279,liver
CCCCCCCCCCCCSCC(C)C(=O)OCCSSCCOC(=O)CCN(CCCN1CCN(CCCN(CCC(=O)OCCSSCCOC(=O)C(C)CSCCCCCCCCCCCC)CCC(=O)OCCSSCCOC(=O)C(C)CSCCCCCCCCCCCC)CC1)CCC(=O)OCCSSCCOC(=O)C(C)CSCCCCCCCCCCCC,0.663465682,liver
CCCCCCCCCCCCCCSCC(C)C(=O)OCCSSCCOC(=O)CCN(CCCN1CCN(CCCN(CCC(=O)OCCSSCCOC(=O)C(C)CSCCCCCCCCCCCCCC)CCC(=O)OCCSSCCOC(=O)C(C)CSCCCCCCCCCCCCCC)CC1)CCC(=O)OCCSSCCOC(=O)C(C)CSCCCCCCCCCCCCCC,0.287469021,liver
CCCCC(CC)CSCC(C)C(=O)OCCSSCCOC(=O)CCN(CCCN1CCN(CCCN(CCC(=O)OCCSSCCOC(=O)C(C)CSCC(CC)CCCC)CCC(=O)OCCSSCCOC(=O)C(C)CSCC(CC)CCCC)CC1)CCC(=O)OCCSSCCOC(=O)C(C)CSCC(CC)CCCC,0.397271203,liver
CCCCCC(CCC)CSCC(C)C(=O)OCCSSCCOC(=O)CCN(CCCN1CCN(CCCN(CCC(=O)OCCSSCCOC(=O)C(C)CSCC(CCC)CCCCC)CCC(=O)OCCSSCCOC(=O)C(C)CSCC(CCC)CCCCC)CC1)CCC(=O)OCCSSCCOC(=O)C(C)CSCC(CCC)CCCCC,0.16813001,liver
CCCCCCC(CCCC)CSCC(C)C(=O)OCCSSCCOC(=O)CCN(CCCN1CCN(CCCN(CCC(=O)OCCSSCCOC(=O)C(C)CSCC(CCCC)CCCCCC)CCC(=O)OCCSSCCOC(=O)C(C)CSCC(CCCC)CCCCCC)CC1)CCC(=O)OCCSSCCOC(=O)C(C)CSCC(CCCC)CCCCCC,-0.08852764,liver
CCCCSCC(C)C(=O)OCCSSCCOC(=O)CCN(CCCN(C)CCCN(CCC(=O)OCCSSCCOC(=O)C(C)CSCCCC)CCC(=O)OCCSSCCOC(=O)C(C)CSCCCC)CCC(=O)OCCSSCCOC(=O)C(C)CSCCCC,0.125536073,liver
CCCCCCCCSCC(C)C(=O)OCCSSCCOC(=O)CCN(CCCN(C)CCCN(CCC(=O)OCCSSCCOC(=O)C(C)CSCCCCCCCC)CCC(=O)OCCSSCCOC(=O)C(C)CSCCCCCCCC)CCC(=O)OCCSSCCOC(=O)C(C)CSCCCCCCCC,0.742072279,liver
CCCCCCCCCCSCC(C)C(=O)OCCSSCCOC(=O)CCN(CCCN(C)CCCN(CCC(=O)OCCSSCCOC(=O)C(C)CSCCCCCCCCCC)CCC(=O)OCCSSCCOC(=O)C(C)CSCCCCCCCCCC)CCC(=O)OCCSSCCOC(=O)C(C)CSCCCCCCCCCC,0.944644174,liver
CCCCCCCCCCCCSCC(C)C(=O)OCCSSCCOC(=O)CCN(CCCN(C)CCCN(CCC(=O)OCCSSCCOC(=O)C(C)CSCCCCCCCCCCCC)CCC(=O)OCCSSCCOC(=O)C(C)CSCCCCCCCCCCCC)CCC(=O)OCCSSCCOC(=O)C(C)CSCCCCCCCCCCCC,0.544126671,liver
CCCCCCCCCCCCCCSCC(C)C(=O)OCCSSCCOC(=O)CCN(CCCN(C)CCCN(CCC(=O)OCCSSCCOC(=O)C(C)CSCCCCCCCCCCCCCC)CCC(=O)OCCSSCCOC(=O)C(C)CSCCCCCCCCCCCCCC)CCC(=O)OCCSSCCOC(=O)C(C)CSCCCCCCCCCCCCCC,0.16813001,liver
CCCCC(CC)CSCC(C)C(=O)OCCSSCCOC(=O)CCN(CCCN(C)CCCN(CCC(=O)OCCSSCCOC(=O)C(C)CSCC(CC)CCCC)CCC(=O)OCCSSCCOC(=O)C(C)CSCC(CC)CCCC)CCC(=O)OCCSSCCOC(=O)C(C)CSCC(CC)CCCC,0.962717268,liver
CCCCCC(CCC)CSCC(C)C(=O)OCCSSCCOC(=O)CCN(CCCN(C)CCCN(CCC(=O)OCCSSCCOC(=O)C(C)CSCC(CCC)CCCCC)CCC(=O)OCCSSCCOC(=O)C(C)CSCC(CCC)CCCCC)CCC(=O)OCCSSCCOC(=O)C(C)CSCC(CCC)CCCCC,1.105676091,liver
CCCCCCC(CCCC)CSCC(C)C(=O)OCCSSCCOC(=O)CCN(CCCN(C)CCCN(CCC(=O)OCCSSCCOC(=O)C(C)CSCC(CCCC)CCCCCC)CCC(=O)OCCSSCCOC(=O)C(C)CSCC(CCCC)CCCCCC)CCC(=O)OCCSSCCOC(=O)C(C)CSCC(CCCC)CCCCCC,0.962717268,liver
CCCCCCCCCCSCC(C)C(=O)OCCSSCCOC(=O)CCN(CCCN(CCC(=O)OCCSSCCOC(=O)C(C)CSCCCCCCCCCC)CCC(=O)OCCSSCCOC(=O)C(C)CSCCCCCCCCCC)CCCN(CCC(=O)OCCSSCCOC(=O)C(C)CSCCCCCCCCCC)CCC(=O)OCCSSCCOC(=O)C(C)CSCCCCCCCCCC,0.449401969,liver
CCCCCCCCCCSCC(C)C(=O)OCCSSCCOC(=O)CCNCCN(CCN(CCC(=O)OCCSSCCOC(=O)C(C)CSCCCCCCCCCC)CCC(=O)OCCSSCCOC(=O)C(C)CSCCCCCCCCCC)CCN(CCC(=O)OCCSSCCOC(=O)C(C)CSCCCCCCCCCC)CCC(=O)OCCSSCCOC(=O)C(C)CSCCCCCCCCCC,-2.778175684,liver
CCCCCCCCCCSCC(C)C(=O)OCCSSCCOC(=O)CCN(CCC(=O)OCCSSCCOC(=O)C(C)CSCCCCCCCCCC)CCN(CCN(CCC(=O)OCCSSCCOC(=O)C(C)CSCCCCCCCCCC)CCC(=O)OCCSSCCOC(=O)C(C)CSCCCCCCCCCC)CCN(CCC(=O)OCCSSCCOC(=O)C(C)CSCCCCCCCCCC)CCC(=O)OCCSSCCOC(=O)C(C)CSCCCCCCCCCC,0.449401969,liver
CCCCCCCCCCSCC(C)C(=O)OCCOC(=O)CCN(CCCN(C)CCCN(CCC(=O)OCCOC(=O)C(C)CSCCCCCCCCCC)CCC(=O)OCCOC(=O)C(C)CSCCCCCCCCCC)CCC(=O)OCCOC(=O)C(C)CSCCCCCCCCCC,0.125536073,liver
CCCCCCCCCCSSCCOC(=O)CCN(CCCN(C)CCCN(CCC(=O)OCCSSCCCCCCCCCC)CCC(=O)OCCSSCCCCCCCCCC)CCC(=O)OCCSSCCCCCCCCCC,-0.08852764,liver
CCCCCC(CCC)CSCC(C)C(=O)OCCOC(=O)CCN(CCCN(C)CCCN(CCC(=O)OCCOC(=O)C(C)CSCC(CCC)CCCCC)CCC(=O)OCCOC(=O)C(C)CSCC(CCC)CCCCC)CCC(=O)OCCOC(=O)C(C)CSCC(CCC)CCCCC,0.235338255,liver
CCCCCC(CCC)CSSCCOC(=O)CCN(CCCN(C)CCCN(CCC(=O)OCCSSCC(CCC)CCCCC)CCC(=O)OCCSSCC(CCC)CCCCC)CCC(=O)OCCSSCC(CCC)CCCCC,0.510695471,liver
CCCCC/C=C\C/C=C\CCCCCCCCC(CCCCCCCC/C=C\C/C=C\CCCCC)OC(=O)CCCN(C)C,-0.08852764,liver
CCCCCCCCCCCCCCCCCCNC(=O)C(C(C)C)N(CCN(C)C)C(=O)CCCCCCCCCCCCCCCCC,-0.230706773,liver
CCCCCCC/C=C\CCCCCCCCC(=O)N(CCN(C)C)C(C(=O)NCCCCCCCCCCCCCCCCCC)C(C)C,0.794307304,liver
CCCCC/C=C\C/C=C\CCCCCCCC(=O)N(CCN(C)C)C(C(=O)NCCCCCCCCCCCCCCCCCC)C(C)C,0.625412939,liver
CC/C=C\C/C=C\C/C=C\CCCCCCCC(=O)N(CCN(C)C)C(C(=O)NCCCCCCCCCCCCCCCCCC)C(C)C,1.172863639,liver
CCCCCCCCCCCC#CC#CCCCCCCCC(=O)N(CCN(C)C)C(C(=O)NCCCCCCCCCCCCCCCCCC)C(C)C,0.939905894,liver
CCCCCCCCCCCCCCCCCCNC(=O)C(C(C)C)N(CCCN(C)C)C(=O)CCCCCCCCCCCCCCCCC,0.043018577,liver
CCCCCCC/C=C\CCCCCCCCC(=O)N(CCCN(C)C)C(C(=O)NCCCCCCCCCCCCCCCCCC)C(C)C,0.083786183,liver
CCCCC/C=C\C/C=C\CCCCCCCC(=O)N(CCCN(C)C)C(C(=O)NCCCCCCCCCCCCCCCCCC)C(C)C,0.287624209,liver
CC/C=C\C/C=C\C/C=C\CCCCCCCC(=O)N(CCCN(C)C)C(C(=O)NCCCCCCCCCCCCCCCCCC)C(C)C,0.287624209,liver
CCCCCCCCCCCC#CC#CCCCCCCCC(=O)N(CCCN(C)C)C(C(=O)NCCCCCCCCCCCCCCCCCC)C(C)C,0.672004488,liver
CCCCCCCCCCCCCCCCCCNC(=O)C(C(C)C)N(CCCN(CC)CC)C(=O)CCCCCCCCCCCCCCCCC,-0.335537758,liver
CCCCCCC/C=C\CCCCCCCCC(=O)N(CCCN(CC)CC)C(C(=O)NCCCCCCCCCCCCCCCCCC)C(C)C,-0.131699731,liver
CCCCC/C=C\C/C=C\CCCCCCCC(=O)N(CCCN(CC)CC)C(C(=O)NCCCCCCCCCCCCCCCCCC)C(C)C,0.491462236,liver
CC/C=C\C/C=C\C/C=C\CCCCCCCC(=O)N(CCCN(CC)CC)C(C(=O)NCCCCCCCCCCCCCCCCCC)C(C)C,0.037194634,liver
CCCCCCCCCCCC#CC#CCCCCCCCC(=O)N(CCCN(CC)CC)C(C(=O)NCCCCCCCCCCCCCCCCCC)C(C)C,0.246856604,liver
CCCCCCCCCCCCCCCCCCNC(=O)C(C(C)C)N(CCN1CCCCC1)C(=O)CCCCCCCCCCCCCCCCC,-0.632558882,liver
CCCCCCC/C=C\CCCCCCCCC(=O)N(CCN1CCCCC1)C(C(=O)NCCCCCCCCCCCCCCCCCC)C(C)C,-0.731565924,liver
CCCCC/C=C\C/C=C\CCCCCCCC(=O)N(CCN1CCCCC1)C(C(=O)NCCCCCCCCCCCCCCCCCC)C(C)C,-0.568495502,liver
CC/C=C\C/C=C\C/C=C\CCCCCCCC(=O)N(CCN1CCCCC1)C(C(=O)NCCCCCCCCCCCCCCCCCC)C(C)C,0.107081957,liver
CCCCCCCCCCCC#CC#CCCCCCCCC(=O)N(CCN1CCCCC1)C(C(=O)NCCCCCCCCCCCCCCCCCC)C(C)C,-0.254002547,liver
CCCCCCCCCCCCCCCCCCNC(=O)C(C(CC)CCCC)N(CCN(C)C)C(=O)CCCCCCCCCCCCCCCCC,0.718596037,liver
CCCCCCC/C=C\CCCCCCCCC(=O)N(CCN(C)C)C(C(=O)NCCCCCCCCCCCCCCCCCC)C(CC)CCCC,1.632955185,liver
CCCCC/C=C\C/C=C\CCCCCCCC(=O)N(CCN(C)C)C(C(=O)NCCCCCCCCCCCCCCCCCC)C(CC)CCCC,1.551419974,liver
CC/C=C\C/C=C\C/C=C\CCCCCCCC(=O)N(CCN(C)C)C(C(=O)NCCCCCCCCCCCCCCCCCC)C(CC)CCCC,1.312638286,liver
CCCCCCCCCCCC#CC#CCCCCCCCC(=O)N(CCN(C)C)C(C(=O)NCCCCCCCCCCCCCCCCCC)C(CC)CCCC,1.132096034,liver
CCCCCCCCCCCCCCCCCCNC(=O)C(C(CC)CCCC)N(CCCN(C)C)C(=O)CCCCCCCCCCCCCCCCC,0.85254674,liver
CCCCCCC/C=C\CCCCCCCCC(=O)N(CCCN(C)C)C(C(=O)NCCCCCCCCCCCCCCCCCC)C(CC)CCCC,1.60965941,liver
CCCCC/C=C\C/C=C\CCCCCCCC(=O)N(CCCN(C)C)C(C(=O)NCCCCCCCCCCCCCCCCCC)C(CC)CCCC,1.731962226,liver
CC/C=C\C/C=C\C/C=C\CCCCCCCC(=O)N(CCCN(C)C)C(C(=O)NCCCCCCCCCCCCCCCCCC)C(CC)CCCC,1.621307298,liver
CCCCCCCCCCCC#CC#CCCCCCCCC(=O)N(CCCN(C)C)C(C(=O)NCCCCCCCCCCCCCCCCCC)C(CC)CCCC,1.516476312,liver
CCCCCCCCCCCCCCCCCCNC(=O)C(C(CC)CCCC)N(CCCN(CC)CC)C(=O)CCCCCCCCCCCCCCCCC,1.091328428,liver
CCCCCCC/C=C\CCCCCCCCC(=O)N(CCCN(CC)CC)C(C(=O)NCCCCCCCCCCCCCCCCCC)C(CC)CCCC,1.627131241,liver
CCCCC/C=C\C/C=C\CCCCCCCC(=O)N(CCCN(CC)CC)C(C(=O)NCCCCCCCCCCCCCCCCCC)C(CC)CCCC,1.784377719,liver
CC/C=C\C/C=C\C/C=C\CCCCCCCC(=O)N(CCCN(CC)CC)C(C(=O)NCCCCCCCCCCCCCCCCCC)C(CC)CCCC,1.638779128,liver
CCCCCCCCCCCC#CC#CCCCCCCCC(=O)N(CCCN(CC)CC)C(C(=O)NCCCCCCCCCCCCCCCCCC)C(CC)CCCC,1.411645327,liver
CCCCCCCCCCCCCCCCCCNC(=O)C(C(CC)CCCC)N(CCN1CCCCC1)C(=O)CCCCCCCCCCCCCCCCC,-0.440368743,liver
CCCCCCC/C=C\CCCCCCCCC(=O)N(CCN1CCCCC1)C(C(=O)NCCCCCCCCCCCCCCCCCC)C(CC)CCCC,-0.719918036,liver
CCCCC/C=C\C/C=C\CCCCCCCC(=O)N(CCN1CCCCC1)C(C(=O)NCCCCCCCCCCCCCCCCCC)C(CC)CCCC,0.229384773,liver
CC/C=C\C/C=C\C/C=C\CCCCCCCC(=O)N(CCN1CCCCC1)C(C(=O)NCCCCCCCCCCCCCCCCCC)C(CC)CCCC,0.176969281,liver
CCCCCCCCCCCC#CC#CCCCCCCCC(=O)N(CCN1CCCCC1)C(C(=O)NCCCCCCCCCCCCCCCCCC)C(CC)CCCC,-0.382129307,liver
CCCCCCCCCCCCCCCCCCNC(=O)C(C1CCCCC1)N(CCN(C)C)C(=O)CCCCCCCCCCCCCCCCC,0.404103082,liver
CCCCCCC/C=C\CCCCCCCCC(=O)N(CCN(C)C)C(C(=O)NCCCCCCCCCCCCCCCCCC)C1CCCCC1,1.429117158,liver
CCCCC/C=C\C/C=C\CCCCCCCC(=O)N(CCN(C)C)C(C(=O)NCCCCCCCCCCCCCCCCCC)C1CCCCC1,1.493180538,liver
CC/C=C\C/C=C\C/C=C\CCCCCCCC(=O)N(CCN(C)C)C(C(=O)NCCCCCCCCCCCCCCCCCC)C1CCCCC1,1.347581948,liver
CCCCCCCCCCCC#CC#CCCCCCCCC(=O)N(CCN(C)C)C(C(=O)NCCCCCCCCCCCCCCCCCC)C1CCCCC1,1.405821384,liver
CCCCCCCCCCCCCCCCCCNC(=O)C(C1CCCCC1)N(CCCN(C)C)C(=O)CCCCCCCCCCCCCCCCC,0.70694815,liver
CCCCCCC/C=C\CCCCCCCCC(=O)N(CCCN(C)C)C(C(=O)NCCCCCCCCCCCCCCCCCC)C1CCCCC1,0.934081951,liver
CCCCC/C=C\C/C=C\CCCCCCCC(=O)N(CCCN(C)C)C(C(=O)NCCCCCCCCCCCCCCCCCC)C1CCCCC1,1.079680541,liver
CC/C=C\C/C=C\C/C=C\CCCCCCCC(=O)N(CCCN(C)C)C(C(=O)NCCCCCCCCCCCCCCCCCC)C1CCCCC1,0.974849556,liver
CCCCCCCCCCCC#CC#CCCCCCCCC(=O)N(CCCN(C)C)C(C(=O)NCCCCCCCCCCCCCCCCCC)C1CCCCC1,1.178687583,liver
CCCCCCCCCCCCCCCCCCNC(=O)C(C1CCCCC1)N(CCCN(CC)CC)C(=O)CCCCCCCCCCCCCCCCC,-0.469488461,liver
CCCCCCC/C=C\CCCCCCCCC(=O)N(CCCN(CC)CC)C(C(=O)NCCCCCCCCCCCCCCCCCC)C1CCCCC1,1.04473688,liver
CCCCC/C=C\C/C=C\CCCCCCCC(=O)N(CCCN(CC)CC)C(C(=O)NCCCCCCCCCCCCCCCCCC)C1CCCCC1,1.365053778,liver
CC/C=C\C/C=C\C/C=C\CCCCCCCC(=O)N(CCCN(CC)CC)C(C(=O)NCCCCCCCCCCCCCCCCCC)C1CCCCC1,1.050560823,liver
CCCCCCCCCCCC#CC#CCCCCCCCC(=O)N(CCCN(CC)CC)C(C(=O)NCCCCCCCCCCCCCCCCCC)C1CCCCC1,0.85254674,liver
CCCCCCCCCCCCCCCCCCNC(=O)C(C1CCCCC1)N(CCN1CCCCC1)C(=O)CCCCCCCCCCCCCCCCC,-0.609263108,liver
CCCCCCC/C=C\CCCCCCCCC(=O)N(CCN1CCCCC1)C(C(=O)NCCCCCCCCCCCCCCCCCC)C1CCCCC1,-0.58014339,liver
CCCCC/C=C\C/C=C\CCCCCCCC(=O)N(CCN1CCCCC1)C(C(=O)NCCCCCCCCCCCCCCCCCC)C1CCCCC1,-0.224882829,liver
CC/C=C\C/C=C\C/C=C\CCCCCCCC(=O)N(CCN1CCCCC1)C(C(=O)NCCCCCCCCCCCCCCCCCC)C1CCCCC1,0.025546747,liver
CCCCCCCCCCCC#CC#CCCCCCCCC(=O)N(CCN1CCCCC1)C(C(=O)NCCCCCCCCCCCCCCCCCC)C1CCCCC1,-0.626734939,liver
CCCCC/C=C\C/C=C\CCCCCCCC(=O)N(CCN1CCOCC1)C(C(=O)NCCCCCCCCCCCCCCCCCC)C(CC)CCCC,-0.061812408,liver
CCCCC/C=C\C/C=C\CCCCCCCC(=O)N(CCCN(C)c1ccccc1)C(C(=O)NCCCCCCCCCCCCCCCCCC)C(CC)CCCC,-0.772333529,liver
CCCCC/C=C\C/C=C\CCCCCCCC(=O)N(CCCN1CCN(C)CC1)C(C(=O)NCCCCCCCCCCCCCCCCCC)C(CC)CCCC,0.439046743,liver
CCCCC/C=C\C/C=C\CCCCCCCC(=O)N(CCN1CCCC1)C(C(=O)NCCCCCCCCCCCCCCCCCC)C(CC)CCCC,0.986497443,liver
CCCCC/C=C\C/C=C\CCCCCCCC(=O)N(CCC1CCCN1C)C(C(=O)NCCCCCCCCCCCCCCCCCC)C(CC)CCCC,1.132096034,liver
CCCCC/C=C\C/C=C\CCCCCCCC(=O)N(CCCN(C)C)CC(=O)NCCCCCCCCCCCCCCCCCC,-0.422896912,liver
CCCCC/C=C\C/C=C\CCCCCCCC(=O)N(CCCN(C)C)C(C(=O)NCCCCCCCCCCCCCCCCCC)C(C)CC,1.015617161,liver
CCCCC/C=C\C/C=C\CCCCCCCC(=O)N(CCCN(C)C)C(C(=O)NCCCCCCCCCCCCCCCCCC)C(CC)CCCC,1.568891805,liver
CCCCC/C=C\C/C=C\CCCCCCCC(=O)N(CCCN(C)C)C(C(=O)NCCCCCCCCCCCCCCCCCC)C(C)CCC=C(C)C,1.120448147,liver
CCCCC/C=C\C/C=C\CCCCCCCC(=O)N(CCCN(C)C)C(C(=O)NCCCCCCCCCCCCCCCCCC)c1ccccc1,-0.120051844,liver
CCCCCCCCCCCCCCCCCCNC(=O)C(C(CC)CCCC)N(CCCN(C)C)C(=O)C(CCCCCC)CCCCCCCC,1.050560823,liver
CCCCC/C=C\C/C=C\CCCCCCCC(=O)N(CCCN(C)C)C(C(=O)NCCCCCCCCCC)C(CC)CCCC,1.132096034,liver
CCCCC/C=C\C/C=C\CCCCCCCC(=O)N(CCCN(C)C)C(C(=O)NCCCCCCCCCCCCCC)C(CC)CCCC,1.033088992,liver
CCCCCCCC/C=C\CCCCCCCCNC(=O)C(C(CC)CCCC)N(CCCN(C)C)C(=O)CCSSCCCCCCCCCCCC,1.475708707,liver
CCCCCCCC/C=C\CCCCCCCCNC(=O)C(C(CC)CCCC)N(CCCN(C)C)C(=O)CCC(=O)OC1CCC2C(=CCC3C2CCC2(C)C(C(C)CCCC(C)C)CCC32)C1,-0.341361701,liver
CCCCCCCCCCCCCCCCCC(=O)N(CCCN(C)C)C(C(=O)NCCN(C)CCNC(=O)C(C(C)C)N(CCCN(C)C)C(=O)CCCCCCCCCCCCCCCCC)C(C)C,-0.078230228,spleen
CCCCCCC/C=C\CCCCCCCCC(=O)N(CCCN(C)C)C(C(=O)NCCN(C)CCNC(=O)C(C(C)C)N(CCCN(C)C)C(=O)CCCCCCCC/C=C\CCCCCCC)C(C)C,-0.094171483,spleen
CCCCC/C=C\C/C=C\CCCCCCCC(=O)N(CCCN(C)C)C(C(=O)NCCN(C)CCNC(=O)C(C(C)C)N(CCCN(C)C)C(=O)CCCCCCC/C=C\C/C=C\CCCCC)C(C)C,-0.53255597,spleen
CCCCCCCCCCCCCCCCCC(=O)N(CCCN(C)C)C(C(=O)NCCN(C)CCNC(=O)C(C(CC)CCCC)N(CCCN(C)C)C(=O)CCCCCCCCCCCCCCCCC)C(CC)CCCC,-0.755733528,spleen
CCCCCCC/C=C\CCCCCCCCC(=O)N(CCCN(C)C)C(C(=O)NCCN(C)CCNC(=O)C(C(CC)CCCC)N(CCCN(C)C)C(=O)CCCCCCCC/C=C\CCCCCCC)C(CC)CCCC,-1.058617355,spleen
CCCCC/C=C\C/C=C\CCCCCCCC(=O)N(CCCN(C)C)C(C(=O)NCCN(C)CCNC(=O)C(C(CC)CCCC)N(CCCN(C)C)C(=O)CCCCCCC/C=C\C/C=C\CCCCC)C(CC)CCCC,-0.118083364,spleen
CCCCCCCCCCCCCCCCCC(=O)N(CCCN(C)C)C(C(=O)NCCN(C)CCNC(=O)C(C1CC1)N(CCCN(C)C)C(=O)CCCCCCCCCCCCCCCCC)C1CC1,-1.050646728,spleen
CCCCCCC/C=C\CCCCCCCCC(=O)N(CCCN(C)C)C(C(=O)NCCN(C)CCNC(=O)C(C1CC1)N(CCCN(C)C)C(=O)CCCCCCCC/C=C\CCCCCCC)C1CC1,-1.026734847,spleen
CCCCC/C=C\C/C=C\CCCCCCCC(=O)N(CCCN(C)C)C(C(=O)NCCN(C)CCNC(=O)C(C1CC1)N(CCCN(C)C)C(=O)CCCCCCC/C=C\C/C=C\CCCCC)C1CC1,-0.795586663,spleen
CCCCCCCCCCCCCCCCCC(=O)N(CCCN(C)C)C(C(=O)NCCN(C)CCNC(=O)C(C1CCCCC1)N(CCCN(C)C)C(=O)CCCCCCCCCCCCCCCCC)C1CCCCC1,-1.090499864,spleen
CCCCCCC/C=C\CCCCCCCCC(=O)N(CCCN(C)C)C(C(=O)NCCN(C)CCNC(=O)C(C1CCCCC1)N(CCCN(C)C)C(=O)CCCCCCCC/C=C\CCCCCCC)C1CCCCC1,-0.851381052,spleen
CCCCC/C=C\C/C=C\CCCCCCCC(=O)N(CCCN(C)C)C(C(=O)NCCN(C)CCNC(=O)C(C1CCCCC1)N(CCCN(C)C)C(=O)CCCCCCC/C=C\C/C=C\CCCCC)C1CCCCC1,-0.683997884,spleen
CCCCCCCCCCCCCCCCCC(=O)N(CCN1CCCCCC1)C(C(=O)NCCN(C)CCNC(=O)C(C(C)C)N(CCN1CCCCCC1)C(=O)CCCCCCCCCCCCCCCCC)C(C)C,-1.082529236,spleen
CCCCCCC/C=C\CCCCCCCCC(=O)N(CCN1CCCCCC1)C(C(=O)NCCN(C)CCNC(=O)C(C(C)C)N(CCN1CCCCCC1)C(=O)CCCCCCCC/C=C\CCCCCCC)C(C)C,-0.612262241,spleen
CCCCC/C=C\C/C=C\CCCCCCCC(=O)N(CCN1CCCCCC1)C(C(=O)NCCN(C)CCNC(=O)C(C(C)C)N(CCN1CCCCCC1)C(=O)CCCCCCC/C=C\C/C=C\CCCCC)C(C)C,0.017417296,spleen
CCCCCCCCCCCCCCCCCC(=O)N(CCN1CCCCCC1)C(C(=O)NCCN(C)CCNC(=O)C(C(CC)CCCC)N(CCN1CCCCCC1)C(=O)CCCCCCCCCCCCCCCCC)C(CC)CCCC,-0.636174122,spleen
CCCCCCC/C=C\CCCCCCCCC(=O)N(CCN1CCCCCC1)C(C(=O)NCCN(C)CCNC(=O)C(C(CC)CCCC)N(CCN1CCCCCC1)C(=O)CCCCCCCC/C=C\CCCCCCC)C(CC)CCCC,-0.931087323,spleen
CCCCC/C=C\C/C=C\CCCCCCCC(=O)N(CCN1CCCCCC1)C(C(=O)NCCN(C)CCNC(=O)C(C(CC)CCCC)N(CCN1CCCCCC1)C(=O)CCCCCCC/C=C\C/C=C\CCCCC)C(CC)CCCC,-0.173877753,spleen
CCCCCCCCCCCCCCCCCC(=O)N(CCN1CCCCCC1)C(C(=O)NCCN(C)CCNC(=O)C(C1CC1)N(CCN1CCCCCC1)C(=O)CCCCCCCCCCCCCCCCC)C1CC1,-1.002822966,spleen
CCCCCCC/C=C\CCCCCCCCC(=O)N(CCN1CCCCCC1)C(C(=O)NCCN(C)CCNC(=O)C(C1CC1)N(CCN1CCCCCC1)C(=O)CCCCCCCC/C=C\CCCCCCC)C1CC1,-1.002822966,spleen
CCCCC/C=C\C/C=C\CCCCCCCC(=O)N(CCN1CCCCCC1)C(C(=O)NCCN(C)CCNC(=O)C(C1CC1)N(CCN1CCCCCC1)C(=O)CCCCCCC/C=C\C/C=C\CCCCC)C1CC1,-0.923116696,spleen
CCCCCCCCCCCCCCCCCC(=O)N(CCN1CCCCCC1)C(C(=O)NCCN(C)CCNC(=O)C(C1CCCCC1)N(CCN1CCCCCC1)C(=O)CCCCCCCCCCCCCCCCC)C1CCCCC1,-1.058617355,spleen
CCCCCCC/C=C\CCCCCCCCC(=O)N(CCN1CCCCCC1)C(C(=O)NCCN(C)CCNC(=O)C(C1CCCCC1)N(CCN1CCCCCC1)C(=O)CCCCCCCC/C=C\CCCCCCC)C1CCCCC1,-1.186147388,spleen
CCCCC/C=C\C/C=C\CCCCCCCC(=O)N(CCN1CCCCCC1)C(C(=O)NCCN(C)CCNC(=O)C(C1CCCCC1)N(CCN1CCCCCC1)C(=O)CCCCCCC/C=C\C/C=C\CCCCC)C1CCCCC1,-0.277495905,spleen
CCCCCCCCCCCCCCCCCC(=O)N(CCC)C(C(=O)NCCN(C)CCNC(=O)C(C(C)C)N(CCC)C(=O)CCCCCCCCCCCCCCCCC)C(C)C,0.129006075,spleen
CCCCCCC/C=C\CCCCCCCCC(=O)N(CCC)C(C(=O)NCCN(C)CCNC(=O)C(C(C)C)N(CCC)C(=O)CCCCCCCC/C=C\CCCCCCC)C(C)C,0.854333136,spleen
CCCCC/C=C\C/C=C\CCCCCCCC(=O)N(CCC)C(C(=O)NCCN(C)CCNC(=O)C(C(C)C)N(CCC)C(=O)CCCCCCC/C=C\C/C=C\CCCCC)C(C)C,1.244893862,spleen
CCCCCCCCCCCCCCCCCC(=O)N(CCC)C(C(=O)NCCN(C)CCNC(=O)C(C(CC)CCCC)N(CCC)C(=O)CCCCCCCCCCCCCCCCC)C(CC)CCCC,0.009446669,spleen
CCCCCCC/C=C\CCCCCCCCC(=O)N(CCC)C(C(=O)NCCN(C)CCNC(=O)C(C(CC)CCCC)N(CCC)C(=O)CCCCCCCC/C=C\CCCCCCC)C(CC)CCCC,0.240594854,spleen
CCCCC/C=C\C/C=C\CCCCCCCC(=O)N(CCC)C(C(=O)NCCN(C)CCNC(=O)C(C(CC)CCCC)N(CCC)C(=O)CCCCCCC/C=C\C/C=C\CCCCC)C(CC)CCCC,-0.030406466,spleen
CCCCCCCCCCCCCCCCCC(=O)N(CCC)C(C(=O)NCCN(C)CCNC(=O)C(C1CC1)N(CCC)C(=O)CCCCCCCCCCCCCCCCC)C1CC1,-0.420967191,spleen
CCCCCCC/C=C\CCCCCCCCC(=O)N(CCC)C(C(=O)NCCN(C)CCNC(=O)C(C1CC1)N(CCC)C(=O)CCCCCCCC/C=C\CCCCCCC)C1CC1,-0.325319667,spleen
CCCCC/C=C\C/C=C\CCCCCCCC(=O)N(CCC)C(C(=O)NCCN(C)CCNC(=O)C(C1CC1)N(CCC)C(=O)CCCCCCC/C=C\C/C=C\CCCCC)C1CC1,-0.947028577,spleen
CCCCCCCCCCCCCCCCCC(=O)N(CCC)C(C(=O)NCCN(C)CCNC(=O)C(C1CCCCC1)N(CCC)C(=O)CCCCCCCCCCCCCCCCC)C1CCCCC1,-0.444879073,spleen
CCCCCCC/C=C\CCCCCCCCC(=O)N(CCC)C(C(=O)NCCN(C)CCNC(=O)C(C1CCCCC1)N(CCC)C(=O)CCCCCCCC/C=C\CCCCCCC)C1CCCCC1,0.511596173,spleen
CCCCC/C=C\C/C=C\CCCCCCCC(=O)N(CCC)C(C(=O)NCCN(C)CCNC(=O)C(C1CCCCC1)N(CCC)C(=O)CCCCCCC/C=C\C/C=C\CCCCC)C1CCCCC1,0.296389243,spleen
CCCCCCCCCCCCCCCCCC(=O)N(CCO)C(C(=O)NCCN(C)CCNC(=O)C(C(C)C)N(CCO)C(=O)CCCCCCCCCCCCCCCCC)C(C)C,0.5195668,spleen
CCCCCCC/C=C\CCCCCCCCC(=O)N(CCO)C(C(=O)NCCN(C)CCNC(=O)C(C(C)C)N(CCO)C(=O)CCCCCCCC/C=C\CCCCCCC)C(C)C,0.965921915,spleen
CCCCC/C=C\C/C=C\CCCCCCCC(=O)N(CCO)C(C(=O)NCCN(C)CCNC(=O)C(C(C)C)N(CCO)C(=O)CCCCCCC/C=C\C/C=C\CCCCC)C(C)C,1.444159538,spleen
CCCCCCCCCCCCCCCCCC(=O)N(CCO)C(C(=O)NCCN(C)CCNC(=O)C(C(CC)CCCC)N(CCO)C(=O)CCCCCCCCCCCCCCCCC)C(CC)CCCC,1.300688251,spleen
CCCCCCC/C=C\CCCCCCCCC(=O)N(CCO)C(C(=O)NCCN(C)CCNC(=O)C(C(CC)CCCC)N(CCO)C(=O)CCCCCCCC/C=C\CCCCCCC)C(CC)CCCC,1.292717624,spleen
CCCCC/C=C\C/C=C\CCCCCCCC(=O)N(CCO)C(C(=O)NCCN(C)CCNC(=O)C(C(CC)CCCC)N(CCO)C(=O)CCCCCCC/C=C\C/C=C\CCCCC)C(CC)CCCC,0.798538747,spleen
CCCCCCCCCCCCCCCCCC(=O)N(CCO)C(C(=O)NCCN(C)CCNC(=O)C(C1CC1)N(CCO)C(=O)CCCCCCCCCCCCCCCCC)C1CC1,0.671008714,spleen
CCCCCCC/C=C\CCCCCCCCC(=O)N(CCO)C(C(=O)NCCN(C)CCNC(=O)C(C1CC1)N(CCO)C(=O)CCCCCCCC/C=C\CCCCCCC)C1CC1,-0.062288974,spleen
CCCCC/C=C\C/C=C\CCCCCCCC(=O)N(CCO)C(C(=O)NCCN(C)CCNC(=O)C(C1CC1)N(CCO)C(=O)CCCCCCC/C=C\C/C=C\CCCCC)C1CC1,-0.915146068,spleen
CCCCCCCCCCCCCCCCCC(=O)N(CCO)C(C(=O)NCCN(C)CCNC(=O)C(C1CCCCC1)N(CCO)C(=O)CCCCCCCCCCCCCCCCC)C1CCCCC1,1.181128845,spleen
CCCCCCC/C=C\CCCCCCCCC(=O)N(CCO)C(C(=O)NCCN(C)CCNC(=O)C(C1CCCCC1)N(CCO)C(=O)CCCCCCCC/C=C\CCCCCCC)C1CCCCC1,1.27677637,spleen
CCCCC/C=C\C/C=C\CCCCCCCC(=O)N(CCO)C(C(=O)NCCN(C)CCNC(=O)C(C1CCCCC1)N(CCO)C(=O)CCCCCCC/C=C\C/C=C\CCCCC)C1CCCCC1,0.949980661,spleen
CCCCCCCCCCCCCCCCCC(=O)N(CCOC)C(C(=O)NCCN(C)CCNC(=O)C(C(C)C)N(CCOC)C(=O)CCCCCCCCCCCCCCCCC)C(C)C,0.647096833,spleen
CCCCCCC/C=C\CCCCCCCCC(=O)N(CCOC)C(C(=O)NCCN(C)CCNC(=O)C(C(C)C)N(CCOC)C(=O)CCCCCCCC/C=C\CCCCCCC)C(C)C,0.957951288,spleen
CCCCC/C=C\C/C=C\CCCCCCCC(=O)N(CCOC)C(C(=O)NCCN(C)CCNC(=O)C(C(C)C)N(CCOC)C(=O)CCCCCCC/C=C\C/C=C\CCCCC)C(C)C,1.364453267,spleen
CCCCCCCCCCCCCCCCCC(=O)N(CCOC)C(C(=O)NCCN(C)CCNC(=O)C(C(CC)CCCC)N(CCOC)C(=O)CCCCCCCCCCCCCCCCC)C(CC)CCCC,0.830421255,spleen
CCCCCCC/C=C\CCCCCCCCC(=O)N(CCOC)C(C(=O)NCCN(C)CCNC(=O)C(C(CC)CCCC)N(CCOC)C(=O)CCCCCCCC/C=C\CCCCCCC)C(CC)CCCC,0.455801784,spleen
CCCCC/C=C\C/C=C\CCCCCCCC(=O)N(CCOC)C(C(=O)NCCN(C)CCNC(=O)C(C(CC)CCCC)N(CCOC)C(=O)CCCCCCC/C=C\C/C=C\CCCCC)C(CC)CCCC,1.077510694,spleen
CCCCCCCCCCCCCCCCCC(=O)N(CCOC)C(C(=O)NCCN(C)CCNC(=O)C(C1CC1)N(CCOC)C(=O)CCCCCCCCCCCCCCCCC)C1CC1,0.136976702,spleen
CCCCCCC/C=C\CCCCCCCCC(=O)N(CCOC)C(C(=O)NCCN(C)CCNC(=O)C(C1CC1)N(CCOC)C(=O)CCCCCCCC/C=C\CCCCCCC)C1CC1,0.113064821,spleen
CCCCC/C=C\C/C=C\CCCCCCCC(=O)N(CCOC)C(C(=O)NCCN(C)CCNC(=O)C(C1CC1)N(CCOC)C(=O)CCCCCCC/C=C\C/C=C\CCCCC)C1CC1,0.360154259,spleen
CCCCCCCCCCCCCCCCCC(=O)N(CCOC)C(C(=O)NCCN(C)CCNC(=O)C(C1CCCCC1)N(CCOC)C(=O)CCCCCCCCCCCCCCCCC)C1CCCCC1,0.830421255,spleen
CCCCCCC/C=C\CCCCCCCCC(=O)N(CCOC)C(C(=O)NCCN(C)CCNC(=O)C(C1CCCCC1)N(CCOC)C(=O)CCCCCCCC/C=C\CCCCCCC)C1CCCCC1,0.957951288,spleen
CCCCC/C=C\C/C=C\CCCCCCCC(=O)N(CCOC)C(C(=O)NCCN(C)CCNC(=O)C(C1CCCCC1)N(CCOC)C(=O)CCCCCCC/C=C\C/C=C\CCCCC)C1CCCCC1,0.479713665,spleen
CCCCCCCC(=O)N(CCO)C(C(=O)NCCN(CCNC(=O)C(C(C)C)N(CCO)C(=O)CCCCCCC)CCNC(=O)C(C(C)C)N(CCO)C(=O)CCCCCCC)C(C)C,0.686949968,spleen
CCCCCCCCCC(=O)N(CCO)C(C(=O)NCCN(CCNC(=O)C(C(C)C)N(CCO)C(=O)CCCCCCCCC)CCNC(=O)C(C(C)C)N(CCO)C(=O)CCCCCCCCC)C(C)C,0.862303763,spleen
CCCCCCCCCCCC(=O)N(CCO)C(C(=O)NCCN(CCNC(=O)C(C(C)C)N(CCO)C(=O)CCCCCCCCCCC)CCNC(=O)C(C(C)C)N(CCO)C(=O)CCCCCCCCCCC)C(C)C,1.715160857,spleen
CCCCCCCCCCCCCC(=O)N(CCO)C(C(=O)NCCN(CCNC(=O)C(C(C)C)N(CCO)C(=O)CCCCCCCCCCCCC)CCNC(=O)C(C(C)C)N(CCO)C(=O)CCCCCCCCCCCCC)C(C)C,1.420247657,spleen
CCCCCCCCCCCCCCCC(=O)N(CCO)C(C(=O)NCCN(CCNC(=O)C(C(C)C)N(CCO)C(=O)CCCCCCCCCCCCCCC)CCNC(=O)C(C(C)C)N(CCO)C(=O)CCCCCCCCCCCCCCC)C(C)C,1.013745677,spleen
CCCCCCCCCCCCCCCCCC(=O)N(CCO)C(C(=O)NCCN(CCNC(=O)C(C(C)C)N(CCO)C(=O)CCCCCCCCCCCCCCCCC)CCNC(=O)C(C(C)C)N(CCO)C(=O)CCCCCCCCCCCCCCCCC)C(C)C,0.583331817,spleen
CCCCC/C=C\C/C=C\CCCCCCCC(=O)N(CCO)C(C(=O)NCCN(CCNC(=O)C(C(C)C)N(CCO)C(=O)CCCCCCC/C=C\C/C=C\CCCCC)CCNC(=O)C(C(C)C)N(CCO)C(=O)CCCCCCC/C=C\C/C=C\CCCCC)C(C)C,1.173158218,spleen
CCCCCCSSCCC(=O)N(CCO)C(C(=O)NCCN(CCNC(=O)C(C(C)C)N(CCO)C(=O)CCSSCCCCCC)CCNC(=O)C(C(C)C)N(CCO)C(=O)CCSSCCCCCC)C(C)C,0.591302444,spleen
CCCCCCCCSSCCC(=O)N(CCO)C(C(=O)NCCN(CCNC(=O)C(C(C)C)N(CCO)C(=O)CCSSCCCCCCCC)CCNC(=O)C(C(C)C)N(CCO)C(=O)CCSSCCCCCCCC)C(C)C,1.484012673,spleen
CCCCCCCCCCSSCCC(=O)N(CCO)C(C(=O)NCCN(CCNC(=O)C(C(C)C)N(CCO)C(=O)CCSSCCCCCCCCCC)CCNC(=O)C(C(C)C)N(CCO)C(=O)CCSSCCCCCCCCCC)C(C)C,1.794867128,spleen
CCCCCCCCCCCCSSCCC(=O)N(CCO)C(C(=O)NCCN(CCNC(=O)C(C(C)C)N(CCO)C(=O)CCSSCCCCCCCCCCCC)CCNC(=O)C(C(C)C)N(CCO)C(=O)CCSSCCCCCCCCCCCC)C(C)C,1.157216964,spleen
CCCCCCCCCCCCCCSSCCC(=O)N(CCO)C(C(=O)NCCN(CCNC(=O)C(C(C)C)N(CCO)C(=O)CCSSCCCCCCCCCCCCCC)CCNC(=O)C(C(C)C)N(CCO)C(=O)CCSSCCCCCCCCCCCCCC)C(C)C,1.563718943,spleen
CCCCCCC/C=C\CCCCCCCCC(=O)N(CCCN(C)C)C(C(=O)NCCCCCCCC/C=C\CCCCCCCC)C(CC)CCCC,1.662074903,liver
CCCCCCCC/C=C\CCCCCCCCNC(=O)C(C(CC)CCCC)N(CCCCCCCC/C=C\CCCCCCCC)C(=O)CCN(C)C,1.382525609,liver
CCCCC/C=C\C/C=C\CCCCCCCC(=O)N(CCCCCCCCCCCCCCCCCC)C(C(=O)NCCCN(C)C)C(CC)CCCC,0.677828432,liver
CCCCCCC/C=C\CCCCCCCCC(=O)N(CCCCCCCC/C=C\CCCCCCCC)C(C(=O)NCCCN(C)C)C(CC)CCCC,0.677828432,liver
CCCCCCCC/C=C\CCCCCCCCNC(=O)C(C(CC)CCCC)N(CCCN(C)C)C(=O)CCCCCCCCCCCCCCCCC,1.533948143,liver
CC/C=C\C/C=C\C/C=C\CCCCCCCC(=O)N(CCCN(C)C)C(C(=O)NCCCCCCCCCCCCCCCCCC)C(CC)CCCC,1.662074903,liver
CCCCC/C=C\C/C=C\CCCCCCCC(=O)N(CCCN(C)C)C(C(=O)NCCCCCCCC/C=C\CCCCCCCC)C(CC)CCCC,1.533948143,liver
CCCCCCCC/C=C\CCCCCCCCNC(=O)C(C(CC)CCCC)N(CCCCCCCCCCCCCCCCCC)C(=O)CCN(C)C,1.359229835,liver
CCCCCCCC/C=C\CCCCCCCCN(C(=O)CCN(C)C)C(C(=O)NCCCCCCCCCCCCCCCCCC)C(CC)CCCC,1.359229835,liver
CCCCC/C=C\C/C=C\CCCCCCCC(=O)N(CCCCCCCC/C=C\CCCCCCCC)C(C(=O)NCCCN(C)C)C(CC)CCCC,0.951553782,liver
CCCCCCC/C=C\CCCCCCCCC(=O)N(CCCCCCCCCCCCCCCCCC)C(C(=O)NCCCN(C)C)C(CC)CCCC,0.36915942,liver
CCCCCCCC/C=C\CCCCCCCCN(C(=O)CCCCCCCCCCCCCCCCC)C(C(=O)NCCCN(C)C)C(CC)CCCC,0.36915942,liver
CC(C)C(C(=O)NCCN(CCNC(=O)C(C(C)C)N(CCO)C(=O)CCO)CCNC(=O)C(C(C)C)N(CCO)C(=O)CCO)N(CCO)C(=O)CCO,1.603572079,spleen
CCCCCCCCCCCCNC(=O)C(C(C)C)N(CCO)C(=O)CN(CC(=O)N(CCO)C(C(=O)NCCCCCCCCCCCC)C(C)C)CC(=O)N(CCO)C(C(=O)NCCCCCCCCCCCC)C(C)C,1.619513333,spleen
CCCCCCCCCCCCNC(=O)C(C(C)C)N(CCN(CCN(C(=O)CCO)C(C(=O)NCCCCCCCCCCCC)C(C)C)CCN(C(=O)CCO)C(C(=O)NCCCCCCCCCCCC)C(C)C)C(=O)CCO,0.822450628,spleen
CCCCCCCCCCCCCCCCCCNC(=O)C(C(C)C)N(CCN(C)C)C(=O)CCCCCCCCCCCCCCCCC,-1.010793593,spleen
CCCCCCC/C=C\CCCCCCCCC(=O)N(CCN(C)C)C(C(=O)NCCCCCCCCCCCCCCCCCC)C(C)C,-1.010793593,spleen
CCCCC/C=C\C/C=C\CCCCCCCC(=O)N(CCN(C)C)C(C(=O)NCCCCCCCCCCCCCCCCCC)C(C)C,0.583331817,spleen
CC/C=C\C/C=C\C/C=C\CCCCCCCC(=O)N(CCN(C)C)C(C(=O)NCCCCCCCCCCCCCCCCCC)C(C)C,-1.010793593,spleen
CCCCCCCCCCCC#CC#CCCCCCCCC(=O)N(CCN(C)C)C(C(=O)NCCCCCCCCCCCCCCCCCC)C(C)C,-1.010793593,spleen
CCCCCCCCCCCCCCCCCCNC(=O)C(C(C)C)N(CCCN(C)C)C(=O)CCCCCCCCCCCCCCCCC,-1.010793593,spleen
CCCCCCC/C=C\CCCCCCCCC(=O)N(CCCN(C)C)C(C(=O)NCCCCCCCCCCCCCCCCCC)C(C)C,-1.010793593,spleen
CCCCC/C=C\C/C=C\CCCCCCCC(=O)N(CCCN(C)C)C(C(=O)NCCCCCCCCCCCCCCCCCC)C(C)C,-1.010793593,spleen
CC/C=C\C/C=C\C/C=C\CCCCCCCC(=O)N(CCCN(C)C)C(C(=O)NCCCCCCCCCCCCCCCCCC)C(C)C,-1.010793593,spleen
CCCCCCCCCCCC#CC#CCCCCCCCC(=O)N(CCCN(C)C)C(C(=O)NCCCCCCCCCCCCCCCCCC)C(C)C,-1.010793593,spleen
CCCCCCCCCCCCCCCCCCNC(=O)C(C(C)C)N(CCCN(CC)CC)C(=O)CCCCCCCCCCCCCCCCC,-1.010793593,spleen
CCCCCCC/C=C\CCCCCCCCC(=O)N(CCCN(CC)CC)C(C(=O)NCCCCCCCCCCCCCCCCCC)C(C)C,-1.010793593,spleen
CCCCC/C=C\C/C=C\CCCCCCCC(=O)N(CCCN(CC)CC)C(C(=O)NCCCCCCCCCCCCCCCCCC)C(C)C,-1.010793593,spleen
CC/C=C\C/C=C\C/C=C\CCCCCCCC(=O)N(CCCN(CC)CC)C(C(=O)NCCCCCCCCCCCCCCCCCC)C(C)C,-1.010793593,spleen
CCCCCCCCCCCC#CC#CCCCCCCCC(=O)N(CCCN(CC)CC)C(C(=O)NCCCCCCCCCCCCCCCCCC)C(C)C,-1.010793593,spleen
CCCCCCCCCCCCCCCCCCNC(=O)C(C(C)C)N(CCN1CCCCC1)C(=O)CCCCCCCCCCCCCCCCC,-1.010793593,spleen
CCCCCCC/C=C\CCCCCCCCC(=O)N(CCN1CCCCC1)C(C(=O)NCCCCCCCCCCCCCCCCCC)C(C)C,-1.010793593,spleen
CCCCC/C=C\C/C=C\CCCCCCCC(=O)N(CCN1CCCCC1)C(C(=O)NCCCCCCCCCCCCCCCCCC)C(C)C,-1.010793593,spleen
CC/C=C\C/C=C\C/C=C\CCCCCCCC(=O)N(CCN1CCCCC1)C(C(=O)NCCCCCCCCCCCCCCCCCC)C(C)C,-1.010793593,spleen
CCCCCCCCCCCC#CC#CCCCCCCCC(=O)N(CCN1CCCCC1)C(C(=O)NCCCCCCCCCCCCCCCCCC)C(C)C,-1.010793593,spleen
CCCCCCCCCCCCCCCCCCNC(=O)C(C(CC)CCCC)N(CCN(C)C)C(=O)CCCCCCCCCCCCCCCCC,-1.010793593,spleen
CCCCCCC/C=C\CCCCCCCCC(=O)N(CCN(C)C)C(C(=O)NCCCCCCCCCCCCCCCCCC)C(CC)CCCC,-1.010793593,spleen
CCCCC/C=C\C/C=C\CCCCCCCC(=O)N(CCN(C)C)C(C(=O)NCCCCCCCCCCCCCCCCCC)C(CC)CCCC,1.523865808,spleen
CC/C=C\C/C=C\C/C=C\CCCCCCCC(=O)N(CCN(C)C)C(C(=O)NCCCCCCCCCCCCCCCCCC)C(CC)CCCC,-1.010793593,spleen
CCCCCCCCCCCC#CC#CCCCCCCCC(=O)N(CCN(C)C)C(C(=O)NCCCCCCCCCCCCCCCCCC)C(CC)CCCC,-0.213730888,spleen
CCCCCCCCCCCCCCCCCCNC(=O)C(C(CC)CCCC)N(CCCN(C)C)C(=O)CCCCCCCCCCCCCCCCC,-1.010793593,spleen
CCCCCCC/C=C\CCCCCCCCC(=O)N(CCCN(C)C)C(C(=O)NCCCCCCCCCCCCCCCCCC)C(CC)CCCC,1.619513333,spleen
CCCCC/C=C\C/C=C\CCCCCCCC(=O)N(CCCN(C)C)C(C(=O)NCCCCCCCCCCCCCCCCCC)C(CC)CCCC,1.14127571,spleen
CC/C=C\C/C=C\C/C=C\CCCCCCCC(=O)N(CCCN(C)C)C(C(=O)NCCCCCCCCCCCCCCCCCC)C(CC)CCCC,1.380394521,spleen
CCCCCCCCCCCC#CC#CCCCCCCCC(=O)N(CCCN(C)C)C(C(=O)NCCCCCCCCCCCCCCCCCC)C(CC)CCCC,1.380394521,spleen
CCCCCCCCCCCCCCCCCCNC(=O)C(C(CC)CCCC)N(CCCN(CC)CC)C(=O)CCCCCCCCCCCCCCCCC,-1.010793593,spleen
CCCCCCC/C=C\CCCCCCCCC(=O)N(CCCN(CC)CC)C(C(=O)NCCCCCCCCCCCCCCCCCC)C(CC)CCCC,1.380394521,spleen
CCCCC/C=C\C/C=C\CCCCCCCC(=O)N(CCCN(CC)CC)C(C(=O)NCCCCCCCCCCCCCCCCCC)C(CC)CCCC,1.619513333,spleen
CC/C=C\C/C=C\C/C=C\CCCCCCCC(=O)N(CCCN(CC)CC)C(C(=O)NCCCCCCCCCCCCCCCCCC)C(CC)CCCC,0.822450628,spleen
CCCCCCCCCCCC#CC#CCCCCCCCC(=O)N(CCCN(CC)CC)C(C(=O)NCCCCCCCCCCCCCCCCCC)C(CC)CCCC,1.380394521,spleen
CCCCCCCCCCCCCCCCCCNC(=O)C(C(CC)CCCC)N(CCN1CCCCC1)C(=O)CCCCCCCCCCCCCCCCC,-1.010793593,spleen
CCCCCCC/C=C\CCCCCCCCC(=O)N(CCN1CCCCC1)C(C(=O)NCCCCCCCCCCCCCCCCCC)C(CC)CCCC,-1.010793593,spleen
CCCCC/C=C\C/C=C\CCCCCCCC(=O)N(CCN1CCCCC1)C(C(=O)NCCCCCCCCCCCCCCCCCC)C(CC)CCCC,-1.010793593,spleen
CC/C=C\C/C=C\C/C=C\CCCCCCCC(=O)N(CCN1CCCCC1)C(C(=O)NCCCCCCCCCCCCCCCCCC)C(CC)CCCC,-1.010793593,spleen
CCCCCCCCCCCC#CC#CCCCCCCCC(=O)N(CCN1CCCCC1)C(C(=O)NCCCCCCCCCCCCCCCCCC)C(CC)CCCC,-0.213730888,spleen
CCCCCCCCCCCCCCCCCCNC(=O)C(C1CCCCC1)N(CCN(C)C)C(=O)CCCCCCCCCCCCCCCCC,-1.010793593,spleen
CCCCCCC/C=C\CCCCCCCCC(=O)N(CCN(C)C)C(C(=O)NCCCCCCCCCCCCCCCCCC)C1CCCCC1,-1.010793593,spleen
CCCCC/C=C\C/C=C\CCCCCCCC(=O)N(CCN(C)C)C(C(=O)NCCCCCCCCCCCCCCCCCC)C1CCCCC1,-0.213730888,spleen
CC/C=C\C/C=C\C/C=C\CCCCCCCC(=O)N(CCN(C)C)C(C(=O)NCCCCCCCCCCCCCCCCCC)C1CCCCC1,-1.010793593,spleen
CCCCCCCCCCCC#CC#CCCCCCCCC(=O)N(CCN(C)C)C(C(=O)NCCCCCCCCCCCCCCCCCC)C1CCCCC1,-1.010793593,spleen
CCCCCCCCCCCCCCCCCCNC(=O)C(C1CCCCC1)N(CCCN(C)C)C(=O)CCCCCCCCCCCCCCCCC,-1.010793593,spleen
CCCCCCC/C=C\CCCCCCCCC(=O)N(CCCN(C)C)C(C(=O)NCCCCCCCCCCCCCCCCCC)C1CCCCC1,1.061569439,spleen
CCCCC/C=C\C/C=C\CCCCCCCC(=O)N(CCCN(C)C)C(C(=O)NCCCCCCCCCCCCCCCCCC)C1CCCCC1,0.583331817,spleen
CC/C=C\C/C=C\C/C=C\CCCCCCCC(=O)N(CCCN(C)C)C(C(=O)NCCCCCCCCCCCCCCCCCC)C1CCCCC1,0.583331817,spleen
CCCCCCCCCCCC#CC#CCCCCCCCC(=O)N(CCCN(C)C)C(C(=O)NCCCCCCCCCCCCCCCCCC)C1CCCCC1,1.523865808,spleen
CCCCCCCCCCCCCCCCCCNC(=O)C(C1CCCCC1)N(CCCN(CC)CC)C(=O)CCCCCCCCCCCCCCCCC,-1.010793593,spleen
CCCCCCC/C=C\CCCCCCCCC(=O)N(CCCN(CC)CC)C(C(=O)NCCCCCCCCCCCCCCCCCC)C1CCCCC1,0.965921915,spleen
CCCCC/C=C\C/C=C\CCCCCCCC(=O)N(CCCN(CC)CC)C(C(=O)NCCCCCCCCCCCCCCCCCC)C1CCCCC1,1.14127571,spleen
CC/C=C\C/C=C\C/C=C\CCCCCCCC(=O)N(CCCN(CC)CC)C(C(=O)NCCCCCCCCCCCCCCCCCC)C1CCCCC1,-0.213730888,spleen
CCCCCCCCCCCC#CC#CCCCCCCCC(=O)N(CCCN(CC)CC)C(C(=O)NCCCCCCCCCCCCCCCCCC)C1CCCCC1,0.583331817,spleen
CCCCCCCCCCCCCCCCCCNC(=O)C(C1CCCCC1)N(CCN1CCCCC1)C(=O)CCCCCCCCCCCCCCCCC,-1.010793593,spleen
CCCCCCC/C=C\CCCCCCCCC(=O)N(CCN1CCCCC1)C(C(=O)NCCCCCCCCCCCCCCCCCC)C1CCCCC1,-1.010793593,spleen
CCCCC/C=C\C/C=C\CCCCCCCC(=O)N(CCN1CCCCC1)C(C(=O)NCCCCCCCCCCCCCCCCCC)C1CCCCC1,-1.010793593,spleen
CC/C=C\C/C=C\C/C=C\CCCCCCCC(=O)N(CCN1CCCCC1)C(C(=O)NCCCCCCCCCCCCCCCCCC)C1CCCCC1,-1.010793593,spleen
CCCCCCCCCCCC#CC#CCCCCCCCC(=O)N(CCN1CCCCC1)C(C(=O)NCCCCCCCCCCCCCCCCCC)C1CCCCC1,-1.010793593,spleen
CCCCC/C=C\C/C=C\CCCCCCCC(=O)N(CCN1CCOCC1)C(C(=O)NCCCCCCCCCCCCCCCCCC)C(CC)CCCC,-1.010793593,spleen
CCCCC/C=C\C/C=C\CCCCCCCC(=O)N(CCCN(C)c1ccccc1)C(C(=O)NCCCCCCCCCCCCCCCCCC)C(CC)CCCC,-1.010793593,spleen
CCCCC/C=C\C/C=C\CCCCCCCC(=O)N(CCCN1CCN(C)CC1)C(C(=O)NCCCCCCCCCCCCCCCCCC)C(CC)CCCC,-1.010793593,spleen
CCCCC/C=C\C/C=C\CCCCCCCC(=O)N(CCN1CCCC1)C(C(=O)NCCCCCCCCCCCCCCCCCC)C(CC)CCCC,-1.010793593,spleen
CCCCC/C=C\C/C=C\CCCCCCCC(=O)N(CCC1CCCN1C)C(C(=O)NCCCCCCCCCCCCCCCCCC)C(CC)CCCC,-1.010793593,spleen
CCCCC/C=C\C/C=C\CCCCCCCC(=O)N(CCCN(C)C)CC(=O)NCCCCCCCCCCCCCCCCCC,-1.010793593,spleen
CCCCC/C=C\C/C=C\CCCCCCCC(=O)N(CCCN(C)C)C(C(=O)NCCCCCCCCCCCCCCCCCC)C(C)CC,1.14127571,spleen
CCCCC/C=C\C/C=C\CCCCCCCC(=O)N(CCCN(C)C)C(C(=O)NCCCCCCCCCCCCCCCCCC)C(CC)CCCC,1.938338415,spleen
CCCCC/C=C\C/C=C\CCCCCCCC(=O)N(CCCN(C)C)C(C(=O)NCCCCCCCCCCCCCCCCCC)C(C)CCC=C(C)C,-1.010793593,spleen
CCCCC/C=C\C/C=C\CCCCCCCC(=O)N(CCCN(C)C)C(C(=O)NCCCCCCCCCCCCCCCCCC)c1ccccc1,-1.010793593,spleen
CCCCCCCCCCCCCCCCCCNC(=O)C(C(CC)CCCC)N(CCCN(C)C)C(=O)C(CCCCCC)CCCCCCCC,-1.010793593,spleen
CCCCC/C=C\C/C=C\CCCCCCCC(=O)N(CCCN(C)C)C(C(=O)NCCCCCCCCCC)C(CC)CCCC,-1.010793593,spleen
CCCCC/C=C\C/C=C\CCCCCCCC(=O)N(CCCN(C)C)C(C(=O)NCCCCCCCCCCCCCC)C(CC)CCCC,-1.010793593,spleen
CCCCCCCC/C=C\CCCCCCCCNC(=O)C(C(CC)CCCC)N(CCCN(C)C)C(=O)CCSSCCCCCCCCCCCC,1.14127571,spleen
CCCCCCCC/C=C\CCCCCCCCNC(=O)C(C(CC)CCCC)N(CCCN(C)C)C(=O)CCC(=O)OC1CCC2C(=CCC3C2CCC2(C)C(C(C)CCCC(C)C)CCC32)C1,-1.010793593,spleen
CCCCCCC/C=C\CCCCCCCCC(=O)N(CCCN(C)C)C(C(=O)NCCCCCCCC/C=C\CCCCCCCC)C(CC)CCCC,0.726803103,spleen
CCCCCCCC/C=C\CCCCCCCCNC(=O)C(C(CC)CCCC)N(CCCCCCCC/C=C\CCCCCCCC)C(=O)CCN(C)C,0.726803103,spleen
CCCCC/C=C\C/C=C\CCCCCCCC(=O)N(CCCCCCCCCCCCCCCCCC)C(C(=O)NCCCN(C)C)C(CC)CCCC,0.965921915,spleen
CCCCCCC/C=C\CCCCCCCCC(=O)N(CCCCCCCC/C=C\CCCCCCCC)C(C(=O)NCCCN(C)C)C(CC)CCCC,1.061569439,spleen
CCCCCCCC/C=C\CCCCCCCCNC(=O)C(C(CC)CCCC)N(CCCN(C)C)C(=O)CCCCCCCCCCCCCCCCC,1.523865808,spleen
CC/C=C\C/C=C\C/C=C\CCCCCCCC(=O)N(CCCN(C)C)C(C(=O)NCCCCCCCCCCCCCCCCCC)C(CC)CCCC,1.523865808,spleen
CCCCC/C=C\C/C=C\CCCCCCCC(=O)N(CCCN(C)C)C(C(=O)NCCCCCCCC/C=C\CCCCCCCC)C(CC)CCCC,1.699219603,spleen
CCCCCCCC/C=C\CCCCCCCCNC(=O)C(C(CC)CCCC)N(CCCCCCCCCCCCCCCCCC)C(=O)CCN(C)C,-1.010793593,spleen
CCCCCCCC/C=C\CCCCCCCCN(C(=O)CCN(C)C)C(C(=O)NCCCCCCCCCCCCCCCCCC)C(CC)CCCC,-1.010793593,spleen
CCCCC/C=C\C/C=C\CCCCCCCC(=O)N(CCCCCCCC/C=C\CCCCCCCC)C(C(=O)NCCCN(C)C)C(CC)CCCC,1.061569439,spleen
CCCCCCC/C=C\CCCCCCCCC(=O)N(CCCCCCCCCCCCCCCCCC)C(C(=O)NCCCN(C)C)C(CC)CCCC,0.902156899,spleen
CCCCCCCC/C=C\CCCCCCCCN(C(=O)CCCCCCCCCCCCCCCCC)C(C(=O)NCCCN(C)C)C(CC)CCCC,0.902156899,spleen
CCCCCCCCCCCCCCCCCC(=O)N(CCCN(C)C)C(C(=O)NCCN(C)CCNC(=O)C(C(C)C)N(CCCN(C)C)C(=O)CCCCCCCCCCCCCCCCC)C(C)C,-0.976171556,liver
CCCCCCC/C=C\CCCCCCCCC(=O)N(CCCN(C)C)C(C(=O)NCCN(C)CCNC(=O)C(C(C)C)N(CCCN(C)C)C(=O)CCCCCCCC/C=C\CCCCCCC)C(C)C,-0.987819443,liver
CCCCC/C=C\C/C=C\CCCCCCCC(=O)N(CCCN(C)C)C(C(=O)NCCN(C)CCNC(=O)C(C(C)C)N(CCCN(C)C)C(=O)CCCCCCC/C=C\C/C=C\CCCCC)C(C)C,-1.308136342,liver
CCCCCCCCCCCCCCCCCC(=O)N(CCCN(C)C)C(C(=O)NCCN(C)CCNC(=O)C(C(CC)CCCC)N(CCCN(C)C)C(=O)CCCCCCCCCCCCCCCCC)C(CC)CCCC,-1.471206763,liver
CCCCCCC/C=C\CCCCCCCCC(=O)N(CCCN(C)C)C(C(=O)NCCN(C)CCNC(=O)C(C(CC)CCCC)N(CCCN(C)C)C(=O)CCCCCCCC/C=C\CCCCCCC)C(CC)CCCC,-1.69251662,liver
CCCCC/C=C\C/C=C\CCCCCCCC(=O)N(CCCN(C)C)C(C(=O)NCCN(C)CCNC(=O)C(C(CC)CCCC)N(CCCN(C)C)C(=O)CCCCCCC/C=C\C/C=C\CCCCC)C(CC)CCCC,-1.005291274,liver
CCCCCCCCCCCCCCCCCC(=O)N(CCCN(C)C)C(C(=O)NCCN(C)CCNC(=O)C(C1CC1)N(CCCN(C)C)C(=O)CCCCCCCCCCCCCCCCC)C1CC1,-1.686692677,liver
CCCCCCC/C=C\CCCCCCCCC(=O)N(CCCN(C)C)C(C(=O)NCCN(C)CCNC(=O)C(C1CC1)N(CCCN(C)C)C(=O)CCCCCCCC/C=C\CCCCCCC)C1CC1,-1.669220846,liver
CCCCC/C=C\C/C=C\CCCCCCCC(=O)N(CCCN(C)C)C(C(=O)NCCN(C)CCNC(=O)C(C1CC1)N(CCCN(C)C)C(=O)CCCCCCC/C=C\C/C=C\CCCCC)C1CC1,-1.500326481,liver
CCCCCCCCCCCCCCCCCC(=O)N(CCCN(C)C)C(C(=O)NCCN(C)CCNC(=O)C(C1CCCCC1)N(CCCN(C)C)C(=O)CCCCCCCCCCCCCCCCC)C1CCCCC1,-1.715812395,liver
CCCCCCC/C=C\CCCCCCCCC(=O)N(CCCN(C)C)C(C(=O)NCCN(C)CCNC(=O)C(C1CCCCC1)N(CCCN(C)C)C(=O)CCCCCCCC/C=C\CCCCCCC)C1CCCCC1,-1.541094086,liver
CCCCC/C=C\C/C=C\CCCCCCCC(=O)N(CCCN(C)C)C(C(=O)NCCN(C)CCNC(=O)C(C1CCCCC1)N(CCCN(C)C)C(=O)CCCCCCC/C=C\C/C=C\CCCCC)C1CCCCC1,-1.41879127,liver
CCCCCCCCCCCCCCCCCC(=O)N(CCN1CCCCCC1)C(C(=O)NCCN(C)CCNC(=O)C(C(C)C)N(CCN1CCCCCC1)C(=O)CCCCCCCCCCCCCCCCC)C(C)C,-1.709988451,liver
CCCCCCC/C=C\CCCCCCCCC(=O)N(CCN1CCCCCC1)C(C(=O)NCCN(C)CCNC(=O)C(C(C)C)N(CCN1CCCCCC1)C(=O)CCCCCCCC/C=C\CCCCCCC)C(C)C,-1.366375778,liver
CCCCC/C=C\C/C=C\CCCCCCCC(=O)N(CCN1CCCCCC1)C(C(=O)NCCN(C)CCNC(=O)C(C(C)C)N(CCN1CCCCCC1)C(=O)CCCCCCC/C=C\C/C=C\CCCCC)C(C)C,-0.906284232,liver
CCCCCCCCCCCCCCCCCC(=O)N(CCN1CCCCCC1)C(C(=O)NCCN(C)CCNC(=O)C(C(CC)CCCC)N(CCN1CCCCCC1)C(=O)CCCCCCCCCCCCCCCCC)C(CC)CCCC,-1.383847609,liver
CCCCCCC/C=C\CCCCCCCCC(=O)N(CCN1CCCCCC1)C(C(=O)NCCN(C)CCNC(=O)C(C(CC)CCCC)N(CCN1CCCCCC1)C(=O)CCCCCCCC/C=C\CCCCCCC)C(CC)CCCC,-1.599333523,liver
CCCCC/C=C\C/C=C\CCCCCCCC(=O)N(CCN1CCCCCC1)C(C(=O)NCCN(C)CCNC(=O)C(C(CC)CCCC)N(CCN1CCCCCC1)C(=O)CCCCCCC/C=C\C/C=C\CCCCC)C(CC)CCCC,-1.046058879,liver
CCCCCCCCCCCCCCCCCC(=O)N(CCN1CCCCCC1)C(C(=O)NCCN(C)CCNC(=O)C(C1CC1)N(CCN1CCCCCC1)C(=O)CCCCCCCCCCCCCCCCC)C1CC1,-1.651749015,liver
CCCCCCC/C=C\CCCCCCCCC(=O)N(CCN1CCCCCC1)C(C(=O)NCCN(C)CCNC(=O)C(C1CC1)N(CCN1CCCCCC1)C(=O)CCCCCCCC/C=C\CCCCCCC)C1CC1,-1.651749015,liver
CCCCC/C=C\C/C=C\CCCCCCCC(=O)N(CCN1CCCCCC1)C(C(=O)NCCN(C)CCNC(=O)C(C1CC1)N(CCN1CCCCCC1)C(=O)CCCCCCC/C=C\C/C=C\CCCCC)C1CC1,-1.593509579,liver
CCCCCCCCCCCCCCCCCC(=O)N(CCN1CCCCCC1)C(C(=O)NCCN(C)CCNC(=O)C(C1CCCCC1)N(CCN1CCCCCC1)C(=O)CCCCCCCCCCCCCCCCC)C1CCCCC1,-1.69251662,liver
CCCCCCC/C=C\CCCCCCCCC(=O)N(CCN1CCCCCC1)C(C(=O)NCCN(C)CCNC(=O)C(C1CCCCC1)N(CCN1CCCCCC1)C(=O)CCCCCCCC/C=C\CCCCCCC)C1CCCCC1,-1.785699718,liver
CCCCC/C=C\C/C=C\CCCCCCCC(=O)N(CCN1CCCCCC1)C(C(=O)NCCN(C)CCNC(=O)C(C1CCCCC1)N(CCN1CCCCCC1)C(=O)CCCCCCC/C=C\C/C=C\CCCCC)C1CCCCC1,-1.121770146,liver
CCCCCCCCCCCCCCCCCC(=O)N(CCC)C(C(=O)NCCN(C)CCNC(=O)C(C(C)C)N(CCC)C(=O)CCCCCCCCCCCCCCCCC)C(C)C,-0.824749022,liver
CCCCCCC/C=C\CCCCCCCCC(=O)N(CCC)C(C(=O)NCCN(C)CCNC(=O)C(C(C)C)N(CCC)C(=O)CCCCCCCC/C=C\CCCCCCC)C(C)C,-0.318065927,liver
CCCCC/C=C\C/C=C\CCCCCCCC(=O)N(CCC)C(C(=O)NCCN(C)CCNC(=O)C(C(C)C)N(CCC)C(=O)CCCCCCC/C=C\C/C=C\CCCCC)C(C)C,-0.318065927,liver
CCCCCCCCCCCCCCCCCC(=O)N(CCC)C(C(=O)NCCN(C)CCNC(=O)C(C(CC)CCCC)N(CCC)C(=O)CCCCCCCCCCCCCCCCC)C(CC)CCCC,-0.912108176,liver
CCCCCCC/C=C\CCCCCCCCC(=O)N(CCC)C(C(=O)NCCN(C)CCNC(=O)C(C(CC)CCCC)N(CCC)C(=O)CCCCCCCC/C=C\CCCCCCC)C(CC)CCCC,-0.743213811,liver
CCCCC/C=C\C/C=C\CCCCCCCC(=O)N(CCC)C(C(=O)NCCN(C)CCNC(=O)C(C(CC)CCCC)N(CCC)C(=O)CCCCCCC/C=C\C/C=C\CCCCC)C(CC)CCCC,-0.941227894,liver
CCCCCCCCCCCCCCCCCC(=O)N(CCC)C(C(=O)NCCN(C)CCNC(=O)C(C1CC1)N(CCC)C(=O)CCCCCCCCCCCCCCCCC)C1CC1,-1.226601131,liver
CCCCCCC/C=C\CCCCCCCCC(=O)N(CCC)C(C(=O)NCCN(C)CCNC(=O)C(C1CC1)N(CCC)C(=O)CCCCCCCC/C=C\CCCCCCC)C1CC1,-1.156713808,liver
CCCCC/C=C\C/C=C\CCCCCCCC(=O)N(CCC)C(C(=O)NCCN(C)CCNC(=O)C(C1CC1)N(CCC)C(=O)CCCCCCC/C=C\C/C=C\CCCCC)C1CC1,-1.61098141,liver
CCCCCCCCCCCCCCCCCC(=O)N(CCC)C(C(=O)NCCN(C)CCNC(=O)C(C1CCCCC1)N(CCC)C(=O)CCCCCCCCCCCCCCCCC)C1CCCCC1,-1.244072962,liver
CCCCCCC/C=C\CCCCCCCCC(=O)N(CCC)C(C(=O)NCCN(C)CCNC(=O)C(C1CCCCC1)N(CCC)C(=O)CCCCCCCC/C=C\CCCCCCC)C1CCCCC1,-0.545199728,liver
CCCCC/C=C\C/C=C\CCCCCCCC(=O)N(CCC)C(C(=O)NCCN(C)CCNC(=O)C(C1CCCCC1)N(CCC)C(=O)CCCCCCC/C=C\C/C=C\CCCCC)C1CCCCC1,-0.702446206,liver
CCCCCCCCCCCCCCCCCC(=O)N(CCO)C(C(=O)NCCN(C)CCNC(=O)C(C(C)C)N(CCO)C(=O)CCCCCCCCCCCCCCCCC)C(C)C,-0.539375784,liver
CCCCCCC/C=C\CCCCCCCCC(=O)N(CCO)C(C(=O)NCCN(C)CCNC(=O)C(C(C)C)N(CCO)C(=O)CCCCCCCC/C=C\CCCCCCC)C(C)C,-0.318065927,liver
CCCCC/C=C\C/C=C\CCCCCCCC(=O)N(CCO)C(C(=O)NCCN(C)CCNC(=O)C(C(C)C)N(CCO)C(=O)CCCCCCC/C=C\C/C=C\CCCCC)C(C)C,-0.318065927,liver
CCCCCCCCCCCCCCCCCC(=O)N(CCO)C(C(=O)NCCN(C)CCNC(=O)C(C(CC)CCCC)N(CCO)C(=O)CCCCCCCCCCCCCCCCC)C(CC)CCCC,-0.318065927,liver
CCCCCCC/C=C\CCCCCCCCC(=O)N(CCO)C(C(=O)NCCN(C)CCNC(=O)C(C(CC)CCCC)N(CCO)C(=O)CCCCCCCC/C=C\CCCCCCC)C(CC)CCCC,-0.318065927,liver
CCCCC/C=C\C/C=C\CCCCCCCC(=O)N(CCO)C(C(=O)NCCN(C)CCNC(=O)C(C(CC)CCCC)N(CCO)C(=O)CCCCCCC/C=C\C/C=C\CCCCC)C(CC)CCCC,-0.335537758,liver
CCCCCCCCCCCCCCCCCC(=O)N(CCO)C(C(=O)NCCN(C)CCNC(=O)C(C1CC1)N(CCO)C(=O)CCCCCCCCCCCCCCCCC)C1CC1,-0.428720856,liver
CCCCCCC/C=C\CCCCCCCCC(=O)N(CCO)C(C(=O)NCCN(C)CCNC(=O)C(C1CC1)N(CCO)C(=O)CCCCCCCC/C=C\CCCCCCC)C1CC1,-0.964523668,liver
CCCCC/C=C\C/C=C\CCCCCCCC(=O)N(CCO)C(C(=O)NCCN(C)CCNC(=O)C(C1CC1)N(CCO)C(=O)CCCCCCC/C=C\C/C=C\CCCCC)C1CC1,-1.587685635,liver
CCCCCCCCCCCCCCCCCC(=O)N(CCO)C(C(=O)NCCN(C)CCNC(=O)C(C1CCCCC1)N(CCO)C(=O)CCCCCCCCCCCCCCCCC)C1CCCCC1,-0.318065927,liver
CCCCCCC/C=C\CCCCCCCCC(=O)N(CCO)C(C(=O)NCCN(C)CCNC(=O)C(C1CCCCC1)N(CCO)C(=O)CCCCCCCC/C=C\CCCCCCC)C1CCCCC1,-0.318065927,liver
CCCCC/C=C\C/C=C\CCCCCCCC(=O)N(CCO)C(C(=O)NCCN(C)CCNC(=O)C(C1CCCCC1)N(CCO)C(=O)CCCCCCC/C=C\C/C=C\CCCCC)C1CCCCC1,-0.213234942,liver
CCCCCCCCCCCCCCCCCC(=O)N(CCOC)C(C(=O)NCCN(C)CCNC(=O)C(C(C)C)N(CCOC)C(=O)CCCCCCCCCCCCCCCCC)C(C)C,-0.446192686,liver
CCCCCCC/C=C\CCCCCCCCC(=O)N(CCOC)C(C(=O)NCCN(C)CCNC(=O)C(C(C)C)N(CCOC)C(=O)CCCCCCCC/C=C\CCCCCCC)C(C)C,-0.318065927,liver
CCCCC/C=C\C/C=C\CCCCCCCC(=O)N(CCOC)C(C(=O)NCCN(C)CCNC(=O)C(C(C)C)N(CCOC)C(=O)CCCCCCC/C=C\C/C=C\CCCCC)C(C)C,-0.318065927,liver
CCCCCCCCCCCCCCCCCC(=O)N(CCOC)C(C(=O)NCCN(C)CCNC(=O)C(C(CC)CCCC)N(CCOC)C(=O)CCCCCCCCCCCCCCCCC)C(CC)CCCC,-0.318065927,liver
CCCCCCC/C=C\CCCCCCCCC(=O)N(CCOC)C(C(=O)NCCN(C)CCNC(=O)C(C(CC)CCCC)N(CCOC)C(=O)CCCCCCCC/C=C\CCCCCCC)C(CC)CCCC,-0.585967333,liver
CCCCC/C=C\C/C=C\CCCCCCCC(=O)N(CCOC)C(C(=O)NCCN(C)CCNC(=O)C(C(CC)CCCC)N(CCOC)C(=O)CCCCCCC/C=C\C/C=C\CCCCC)C(CC)CCCC,-0.318065927,liver
CCCCCCCCCCCCCCCCCC(=O)N(CCOC)C(C(=O)NCCN(C)CCNC(=O)C(C1CC1)N(CCOC)C(=O)CCCCCCCCCCCCCCCCC)C1CC1,-0.818925078,liver
CCCCCCC/C=C\CCCCCCCCC(=O)N(CCOC)C(C(=O)NCCN(C)CCNC(=O)C(C1CC1)N(CCOC)C(=O)CCCCCCCC/C=C\CCCCCCC)C1CC1,-0.836396909,liver
CCCCC/C=C\C/C=C\CCCCCCCC(=O)N(CCOC)C(C(=O)NCCN(C)CCNC(=O)C(C1CC1)N(CCOC)C(=O)CCCCCCC/C=C\C/C=C\CCCCC)C1CC1,-0.655854657,liver
CCCCCCCCCCCCCCCCCC(=O)N(CCOC)C(C(=O)NCCN(C)CCNC(=O)C(C1CCCCC1)N(CCOC)C(=O)CCCCCCCCCCCCCCCCC)C1CCCCC1,-0.318065927,liver
CCCCCCC/C=C\CCCCCCCCC(=O)N(CCOC)C(C(=O)NCCN(C)CCNC(=O)C(C1CCCCC1)N(CCOC)C(=O)CCCCCCCC/C=C\CCCCCCC)C1CCCCC1,-0.318065927,liver
CCCCC/C=C\C/C=C\CCCCCCCC(=O)N(CCOC)C(C(=O)NCCN(C)CCNC(=O)C(C1CCCCC1)N(CCOC)C(=O)CCCCCCC/C=C\C/C=C\CCCCC)C1CCCCC1,-0.568495502,liver
CCCCCCCC(=O)N(CCO)C(C(=O)NCCN(CCNC(=O)C(C(C)C)N(CCO)C(=O)CCCCCCC)CCNC(=O)C(C(C)C)N(CCO)C(=O)CCCCCCC)C(C)C,-0.417072968,liver
CCCCCCCCCC(=O)N(CCO)C(C(=O)NCCN(CCNC(=O)C(C(C)C)N(CCO)C(=O)CCCCCCCCC)CCNC(=O)C(C(C)C)N(CCO)C(=O)CCCCCCCCC)C(C)C,-0.318065927,liver
CCCCCCCCCCCC(=O)N(CCO)C(C(=O)NCCN(CCNC(=O)C(C(C)C)N(CCO)C(=O)CCCCCCCCCCC)CCNC(=O)C(C(C)C)N(CCO)C(=O)CCCCCCCCCCC)C(C)C,-0.318065927,liver
CCCCCCCCCCCCCC(=O)N(CCO)C(C(=O)NCCN(CCNC(=O)C(C(C)C)N(CCO)C(=O)CCCCCCCCCCCCC)CCNC(=O)C(C(C)C)N(CCO)C(=O)CCCCCCCCCCCCC)C(C)C,-0.318065927,liver
CCCCCCCCCCCCCCCC(=O)N(CCO)C(C(=O)NCCN(CCNC(=O)C(C(C)C)N(CCO)C(=O)CCCCCCCCCCCCCCC)CCNC(=O)C(C(C)C)N(CCO)C(=O)CCCCCCCCCCCCCCC)C(C)C,-0.318065927,liver
CCCCCCCCCCCCCCCCCC(=O)N(CCO)C(C(=O)NCCN(CCNC(=O)C(C(C)C)N(CCO)C(=O)CCCCCCCCCCCCCCCCC)CCNC(=O)C(C(C)C)N(CCO)C(=O)CCCCCCCCCCCCCCCCC)C(C)C,-0.492784235,liver
CCCCC/C=C\C/C=C\CCCCCCCC(=O)N(CCO)C(C(=O)NCCN(CCNC(=O)C(C(C)C)N(CCO)C(=O)CCCCCCC/C=C\C/C=C\CCCCC)CCNC(=O)C(C(C)C)N(CCO)C(=O)CCCCCCC/C=C\C/C=C\CCCCC)C(C)C,-0.318065927,liver
CCCCCCSSCCC(=O)N(CCO)C(C(=O)NCCN(CCNC(=O)C(C(C)C)N(CCO)C(=O)CCSSCCCCCC)CCNC(=O)C(C(C)C)N(CCO)C(=O)CCSSCCCCCC)C(C)C,-0.486960292,liver
CCCCCCCCSSCCC(=O)N(CCO)C(C(=O)NCCN(CCNC(=O)C(C(C)C)N(CCO)C(=O)CCSSCCCCCCCC)CCNC(=O)C(C(C)C)N(CCO)C(=O)CCSSCCCCCCCC)C(C)C,-0.318065927,liver
CCCCCCCCCCSSCCC(=O)N(CCO)C(C(=O)NCCN(CCNC(=O)C(C(C)C)N(CCO)C(=O)CCSSCCCCCCCCCC)CCNC(=O)C(C(C)C)N(CCO)C(=O)CCSSCCCCCCCCCC)C(C)C,-0.318065927,liver
CCCCCCCCCCCCSSCCC(=O)N(CCO)C(C(=O)NCCN(CCNC(=O)C(C(C)C)N(CCO)C(=O)CCSSCCCCCCCCCCCC)CCNC(=O)C(C(C)C)N(CCO)C(=O)CCSSCCCCCCCCCCCC)C(C)C,0.089610126,liver
CCCCCCCCCCCCCCSSCCC(=O)N(CCO)C(C(=O)NCCN(CCNC(=O)C(C(C)C)N(CCO)C(=O)CCSSCCCCCCCCCCCCCC)CCNC(=O)C(C(C)C)N(CCO)C(=O)CCSSCCCCCCCCCCCCCC)C(C)C,0.264328435,liver
CC(C)C(C(=O)NCCN(CCNC(=O)C(C(C)C)N(CCO)C(=O)CCO)CCNC(=O)C(C(C)C)N(CCO)C(=O)CCO)N(CCO)C(=O)CCO,0.124553788,liver
CCCCCCCCCCCCNC(=O)C(C(C)C)N(CCO)C(=O)CN(CC(=O)N(CCO)C(C(=O)NCCCCCCCCCCCC)C(C)C)CC(=O)N(CCO)C(C(=O)NCCCCCCCCCCCC)C(C)C,0.194441111,liver
CCCCCCCCCCCCNC(=O)C(C(C)C)N(CCN(CCN(C(=O)CCO)C(C(=O)NCCCCCCCCCCCC)C(C)C)CCN(C(=O)CCO)C(C(=O)NCCCCCCCCCCCC)C(C)C)C(=O)CCO,-0.213234942,liver
CCCCC/C=C\C/C=C\CCCCCCCCC(CCCCCCCC/C=C\C/C=C\CCCCC)OC(=O)CCCN(C)C,1.429117158,liver
CCCCCCCC/C=C\CCCCCCCC(=O)N(CCN(C)CCN)C(CCCCCOC(=O)CCCCCCCCCC)C(=O)NC1CCCCC1,2.14385827,muscle
CCCCC/C=C\C/C=C\CCCCCCCC(=O)N(CCN(C)CCN)C(CCCCCOC(=O)CCCCCCCCCC)C(=O)NC(C)(C)C,1.890696465,muscle
CCCCCCCC/C=C\CCCCCCCC(=O)OCCCCCC(C(=O)NCC(=O)OC(C)(C)C)N(CCCN(CCCC)CCCC)C(=O)CCCCCCC/C=C\CCCCCCCC,1.71324925,muscle
CCCCCCCC/C=C\CCCCCCCC(=O)OCCCCCC(C(=O)NCC(=O)OC(C)(C)C)N(CCn1ccnc1)C(=O)CCCCCCC/C=C\CCCCCCCC,1.700883158,muscle
CCCCCCCC/C=C\CCCCCCCC(=O)OCCCCCC(C(=O)NCC(=O)OC(C)(C)C)N(CCN1CCCCC1)C(=O)CCCCCCC/C=C\CCCCCCCC,1.58299641,muscle
CCCCC/C=C\C/C=C\CCCCCCCC(=O)OCCCCCC(C(=O)NCCCC)N(CCN(C)CCN)C(=O)CCCCC(=O)OC(CCCCCCCC)CCCCCCCC,1.576634717,muscle
CCCCC/C=C\C/C=C\CCCCCCCC(=O)OCCCCCC(C(=O)NCC(=O)OC(C)(C)C)N(CCCN(CCCC)CCCC)C(=O)CCCCC(=O)OC(CCCCCCCC)CCCCCCCC,1.398072912,muscle
CCCCC/C=C\C/C=C\CCCCCCCC(=O)OCCCCCC(C(=O)NCC(=O)OC(C)(C)C)N(CCN1CCCCC1)C(=O)CCCCC(=O)OC(CCCCCCCC)CCCCCCCC,1.297595622,muscle
CCCCC/C=C\C/C=C\CCCCCCCC(=O)N(CCN(C)CCN)C(CCCCCOC(=O)CCCCCCCCCC)C(=O)NCC(=O)OC(C)(C)C,1.280641592,muscle
CCCCC/C=C\C/C=C\CCCCCCCC(=O)N(CCCN1CCN(C)CC1)C(CCCCCOC(=O)CCCCCCCCCC)C(=O)NCC(=O)OC(C)(C)C,1.280641592,muscle
CCCCCCCC/C=C\CCCCCCCC(=O)OCCCCCC(C(=O)NCC(=O)OC(C)(C)C)N(CCN1CCCCC1CC)C(=O)CCCCCCC/C=C\CCCCCCCC,1.172079297,muscle
CCCCC/C=C\C/C=C\CCCCCCCC(=O)OCCCCCC(C(=O)NCC(=O)OC(C)(C)C)N(CCCN1CCCN(C)CC1)C(=O)CCCCC(=O)OC(CCCCCCCC)CCCCCCCC,0.799687361,muscle
CCCCC/C=C\C/C=C\CCCCCCCC(=O)OCCCCCC(C(=O)NCC(=O)OC(C)(C)C)N(CCN(C)C)C(=O)CCCCC(=O)OC(CCCCCCCC)CCCCCCCC,0.752969757,muscle
CCCCC/C=C\C/C=C\CCCCCCCC(=O)OCCCCCC(C(=O)NCC(=O)OC(C)(C)C)N(CCN1CCCC1)C(=O)CCCCC(=O)OC(CCCCCCCC)CCCCCCCC,0.736386376,muscle
CCCCC/C=C\C/C=C\CCCCCCCC(=O)OCCCCCC(C(=O)NCC(=O)OC(C)(C)C)N(CCCN(CC)CC)C(=O)CCCCC(=O)OC(CCCCCCCC)CCCCCCCC,0.644177653,muscle
CCCCCCCC/C=C\CCCCCCCC(=O)N(CCCN(CC)CC)C(CCCCCOC(=O)CCCCCCCCCC)C(=O)NCC(=O)OC(C)(C)C,0.623532021,muscle
CCCCC/C=C\C/C=C\CCCCCCCC(=O)OCCCCCC(C(=O)NCCCC)N(CCCN(CC)CC)C(=O)CCCCC(=O)OC(CCCCCCCC)CCCCCCCC,0.531323307,muscle
CCCCC/C=C\C/C=C\CCCCCCCC(=O)OCCCCCC(C(=O)NCCCC)N(CCCN1CCCCC1)C(=O)CCCCC(=O)OC(CCCCCCCC)CCCCCCCC,0.50538184,muscle
CCCCC/C=C\C/C=C\CCCCCCCC(=O)N(CCN(C)CCN)C(CCCCCOC(=O)CCCCCCCCCC)C(=O)NCCCC,0.449129732,muscle
CCCCCCCC/C=C\CCCCCCCC(=O)N(CCCN(CCCC)CCCC)C(CCCCCOC(=O)CCCCCCCCCC)C(=O)NC1CCCCC1,0.385828767,muscle
CCCCCCCC/C=C\CCCCCCCC(=O)OCCCCCC(C(=O)NCC(=O)OC(C)(C)C)N(CCN1CCS(=O)(=O)CC1)C(=O)CCCCCCC/C=C\CCCCCCCC,0.127479966,muscle
CCCCCCCC/C=C\CCCCCCCC(=O)OCCCCCC(C(=O)NCC(=O)OC(C)(C)C)N(CCN1CCOCC1)C(=O)CCCCCCC/C=C\CCCCCCCC,0.127479966,muscle
CCCCC/C=C\C/C=C\CCCCCCCC(=O)OCCCCCC(C(=O)NCCCC)N(CCCN1CCN(C)CC1)C(=O)CCCCC(=O)OC(CCCCCCCC)CCCCCCCC,-0.169791508,muscle
CCCCCCCC/C=C\CCCCCCCC(=O)N(CCCN1CCN(C)CC1)C(CCCCCOC(=O)CCCCCCCCCC)C(=O)NCC(=O)OC(C)(C)C,-0.169791508,muscle
CCCCC/C=C\C/C=C\CCCCCCCC(=O)N(CCCN(C)C)C(CCCCCOC(=O)CCCCCCCCCC)C(=O)NCCCC,-0.282645661,muscle
CCCCCCCC/C=C\CCCCCCCC(=O)OCCCCCC(C(=O)NCC(=O)OC(C)(C)C)N(CCN(C)C)C(=O)CCCCCCC/C=C\CCCCCCCC,-0.428139876,muscle
CCCCC/C=C\C/C=C\CCCCCCCC(=O)N(CCCN(CCCC)CCCC)C(CCCCCOC(=O)CCCCCCCCCC)C(=O)NC(C)(C)C,-0.428139876,muscle
CCCCC/C=C\C/C=C\CCCCCCCC(=O)OCCCCCC(C(=O)NCCCC)N(CCN(C)C)C(=O)CCCCC(=O)OC(CCCCCCCC)CCCCCCCC,-0.428139876,muscle
CCCCCCCC/C=C\CCCCCCCC(=O)N(CCCN1CCCCC1)C(CCCCCOC(=O)CCCCCCCCCC)C(=O)NC1CCCCC1,-0.428139876,muscle
CCCCCCCC/C=C\CCCCCCCC(=O)N(CCCN1CCN(CCCN)CC1)C(CCCCCOC(=O)CCCCCCCCCC)C(=O)NC1CCCCC1,-0.428139876,muscle
CCCCCCCC/C=C\CCCCCCCC(=O)OCCCCCC(C(=O)NCC(=O)OC(C)(C)C)N(CCCN1CCN(C)CC1)C(=O)CCCCCCC/C=C\CCCCCCCC,-0.633202216,muscle
CCCCC/C=C\C/C=C\CCCCCCCC(=O)N(CCCN(CC)CC)C(CCCCCOC(=O)CCCCCCCCCC)C(=O)NCC(=O)OC(C)(C)C,-0.633202216,muscle
CCCCCCCC/C=C\CCCCCCCC(=O)N(CCN(C)C)C(CCCCCOC(=O)CCCCCCCCCC)C(=O)NC1CCCCC1,-0.983757555,muscle
CCCCC/C=C\C/C=C\CCCCCCCC(=O)N(CCCN(CCCC)CCCC)C(CCCCCOC(=O)CCCCCCCCCC)C(=O)NCCCC,-0.983757555,muscle
CCCCCCCC/C=C\CCCCCCCC(=O)OCCCCCC(C(=O)NCC(=O)OC(C)(C)C)N(CCN1CCCC1)C(=O)CCCCCCC/C=C\CCCCCCCC,-0.983757555,muscle
CCCCC/C=C\C/C=C\CCCCCCCC(=O)OCCCCCC(C(=O)NCC(=O)OC(C)(C)C)N(CCCN1CCN(C)CC1)C(=O)CCCCC(=O)OC(CCCCCCCC)CCCCCCCC,-0.983757555,muscle
CCCCCCCC/C=C\CCCCCCCC(=O)OCCCCCC(C(=O)NCC(=O)OC(C)(C)C)N(CCCN1CCCN(C)CC1)C(=O)CCCCCCC/C=C\CCCCCCCC,-0.983757555,muscle
CCCCCCCC/C=C\CCCCCCCC(=O)N(CCCN1CCCC1)C(CCCCCOC(=O)CCCCCCCCCC)C(=O)NC1CCCCC1,-0.983757555,muscle
CCCCC/C=C\C/C=C\CCCCCCCC(=O)N(CCCN1CCCCC1CC)C(CCCCCOC(=O)CCCCCCCCCC)C(=O)NC(C)(C)C,-0.983757555,muscle
CCCCCCCC/C=C\CCCCCCCC(=O)OCCCCCC(C(=O)NCC(=O)OC(C)(C)C)N(CCCn1ccnc1)C(=O)CCCCCCC/C=C\CCCCCCCC,-0.983757555,muscle
CCCCCCCC/C=C\CCCCCCCC(=O)OCCCCCC(C(=O)NCC(=O)OC(C)(C)C)N(CCCN(CC)CC)C(=O)CCCCCCC/C=C\CCCCCCCC,-0.983757555,muscle
CCCCCCCC/C=C\CCCCCCCC(=O)N(CCCN1CCCCC1CC)C(CCCCCOC(=O)CCCCCCCCCC)C(=O)NC1CCCCC1,-0.983757555,muscle
CCCCC/C=C\C/C=C\CCCCCCCC(=O)N(CCCN1CCCCC1CC)C(CCCCCOC(=O)CCCCCCCCCC)C(=O)NCCCC,-0.983757555,muscle
CCCCC/C=C\C/C=C\CCCCCCCC(=O)N(CCCN1CCN(CCCN)CC1)C(CCCCCOC(=O)CCCCCCCCCC)C(=O)NC(C)(C)C,-0.983757555,muscle
CCCCC/C=C\C/C=C\CCCCCCCC(=O)N(CCCN1CCCCC1)C(CCCCCOC(=O)CCCCCCCCCC)C(=O)NC(C)(C)C,-0.983757555,muscle
CCCCC/C=C\C/C=C\CCCCCCCC(=O)N(CCCN1CCN(CCCN)CC1)C(CCCCCOC(=O)CCCCCCCCCC)C(=O)NCCCC,-0.983757555,muscle
CCCCC/C=C\C/C=C\CCCCCCCC(=O)OCCCCCC(C(=O)NCCCC)N(CCN1CCCC1)C(=O)CCCCC(=O)OC(CCCCCCCC)CCCCCCCC,-0.983757555,muscle
CCCCC/C=C\C/C=C\CCCCCCCC(=O)N(CCCN(CCO)CCO)C(CCCCCOC(=O)CCCCCCCCCC)C(=O)NCCCC,-0.983757555,muscle
CCCCC/C=C\C/C=C\CCCCCCCC(=O)OCCCCCC(C(=O)NCC(=O)OC(C)(C)C)N(CCN1CCS(=O)(=O)CC1)C(=O)CCCCC(=O)OC(CCCCCCCC)CCCCCCCC,-0.983757555,muscle
CCCCC/C=C\C/C=C\CCCCCCCC(=O)N(CCCN1CCCCCC1)C(CCCCCOC(=O)CCCCCCCCCC)C(=O)NC(C)(C)C,-0.983757555,muscle
CCCCC/C=C\C/C=C\CCCCCCCC(=O)OCCCCCC(C(=O)NCCCC)N(CCN1CCS(=O)(=O)CC1)C(=O)CCCCC(=O)OC(CCCCCCCC)CCCCCCCC,-0.983757555,muscle
CC/C=C\C/C=C\C/C=C\CCCCCCCCC(=O)N(CCCN(C)C)C(CCCC(=O)OCCC#CCCCCCC)(CCCC(=O)OCCC#CCCCCCC)C(=O)NC(C)(C)C,0.237378787,muscle
CCCCCCC#CCCOC(=O)CCCC(CCCC(=O)OCCC#CCCCCCC)(C(=O)NC(C)(C)C)N(CCCN(C)C)C(=O)CCCCCCC/C=C\CCCCCCCC,0.961024758,muscle
CCCCCCCC/C=C\CCCCCCCCOC(=O)CCCC(CCCC(=O)OCCCCCCCC/C=C\CCCCCCCC)(C(=O)NC(C)(C)C)N(CCCN(C)C)C(=O)CCCCCCC/C=C\CCCCCCCC,0.033087447,muscle
CCCCC/C=C\C/C=C\CCCCCCCC(=O)N(CCCN(C)C)C(CCCC(=O)OCCC#CCCCCCC)(CCCC(=O)OCCC#CCCCCCC)C(=O)NCCCC,0.813921025,muscle
CCCCCCC#CCCOC(=O)CCCC(CCCC(=O)OCCC#CCCCCCC)(C(=O)NC(C)(C)C)N(CCCN(C)C)C(=O)CCCCCCC/C=C\CCCCCCCC,0.838219768,muscle
CCCCC/C=C\C/C=C\CCCCCCCCOC(=O)CCCC(CCCC(=O)OCCCCCCCC/C=C\C/C=C\CCCCC)(C(=O)NCCCCCCCC/C=C\CCCCCCCC)N(CCCN(C)C)C(C)=O,-0.728493611,muscle
CCCCC/C=C\C/C=C\CCCCCCCCOC(=O)CCCC(CCCC(=O)OCCCCCCCC/C=C\C/C=C\CCCCC)(C(=O)NC(C)(C)C)N(CCCN(C)C)C(C)=O,-1.486993581,muscle
CCCCC/C=C\C/C=C\CCCCCCCCOC(=O)CCCC(CCCC(=O)OCCCCCCCC/C=C\C/C=C\CCCCC)(C(=O)NC12CC3CC(CC(C3)C1)C2)N(CCCN(C)C)C(=O)CCCCCCC/C=C\C/C=C\CCCCC,0.466414027,muscle
CCCCC/C=C\C/C=C\CCCCCCCCOC(=O)CCCC(CCCC(=O)OCCCCCCCC/C=C\C/C=C\CCCCC)(C(=O)NCCCCCCCC/C=C\CCCCCCCC)N(CCCN(C)C)C(=O)CCCCCCC/C=C\C/C=C\CCCCC,-0.222117819,muscle
CCCCC/C=C\C/C=C\CCCCCCCCOC(=O)CCCC(CCCC(=O)OCCCCCCCC/C=C\C/C=C\CCCCC)(C(=O)NC12CC3CC(CC(C3)C1)C2)N(CCCN(C)C)C(C)=O,-1.556293443,muscle
CCCCCCC#CCCOC(=O)CCCC(CCCC(=O)OCCCCCCCC/C=C\CCCCCCCC)(C(=O)NCCCCCCCC/C=C\CCCCCCCC)N(CCCN(C)C)C(C)=O,-1.890345414,muscle
CCCCCCCC/C=C\CCCCCCCCNC(=O)C(CCCC(=O)OCCCCCCCC/C=C\CCCCCCCC)(CCCC(=O)OCCCCCCCC/C=C\CCCCCCCC)N(CCCN(C)C)C(C)=O,-0.935541568,muscle
CCCCC/C=C\C/C=C\CCCCCCCCOC(=O)CCCC(CCCC(=O)OCCCCCCCC/C=C\C/C=C\CCCCC)(C(=O)NCCCCCCCC/C=C\CCCCCCCC)N(CCCN(C)C)C(=O)CCCCCCC/C=C\CCCCCCCC,0.011949753,muscle
CCCCCCC#CCCOC(=O)CCCC(CCCC(=O)OCCC#CCCCCCC)(C(=O)NCCCCCCCC/C=C\CCCCCCCC)N(CCCN(C)C)C(C)=O,-2.386300188,muscle
CCCCCCC#CCCOC(=O)CCCC(CCCC(=O)OCCC#CCCCCCC)(C(=O)NC(C)(C)C)N(CCCN(C)C)C(C)=O,-2.098769504,muscle
CC/C=C\C/C=C\C/C=C\CCCCCCCCC(=O)N(CCCNC)C(CCCC(=O)OCCC#CCCCCCC)(CCCC(=O)OCCC#CCCCCCC)C(=O)NC12CC3CC(CC(C3)C1)C2,-0.377304877,muscle
CCCCCCC#CCCOC(=O)CCCC(CCCC(=O)OCCC#CCCCCCC)(C(=O)NC12CC3CC(CC(C3)C1)C2)N(CCCN(C)C)C(=O)CCCCCCC/C=C\CCCCCCCC,0.669121772,muscle
CC/C=C\C/C=C\C/C=C\CCCCCCCCC(=O)N(CCCN(C)C)C(CCCC(=O)OCCC#CCCCCCC)(CCCC(=O)OCCC#CCCCCCC)C(=O)NC12CC3CC(CC(C3)C1)C2,0.503948621,muscle
CCCCC/C=C\C/C=C\CCCCCCCC(=O)N(CCCN(C)C)C(CCCC(=O)OCCC#CCCCCCC)(CCCC(=O)OCCC#CCCCCCC)C(=O)NC12CC3CC(CC(C3)C1)C2,0.989347309,muscle
CCCCC/C=C\C/C=C\C/C=C\CCCCC(=O)N(CCCN(C)C)C(CCCC(=O)OCCC#CCCCCCC)(CCCC(=O)OCCC#CCCCCCC)C(=O)NC12CC3CC(CC(C3)C1)C2,0.846334219,muscle
CC/C=C\C/C=C\C/C=C\C/C=C\C/C=C\C/C=C\CCC(=O)N(CCCN(C)C)C(CCCC(=O)OCCC#CCCCCCC)(CCCC(=O)OCCC#CCCCCCC)C(=O)NC12CC3CC(CC(C3)C1)C2,1.263623074,muscle
CC/C=C\C/C=C\C/C=C\CCCCCCCCC(=O)N(CCCNCCCN(C)C)C(CCCC(=O)OCCCCCCCC/C=C\CCCCCCCC)(CCCC(=O)OCCCCCCCC/C=C\CCCCCCCC)C(=O)NC12CC3CC(CC(C3)C1)C2,-2.121950363,muscle
CC/C=C\C/C=C\C/C=C\C/C=C\C/C=C\C/C=C\CCC(=O)N(CCCN(C)C)C(CCCC(=O)OCCC#CCCCCCC)(CCCC(=O)OCCC#CCCCCCC)C(=O)NCCCC,0.475828506,muscle
CC/C=C\C/C=C\C/C=C\C/C=C\C/C=C\C/C=C\CCC(=O)N(CCCN(CC)CC)C(CCCC(=O)OCCCCC#CCCCC)(CCCC(=O)OCCCCC#CCCCC)C(=O)NC12CC3CC(CC(C3)C1)C2,-0.991037686,muscle
CCCCC#CCCCCOC(=O)CCCC(CCCC(=O)OCCCCC#CCCCC)(C(=O)NC12CC3CC(CC(C3)C1)C2)N(CCCN(CC)CC)C(=O)CCCCCCC/C=C\C/C=C\CCCCC,-1.001444567,muscle
CC/C=C\C/C=C\C/C=C\C/C=C\C/C=C\C/C=C\CCC(=O)N(CCCN(CC)CC)C(CCCC(=O)OC(CCCCCCCC)CCCCCCCC)(CCCC(=O)OC(CCCCCCCC)CCCCCCCC)C(=O)NC12CC3CC(CC(C3)C1)C2,-1.128355165,muscle
CC/C=C\C/C=C\C/C=C\C/C=C\C/C=C\C/C=C\CCC(=O)N(CCCN(CC)CC)C(CCCC(=O)OC(CCCCCCCC)CCCCCCCC)(CCCC(=O)OC(CCCCCCCC)CCCCCCCC)C(=O)NCCCC,-0.782040816,muscle
CCCCC/C=C\C/C=C\CCCCCCCC(=O)N(CCCN(C)C)C(CCCC(=O)OCCC#CCCCCCC)(CCCC(=O)OCCC#CCCCCCC)C(=O)NCCCCCCCC/C=C\CCCCCCCC,1.092624896,muscle
CC/C=C\C/C=C\C/C=C\C/C=C\C/C=C\C/C=C\CCC(=O)N(CCCN(C)C)C(CCCC(=O)OCCC#CCCCCCC)(CCCC(=O)OCCC#CCCCCCC)C(=O)NCCCCCCCC/C=C\CCCCCCCC,0.80034399,muscle
CC/C=C\C/C=C\C/C=C\C/C=C\C/C=C\C/C=C\CCC(=O)N(CCCCN(CC)CC)C(CCCC(=O)OCCC#CCCCCCC)(CCCC(=O)OCCC#CCCCCCC)C(=O)NCCCCCCCC/C=C\CCCCCCCC,-0.7107165,muscle
CC/C=C\C/C=C\C/C=C\C/C=C\C/C=C\C/C=C\CCC(=O)N(CCCCN(CC)CC)C(CCCC(=O)OCC(CCC)CCC)(CCCC(=O)OCC(CCC)CCC)C(=O)NCCCCCCCC/C=C\CCCCCCCC,0.660605529,muscle
CC/C=C\C/C=C\C/C=C\C/C=C\C/C=C\C/C=C\CCC(=O)N(CCCCN(CC)CC)C(CCCC(=O)OCC(CCC)CCC)(CCCC(=O)OCC(CCC)CCC)C(=O)NCCCC,0.771571793,muscle
CC/C=C\C/C=C\C/C=C\C/C=C\C/C=C\C/C=C\CCC(=O)N(CCCCN(CC)CC)C(CCCC(=O)OCC(CCC)CCC)(CCCC(=O)OCC(CCC)CCC)C(=O)NC(C)(C)C,0.55110618,muscle
CC/C=C\C/C=C\C/C=C\C/C=C\C/C=C\C/C=C\CCC(=O)N(CCCCN(C)C)C(CCCC(=O)OCC(CCC)CCC)(CCCC(=O)OCC(CCC)CCC)C(=O)NCCCC,-0.425210749,muscle
CC/C=C\C/C=C\C/C=C\C/C=C\C/C=C\C/C=C\CCC(=O)N(CCCN(C)C)C(CCCC(=O)OCC(CCC)CCC)(CCCC(=O)OCC(CCC)CCC)C(=O)NC12CC3CC(CC(C3)C1)C2,0.323971837,muscle
CC/C=C\C/C=C\C/C=C\C/C=C\C/C=C\C/C=C\CCC(=O)N(CCCCN(CC)CC)C(CCCC(=O)OCC(CCC)CCC)(CCCC(=O)OCC(CCC)CCC)C(=O)NC12CC3CC(CC(C3)C1)C2,0.635775011,muscle
C=C(C)[C@@H]1CC=C(COC(=O)CCCC(CCCC(=O)OCC2=CC[C@@H](C(=C)C)CC2)(C(=O)NCCCCCCCC/C=C\CCCCCCCC)N(CCCCN(CC)CC)C(=O)CC/C=C\C/C=C\C/C=C\C/C=C\C/C=C\C/C=C\CC)CC1,0.5001218,muscle
C=C(C)[C@@H]1CC=C(COC(=O)CCCC(CCCC(=O)OCC2=CC[C@@H](C(=C)C)CC2)(C(=O)NC23CC4CC(CC(C4)C2)C3)N(CCCCN(CC)CC)C(=O)CC/C=C\C/C=C\C/C=C\C/C=C\C/C=C\C/C=C\CC)CC1,0.49991228,muscle
C=C(C)[C@@H]1CC=C(COC(=O)CCCC(CCCC(=O)OCC2=CC[C@@H](C(=C)C)CC2)(C(=O)NCCCC)N(CCCCN(C)C)C(=O)CC/C=C\C/C=C\C/C=C\C/C=C\C/C=C\C/C=C\CC)CC1,-0.324369744,muscle
C=C(C)[C@@H]1CC=C(COC(=O)CCCC(CCCC(=O)OCC2=CC[C@@H](C(=C)C)CC2)(C(=O)NC(C)(C)C)N(CCCCN(CC)CC)C(=O)CC/C=C\C/C=C\C/C=C\C/C=C\C/C=C\C/C=C\CC)CC1,-0.324369744,muscle
C=C(C)[C@@H]1CC=C(COC(=O)CCCC(CCCC(=O)OCC2=CC[C@@H](C(=C)C)CC2)(C(=O)NCCCC)N(CCCCN(CC)CC)C(=O)CC/C=C\C/C=C\C/C=C\C/C=C\C/C=C\C/C=C\CC)CC1,0.49991228,muscle
C=C(C)[C@@H]1CC[C@@H](C)C[C@H]1OC(=O)CCCC(CCCC(=O)O[C@@H]1C[C@H](C)CC[C@H]1C(=C)C)(C(=O)NCCCC)N(CCCCN(C)C)C(=O)CC/C=C\C/C=C\C/C=C\C/C=C\C/C=C\C/C=C\CC,0.51625399,muscle
CCCCCCC#CCCOC(=O)CCCC(CCCC(=O)OCCC#CCCCCCC)(C(=O)NCCCC)N(CCCN(C)C)C(=O)CCC/C=C\CCCCCC,0.296657491,muscle
C=C(C)[C@@H]1CC=C(COC(=O)CCCC(CCCC(=O)OCC2=CC[C@@H](C(=C)C)CC2)(C(=O)NCCCC)N(CCCCN(CC)CC)C(=O)CCC/C=C\CCCCCC)CC1,-1.691066398,muscle
CCCCCCC#CCCOC(=O)CCCC(CCCC(=O)OCCC#CCCCCCC)(C(=O)NCCCCCCCC/C=C\CCCCCCCC)N(CCCN(C)C)C(=O)CCC/C=C\CCCCCC,0.991392012,muscle
CCCCC#CCCCCOC(=O)CCCC(CCCC(=O)OCCCCC#CCCCC)(C(=O)NCCCC)N(CCCN(C)C)C(=O)CCCCC(=O)OC(CCCCCCCC)CCCCCCCC,0.903261167,muscle
CCCCCC#CCCOC(=O)CCCC(CCCC(=O)OCCC#CCCCCC)(C(=O)NCCCC)N(CCCN(C)C)C(=O)CCCCC(=O)OC(CCCCCCCC)CCCCCCCC,1.012311029,muscle
CCCCC#CCCOC(=O)CCCC(CCCC(=O)OCCC#CCCCC)(C(=O)NCCCC)N(CCCN(C)C)C(=O)CCCCC(=O)OC(CCCCCCCC)CCCCCCCC,0.695298514,muscle
CCCC#CCCOC(=O)CCCC(CCCC(=O)OCCC#CCCC)(C(=O)NCCCC)N(CCCN(C)C)C(=O)CCCCC(=O)OC(CCCCCCCC)CCCCCCCC,0.792704694,muscle
CCC#CCCOC(=O)CCCC(CCCC(=O)OCCC#CCC)(C(=O)NCCCC)N(CCCN(C)C)C(=O)CCCCC(=O)OC(CCCCCCCC)CCCCCCCC,0.377501582,muscle
CC#CCCOC(=O)CCCC(CCCC(=O)OCCC#CC)(C(=O)NCCCC)N(CCCN(C)C)C(=O)CCCCC(=O)OC(CCCCCCCC)CCCCCCCC,-1.197033562,muscle
CCCCCCC#CCCOC(=O)CCCC(CCCC(=O)OCCC#CCCCCCC)(C(=O)NCCCC)N(CCCN(C)C)C(=O)CCCCC(=O)OCC(CCCCCC)CCCCCCCC,1.13677193,muscle
CCCCCCC#CCCOC(=O)CCCCC(=O)N(CCCN(C)C)C(CCCC(=O)OCCC#CCCCCCC)(CCCC(=O)OCCC#CCCCCCC)C(=O)NCCCC,-0.562616243,muscle
CCCCCCCCC(CCCCCCCC)OC(=O)CCCCC(=O)N(CCCCN(CC)CC)C(CCCC(=O)OCC(CCC)CCC)(CCCC(=O)OCC(CCC)CCC)C(=O)NCCCC,0.147650659,muscle
CCCCNC(=O)C(CCCC(=O)OCC(CCC)CCC)(CCCC(=O)OCC(CCC)CCC)N(CCCCN(CC)CC)C(=O)CCCCC(=O)OCC(CCC)CCC,-1.510811657,muscle
CCCCCCC#CCCOC(=O)CCCC(CCCC(=O)OCCC#CCCCCCC)(C(=O)NCCCC)N(CCCN(C)C)C(=O)CCCCC(=O)OC(CCCCCCCC)CCCCCCCC,1.279020378,muscle
CCCCCCC#CCCOC(=O)CCCC(CCCC(=O)OCCC#CCCCCCC)(C(=O)NCCCC)N(CCCN(C)C)C(=O)CCCCC(=O)OCC(CCC)CCC,-0.741319797,muscle
C=C(C)[C@@H]1CC=C(COC(=O)CCCC(CCCC(=O)OCC2=CC[C@@H](C(=C)C)CC2)(C(=O)NCCCC)N(CCCCN(CC)CC)C(=O)CCCCC(=O)OC(CCCCCCCC)CCCCCCCC)CC1,1.359927679,muscle
C=C(C)[C@@H]1CC=C(COC(=O)CCCC(CCCC(=O)OCC2=CC[C@@H](C(=C)C)CC2)(C(=O)NCCCC)N(CCCCN(CC)CC)C(=O)CCCCC(=O)OCC(CCC)CCC)CC1,-2.141567217,muscle
CCCCC/C=C\C/C=C\CCCCCCCCOC(=O)CCCC(CCCC(=O)OCCCCCCCC/C=C\C/C=C\CCCCC)(C(=O)NC(C)(C)C)N(CCCN(C)C)C(=O)CCCCC(=O)OC(CCCCCCCC)CCCCCCCC,0.253421229,muscle
CCCCCCC#CCCOC(=O)CCCC(CCCC(=O)OCCC#CCCCCCC)(C(=O)NCCCC)N(CCCN(C)C)C(=O)CCCCC(=O)OC(CCCCCCCC)CCCCCCCC,1.513234205,muscle
C=C(C)[C@H]1CC[C@H](C)C[C@@H]1OC(=O)CCCC(CCCC(=O)O[C@H]1C[C@@H](C)CC[C@@H]1C(=C)C)(C(=O)NCCCC)N(CCCCN(C)C)C(=O)CCCCC(=O)OC(CCCCCCCC)CCCCCCCC,1.053314627,muscle
CCCCCCC#CCCOC(=O)CCCC(CCCC(=O)OCCC#CCCCCCC)(C(=O)NCCCC)N(CCCN(C)C)C(=O)CSCC(=O)OC(CCCCCCCC)CCCCCCCC,1.167704881,muscle
CCCCCCC#CCCOC(=O)CCCC(CCCC(=O)OCCC#CCCCCCC)(C(=O)NC12C[C@H]3C[C@@H](C1)C[C@@H](C2)C3)N(CCN(C)C)C(=O)CCCCC(=O)OCC(CCCCCCCCCC)CCCCCCCCCCCC,-0.774570874,muscle
CCCCCCC#CCCOC(=O)CCCC(CCCC(=O)OCCC#CCCCCCC)(C(=O)NC12C[C@H]3C[C@@H](C1)C[C@@H](C2)C3)N(CCCN(C)C)C(=O)CCCCC(=O)OCC(CCCCCCCCCC)CCCCCCCCCCCC,-1.222697642,muscle
CCCCCCC#CCCOC(=O)CCCC(CCCC(=O)OCCC#CCCCCCC)(C(=O)NCCCC)N(CCCN(C)C)C(=O)CCCCC(=O)OC(CCC(CC)CC)CCC(CC)CCCC,0.605187859,muscle
CCCCCCC#CCCOC(=O)CCCC(CCCC(=O)OCCC#CCCCCCC)(C(=O)NCCCC)N(CCCN(C)C)C(=O)CCCC(=O)OC(CCCCCCCC)CCCCCCCC,0.605187859,muscle
CCCCCCC#CCCOC(=O)CCCC(CCCC(=O)OCCC#CCCCCCC)(C(=O)NC12C[C@H]3C[C@@H](C1)C[C@@H](C2)C3)N(CCCN(C)C)C(=O)CCCCC(=O)OCC(CCCCCCCCCC)CCCCCCCCCCCC,0.534431001,muscle
C=C(C)[C@H]1CC[C@H](C)C[C@@H]1OC(=O)CCCC(CCCC(=O)O[C@H]1C[C@@H](C)CC[C@@H]1C(=C)C)(C(=O)NCCCC)N(CCCN(C)C)C(=O)CC/C=C\C/C=C\C/C=C\C/C=C\C/C=C\C/C=C\CC,-1.376004168,muscle
CCCCCCC#CCCOC(=O)CCCC(CCCC(=O)OCCC#CCCCCCC)(C(=O)NCCCCCCCC/C=C\CCCCCCCC)N(CCCN(C)C)C(=O)CCCCC(=O)OC(CCCCCCCC)CCCCCCCC,0.526884846,muscle
CCCCCCC#CCCOC(=O)CCCC(CCCC(=O)OCCC#CCCCCCC)(C(=O)NCCCC)N(CCCN(C)C)C(=O)CCCCCCCCC(=O)OC(CCCCCCCC)CCCCCCCC,0.494541172,muscle
CCCCCCC#CCCOC(=O)CCCC(CCCC(=O)OCCC#CCCCCCC)(C(=O)NCCCCCCCC/C=C\CCCCCCCC)N(CCCN(C)C)C(=O)CCCCCCCCC(=O)OC(CCCCCCCC)CCCCCCCC,0.000539429,muscle
CCCCC(C)C(=O)Oc1cc(CNCCN(C)CCNCc2cc(OC(=O)C(C)CCCC)cc(OC(=O)C(C)CCCC)c2)cc(OC(=O)C(C)CCCC)c1,-0.219378448,heart
CCCCC(C)C(=O)Oc1cc(CNCCCN(C)CCCNCc2cc(OC(=O)C(C)CCCC)cc(OC(=O)C(C)CCCC)c2)cc(OC(=O)C(C)CCCC)c1,0.684675893,heart
CCCCC(C)C(=O)Oc1cc(CNCCN2CCN(CCNCc3cc(OC(=O)C(C)CCCC)cc(OC(=O)C(C)CCCC)c3)CC2)cc(OC(=O)C(C)CCCC)c1,1.263319867,heart
CCCCC(C)C(=O)Oc1cc(CNCCCN2CCN(CCCNCc3cc(OC(=O)C(C)CCCC)cc(OC(=O)C(C)CCCC)c3)CC2)cc(OC(=O)C(C)CCCC)c1,1.251311545,heart
CCCCC(CC)CCC(=O)Oc1cc(OC(=O)CCC(CC)CCCC)c(CNCCN(C)CCNCc2c(OC(=O)CCC(CC)CCCC)cc(OC(=O)CCC(CC)CCCC)cc2OC(=O)CCC(CC)CCCC)c(OC(=O)CCC(CC)CCCC)c1,0.057589723,heart
CCCCC(CC)CCC(=O)Oc1cc(OC(=O)CCC(CC)CCCC)c(CNCCN(C)CCNCc2c(OC(=O)CCC(CC)CCCC)cc(OC(=O)CCC(CC)CCCC)cc2OC(=O)CCC(CC)CCCC)c(OC(=O)CCC(CC)CCCC)c1,-0.111936137,heart
CCCCCC(C)C(=O)Oc1cc(CNCCN(C)CCNCc2cc(OC(=O)C(C)CCCCC)cc(OC(=O)C(C)CCCCC)c2)cc(OC(=O)C(C)CCCCC)c1,0.250086275,heart
CCCCCC(C)C(=O)Oc1cc(CNCCCN(C)CCCNCc2cc(OC(=O)C(C)CCCCC)cc(OC(=O)C(C)CCCCC)c2)cc(OC(=O)C(C)CCCCC)c1,-0.001013345,heart
CCCCCC(C)C(=O)Oc1cc(CNCCN2CCN(CCNCc3cc(OC(=O)C(C)CCCCC)cc(OC(=O)C(C)CCCCC)c3)CC2)cc(OC(=O)C(C)CCCCC)c1,0.848396295,heart
CCCCCC(C)C(=O)Oc1cc(CNCCCN2CCN(CCCNCc3cc(OC(=O)C(C)CCCCC)cc(OC(=O)C(C)CCCCC)c3)CC2)cc(OC(=O)C(C)CCCCC)c1,1.191146861,heart
CCCCC(CC)CCC(=O)Oc1cc(OC(=O)CCC(CC)CCCC)c(CNCCN(C)CCNCc2c(OC(=O)CCC(CC)CCCC)cc(OC(=O)CCC(CC)CCCC)cc2OC(=O)CCC(CC)CCCC)c(OC(=O)CCC(CC)CCCC)c1,0.059663399,heart
CCCCC(CC)CCC(=O)Oc1cc(OC(=O)CCC(CC)CCCC)c(CNCCN(C)CCNCc2c(OC(=O)CCC(CC)CCCC)cc(OC(=O)CCC(CC)CCCC)cc2OC(=O)CCC(CC)CCCC)c(OC(=O)CCC(CC)CCCC)c1,1.44549306,heart
CCCCC(CC)C(=O)Oc1cc(CNCCN(C)CCNCc2cc(OC(=O)C(CC)CCCC)cc(OC(=O)C(CC)CCCC)c2)cc(OC(=O)C(CC)CCCC)c1,-0.228780174,heart
CCCCC(CC)C(=O)Oc1cc(CNCCCN(C)CCCNCc2cc(OC(=O)C(CC)CCCC)cc(OC(=O)C(CC)CCCC)c2)cc(OC(=O)C(CC)CCCC)c1,0.457199768,heart
CCCCC(CC)C(=O)Oc1cc(CNCCN2CCN(CCNCc3cc(OC(=O)C(CC)CCCC)cc(OC(=O)C(CC)CCCC)c3)CC2)cc(OC(=O)C(CC)CCCC)c1,1.446488439,heart
CCCCC(CC)C(=O)Oc1cc(CNCCCN2CCN(CCCNCc3cc(OC(=O)C(CC)CCCC)cc(OC(=O)C(CC)CCCC)c3)CC2)cc(OC(=O)C(CC)CCCC)c1,-1.070484785,heart
CCCCC(CC)CCC(=O)Oc1cc(OC(=O)CCC(CC)CCCC)c(CNCCN(C)CCNCc2c(OC(=O)CCC(CC)CCCC)cc(OC(=O)CCC(CC)CCCC)cc2OC(=O)CCC(CC)CCCC)c(OC(=O)CCC(CC)CCCC)c1,-2.886865162,heart
CCCCC(CC)CCC(=O)Oc1cc(OC(=O)CCC(CC)CCCC)c(CNCCN(C)CCNCc2c(OC(=O)CCC(CC)CCCC)cc(OC(=O)CCC(CC)CCCC)cc2OC(=O)CCC(CC)CCCC)c(OC(=O)CCC(CC)CCCC)c1,-0.061168977,heart
CCCCC(C)CCC(=O)Oc1cc(CNCCN(C)CCNCc2cc(OC(=O)CCC(C)CCCC)cc(OC(=O)CCC(C)CCCC)c2)cc(OC(=O)CCC(C)CCCC)c1,0.231936596,heart
CCCCC(C)CCC(=O)Oc1cc(CNCCCN(C)CCCNCc2cc(OC(=O)CCC(C)CCCC)cc(OC(=O)CCC(C)CCCC)c2)cc(OC(=O)CCC(C)CCCC)c1,-0.048901865,heart
CCCCC(C)CCC(=O)Oc1cc(CNCCN2CCN(CCNCc3cc(OC(=O)CCC(C)CCCC)cc(OC(=O)CCC(C)CCCC)c3)CC2)cc(OC(=O)CCC(C)CCCC)c1,0.174720888,heart
CCCCC(C)CCC(=O)Oc1cc(CNCCCN2CCN(CCCNCc3cc(OC(=O)CCC(C)CCCC)cc(OC(=O)CCC(C)CCCC)c3)CC2)cc(OC(=O)CCC(C)CCCC)c1,0.992859571,heart
CCCCC(CC)CCC(=O)Oc1cc(OC(=O)CCC(CC)CCCC)c(CNCCN(C)CCNCc2c(OC(=O)CCC(CC)CCCC)cc(OC(=O)CCC(CC)CCCC)cc2OC(=O)CCC(CC)CCCC)c(OC(=O)CCC(CC)CCCC)c1,1.153892551,heart
CCCCC(CC)CCC(=O)Oc1cc(OC(=O)CCC(CC)CCCC)c(CNCCN(C)CCNCc2c(OC(=O)CCC(CC)CCCC)cc(OC(=O)CCC(CC)CCCC)cc2OC(=O)CCC(CC)CCCC)c(OC(=O)CCC(CC)CCCC)c1,1.72654018,heart
CCCCCC(C)CCC(=O)Oc1cc(CNCCN(C)CCNCc2cc(OC(=O)CCC(C)CCCCC)cc(OC(=O)CCC(C)CCCCC)c2)cc(OC(=O)CCC(C)CCCCC)c1,-0.280683188,heart
CCCCCC(C)CCC(=O)Oc1cc(CNCCCN(C)CCCNCc2cc(OC(=O)CCC(C)CCCCC)cc(OC(=O)CCC(C)CCCCC)c2)cc(OC(=O)CCC(C)CCCCC)c1,0.194881601,heart
CCCCCC(C)CCC(=O)Oc1cc(CNCCN2CCN(CCNCc3cc(OC(=O)CCC(C)CCCCC)cc(OC(=O)CCC(C)CCCCC)c3)CC2)cc(OC(=O)CCC(C)CCCCC)c1,0.700840865,heart
CCCCCC(C)CCC(=O)Oc1cc(CNCCCN2CCN(CCCNCc3cc(OC(=O)CCC(C)CCCCC)cc(OC(=O)CCC(C)CCCCC)c3)CC2)cc(OC(=O)CCC(C)CCCCC)c1,0.836349594,heart
CCCCC(CC)CCC(=O)Oc1cc(OC(=O)CCC(CC)CCCC)c(CNCCN(C)CCNCc2c(OC(=O)CCC(CC)CCCC)cc(OC(=O)CCC(CC)CCCC)cc2OC(=O)CCC(CC)CCCC)c(OC(=O)CCC(CC)CCCC)c1,-0.543259673,heart
CCCCC(CC)CCC(=O)Oc1cc(OC(=O)CCC(CC)CCCC)c(CNCCN(C)CCNCc2c(OC(=O)CCC(CC)CCCC)cc(OC(=O)CCC(CC)CCCC)cc2OC(=O)CCC(CC)CCCC)c(OC(=O)CCC(CC)CCCC)c1,-0.153411156,heart
CCCCC(CC)CCC(=O)Oc1cc(CNCCN(C)CCNCc2cc(OC(=O)CCC(CC)CCCC)cc(OC(=O)CCC(CC)CCCC)c2)cc(OC(=O)CCC(CC)CCCC)c1,1.014790706,heart
CCCCC(CC)CCC(=O)Oc1cc(CNCCCN(C)CCCNCc2cc(OC(=O)CCC(CC)CCCC)cc(OC(=O)CCC(CC)CCCC)c2)cc(OC(=O)CCC(CC)CCCC)c1,1.563917963,heart
CCCCC(CC)CCC(=O)Oc1cc(CNCCN2CCN(CCNCc3cc(OC(=O)CCC(CC)CCCC)cc(OC(=O)CCC(CC)CCCC)c3)CC2)cc(OC(=O)CCC(CC)CCCC)c1,-0.618784734,heart
CCCCC(CC)CCC(=O)Oc1cc(CNCCCN2CCN(CCCNCc3cc(OC(=O)CCC(CC)CCCC)cc(OC(=O)CCC(CC)CCCC)c3)CC2)cc(OC(=O)CCC(CC)CCCC)c1,0.572266616,heart
CCCCC(CC)CCC(=O)Oc1cc(OC(=O)CCC(CC)CCCC)c(CNCCN(C)CCNCc2c(OC(=O)CCC(CC)CCCC)cc(OC(=O)CCC(CC)CCCC)cc2OC(=O)CCC(CC)CCCC)c(OC(=O)CCC(CC)CCCC)c1,-0.398547657,heart
CCCCC(CC)CCC(=O)Oc1cc(OC(=O)CCC(CC)CCCC)c(CNCCN(C)CCNCc2c(OC(=O)CCC(CC)CCCC)cc(OC(=O)CCC(CC)CCCC)cc2OC(=O)CCC(CC)CCCC)c(OC(=O)CCC(CC)CCCC)c1,-0.405965808,heart
CCCCC(C)C(=O)Oc1cc(OC(=O)C(C)CCCC)c(CNCCN(C)CCNCc2c(OC(=O)C(C)CCCC)cc(OC(=O)C(C)CCCC)cc2OC(=O)C(C)CCCC)c(OC(=O)C(C)CCCC)c1,-1.426742948,heart
CCCCC(C)C(=O)Oc1cc(OC(=O)C(C)CCCC)c(CNCCCN(C)CCCNCc2c(OC(=O)C(C)CCCC)cc(OC(=O)C(C)CCCC)cc2OC(=O)C(C)CCCC)c(OC(=O)C(C)CCCC)c1,-1.074455611,heart
CCCCC(C)C(=O)Oc1cc(OC(=O)C(C)CCCC)c(CNCCN2CCN(CCNCc3c(OC(=O)C(C)CCCC)cc(OC(=O)C(C)CCCC)cc3OC(=O)C(C)CCCC)CC2)c(OC(=O)C(C)CCCC)c1,-2.141901451,heart
CCCCC(C)C(=O)Oc1cc(OC(=O)C(C)CCCC)c(CNCCCN2CCN(CCCNCc3c(OC(=O)C(C)CCCC)cc(OC(=O)C(C)CCCC)cc3OC(=O)C(C)CCCC)CC2)c(OC(=O)C(C)CCCC)c1,-1.633984087,heart
CCCCC(CC)CCC(=O)Oc1cc(OC(=O)CCC(CC)CCCC)c(CNCCN(C)CCNCc2c(OC(=O)CCC(CC)CCCC)cc(OC(=O)CCC(CC)CCCC)cc2OC(=O)CCC(CC)CCCC)c(OC(=O)CCC(CC)CCCC)c1,-1.056868686,heart
CCCCC(CC)CCC(=O)Oc1cc(OC(=O)CCC(CC)CCCC)c(CNCCN(C)CCNCc2c(OC(=O)CCC(CC)CCCC)cc(OC(=O)CCC(CC)CCCC)cc2OC(=O)CCC(CC)CCCC)c(OC(=O)CCC(CC)CCCC)c1,-1.268845225,heart
CCCCCC(C)C(=O)Oc1cc(OC(=O)C(C)CCCCC)c(CNCCN(C)CCNCc2c(OC(=O)C(C)CCCCC)cc(OC(=O)C(C)CCCCC)cc2OC(=O)C(C)CCCCC)c(OC(=O)C(C)CCCCC)c1,-0.084860255,heart
CCCCCC(C)C(=O)Oc1cc(OC(=O)C(C)CCCCC)c(CNCCCN(C)CCCNCc2c(OC(=O)C(C)CCCCC)cc(OC(=O)C(C)CCCCC)cc2OC(=O)C(C)CCCCC)c(OC(=O)C(C)CCCCC)c1,-0.851174922,heart
CCCCCC(C)C(=O)Oc1cc(OC(=O)C(C)CCCCC)c(CNCCN2CCN(CCNCc3c(OC(=O)C(C)CCCCC)cc(OC(=O)C(C)CCCCC)cc3OC(=O)C(C)CCCCC)CC2)c(OC(=O)C(C)CCCCC)c1,-0.716839202,heart
CCCCCC(C)C(=O)Oc1cc(OC(=O)C(C)CCCCC)c(CNCCCN2CCN(CCCNCc3c(OC(=O)C(C)CCCCC)cc(OC(=O)C(C)CCCCC)cc3OC(=O)C(C)CCCCC)CC2)c(OC(=O)C(C)CCCCC)c1,-0.237098058,heart
CCCCC(CC)CCC(=O)Oc1cc(OC(=O)CCC(CC)CCCC)c(CNCCN(C)CCNCc2c(OC(=O)CCC(CC)CCCC)cc(OC(=O)CCC(CC)CCCC)cc2OC(=O)CCC(CC)CCCC)c(OC(=O)CCC(CC)CCCC)c1,-0.938328982,heart
CCCCC(CC)CCC(=O)Oc1cc(OC(=O)CCC(CC)CCCC)c(CNCCN(C)CCNCc2c(OC(=O)CCC(CC)CCCC)cc(OC(=O)CCC(CC)CCCC)cc2OC(=O)CCC(CC)CCCC)c(OC(=O)CCC(CC)CCCC)c1,-0.759930273,heart
CCCCC(CC)C(=O)Oc1cc(OC(=O)C(CC)CCCC)c(CNCCN(C)CCNCc2c(OC(=O)C(CC)CCCC)cc(OC(=O)C(CC)CCCC)cc2OC(=O)C(CC)CCCC)c(OC(=O)C(CC)CCCC)c1,1.031680497,heart
CCCCC(CC)C(=O)Oc1cc(OC(=O)C(CC)CCCC)c(CNCCCN(C)CCCNCc2c(OC(=O)C(CC)CCCC)cc(OC(=O)C(CC)CCCC)cc2OC(=O)C(CC)CCCC)c(OC(=O)C(CC)CCCC)c1,0.651537135,heart
CCCCC(CC)C(=O)Oc1cc(OC(=O)C(CC)CCCC)c(CNCCN2CCN(CCNCc3c(OC(=O)C(CC)CCCC)cc(OC(=O)C(CC)CCCC)cc3OC(=O)C(CC)CCCC)CC2)c(OC(=O)C(CC)CCCC)c1,0.532355409,heart
CCCCC(CC)C(=O)Oc1cc(OC(=O)C(CC)CCCC)c(CNCCCN2CCN(CCCNCc3c(OC(=O)C(CC)CCCC)cc(OC(=O)C(CC)CCCC)cc3OC(=O)C(CC)CCCC)CC2)c(OC(=O)C(CC)CCCC)c1,0.016968581,heart
CCCCC(CC)CCC(=O)Oc1cc(OC(=O)CCC(CC)CCCC)c(CNCCN(C)CCNCc2c(OC(=O)CCC(CC)CCCC)cc(OC(=O)CCC(CC)CCCC)cc2OC(=O)CCC(CC)CCCC)c(OC(=O)CCC(CC)CCCC)c1,-0.508651596,heart
CCCCC(CC)CCC(=O)Oc1cc(OC(=O)CCC(CC)CCCC)c(CNCCN(C)CCNCc2c(OC(=O)CCC(CC)CCCC)cc(OC(=O)CCC(CC)CCCC)cc2OC(=O)CCC(CC)CCCC)c(OC(=O)CCC(CC)CCCC)c1,0.03371888,heart
CCCCC(C)CCC(=O)Oc1cc(OC(=O)CCC(C)CCCC)c(CNCCN(C)CCNCc2c(OC(=O)CCC(C)CCCC)cc(OC(=O)CCC(C)CCCC)cc2OC(=O)CCC(C)CCCC)c(OC(=O)CCC(C)CCCC)c1,0.851335611,heart
CCCCC(C)CCC(=O)Oc1cc(OC(=O)CCC(C)CCCC)c(CNCCCN(C)CCCNCc2c(OC(=O)CCC(C)CCCC)cc(OC(=O)CCC(C)CCCC)cc2OC(=O)CCC(C)CCCC)c(OC(=O)CCC(C)CCCC)c1,1.718794372,heart
CCCCC(C)CCC(=O)Oc1cc(OC(=O)CCC(C)CCCC)c(CNCCN2CCN(CCNCc3c(OC(=O)CCC(C)CCCC)cc(OC(=O)CCC(C)CCCC)cc3OC(=O)CCC(C)CCCC)CC2)c(OC(=O)CCC(C)CCCC)c1,-0.472143634,heart
CCCCC(C)CCC(=O)Oc1cc(OC(=O)CCC(C)CCCC)c(CNCCCN2CCN(CCCNCc3c(OC(=O)CCC(C)CCCC)cc(OC(=O)CCC(C)CCCC)cc3OC(=O)CCC(C)CCCC)CC2)c(OC(=O)CCC(C)CCCC)c1,-0.067475553,heart
CCCCC(CC)CCC(=O)Oc1cc(OC(=O)CCC(CC)CCCC)c(CNCCN(C)CCNCc2c(OC(=O)CCC(CC)CCCC)cc(OC(=O)CCC(CC)CCCC)cc2OC(=O)CCC(CC)CCCC)c(OC(=O)CCC(CC)CCCC)c1,-0.616574499,heart
CCCCC(CC)CCC(=O)Oc1cc(OC(=O)CCC(CC)CCCC)c(CNCCN(C)CCNCc2c(OC(=O)CCC(CC)CCCC)cc(OC(=O)CCC(CC)CCCC)cc2OC(=O)CCC(CC)CCCC)c(OC(=O)CCC(CC)CCCC)c1,-0.517064596,heart
CCCCC(CC)CCC(=O)Oc1cc(OC(=O)CCC(CC)CCCC)c(CNCCN(C)CCNCc2c(OC(=O)CCC(CC)CCCC)cc(OC(=O)CCC(CC)CCCC)cc2OC(=O)CCC(CC)CCCC)c(OC(=O)CCC(CC)CCCC)c1,-0.496178823,heart
CCCCC(CC)CCC(=O)Oc1cc(OC(=O)CCC(CC)CCCC)c(CNCCCN(C)CCCNCc2c(OC(=O)CCC(CC)CCCC)cc(OC(=O)CCC(CC)CCCC)cc2OC(=O)CCC(CC)CCCC)c(OC(=O)CCC(CC)CCCC)c1,0.045861976,heart
CCCCC(CC)CCC(=O)Oc1cc(OC(=O)CCC(CC)CCCC)c(CNCCN2CCN(CCNCc3c(OC(=O)CCC(CC)CCCC)cc(OC(=O)CCC(CC)CCCC)cc3OC(=O)CCC(CC)CCCC)CC2)c(OC(=O)CCC(CC)CCCC)c1,0.44823933,heart
CCCCC(CC)CCC(=O)Oc1cc(OC(=O)CCC(CC)CCCC)c(CNCCCN2CCN(CCCNCc3c(OC(=O)CCC(CC)CCCC)cc(OC(=O)CCC(CC)CCCC)cc3OC(=O)CCC(CC)CCCC)CC2)c(OC(=O)CCC(CC)CCCC)c1,-0.121987241,heart
CCCCC(CC)CCC(=O)Oc1cc(OC(=O)CCC(CC)CCCC)c(CNCCN(C)CCNCc2c(OC(=O)CCC(CC)CCCC)cc(OC(=O)CCC(CC)CCCC)cc2OC(=O)CCC(CC)CCCC)c(OC(=O)CCC(CC)CCCC)c1,-0.989742314,heart
CCCCC(CC)CCC(=O)Oc1cc(OC(=O)CCC(CC)CCCC)c(CNCCN(C)CCNCc2c(OC(=O)CCC(CC)CCCC)cc(OC(=O)CCC(CC)CCCC)cc2OC(=O)CCC(CC)CCCC)c(OC(=O)CCC(CC)CCCC)c1,-0.363882039,heart
CCCCC(CC)C(=O)Oc1cc(CNCCN(C)CCNCc2cc(OC(=O)C(CC)CCCC)cc(OC(=O)C(CC)CCCC)c2)cc(OC(=O)C(CC)CCCC)c1,0.165235769,heart
CCCCC(CC)C(=O)Oc1cc(CNCCCN(C)CCCNCc2cc(OC(=O)C(CC)CCCC)cc(OC(=O)C(CC)CCCC)c2)cc(OC(=O)C(CC)CCCC)c1,-0.546618119,heart
CCCCC(CC)C(=O)Oc1cc(CNCCN2CCN(CCNCc3cc(OC(=O)C(CC)CCCC)cc(OC(=O)C(CC)CCCC)c3)CC2)cc(OC(=O)C(CC)CCCC)c1,0.016832097,heart
CCCCC(CC)C(=O)Oc1cc(CNCCCN2CCN(CCCNCc3cc(OC(=O)C(CC)CCCC)cc(OC(=O)C(CC)CCCC)c3)CC2)cc(OC(=O)C(CC)CCCC)c1,0.152093224,heart
CCCCC(CC)CCC(=O)Oc1cc(OC(=O)CCC(CC)CCCC)c(CNCCN(C)CCNCc2c(OC(=O)CCC(CC)CCCC)cc(OC(=O)CCC(CC)CCCC)cc2OC(=O)CCC(CC)CCCC)c(OC(=O)CCC(CC)CCCC)c1,0.419538853,heart
CCCCC(CC)CCC(=O)Oc1cc(OC(=O)CCC(CC)CCCC)c(CNCCN(C)CCNCc2c(OC(=O)CCC(CC)CCCC)cc(OC(=O)CCC(CC)CCCC)cc2OC(=O)CCC(CC)CCCC)c(OC(=O)CCC(CC)CCCC)c1,-0.387925196,heart
CCCCC(C)C(=O)Oc1cc(CNCCN(C)CCNCc2cc(OC(=O)C(C)CCCC)cc(OC(=O)C(C)CCCC)c2)cc(OC(=O)C(C)CCCC)c1,1.998773631,heart
CCCCC(C)C(=O)Oc1cc(CNCCN(C)C)cc(OC(=O)C(C)CCCC)c1,0.437477179,heart
CCCCC(C)C(=O)Oc1cc(CNCCN2CCN(C)CC2)cc(OC(=O)C(C)CCCC)c1,0.705692488,heart
CCCCC(CC)C(=O)Oc1cc(CNCCCN(C)C)cc(OC(=O)C(CC)CCCC)c1,1.194230951,heart
CCCCCC(C)C(=O)Oc1cc(CNCCCN(CC)CC)cc(OC(=O)C(C)CCCCC)c1,0.21056513,heart
CCCCC(CC)C(=O)Oc1cc(CNCCCN(CC)CC)cc(OC(=O)C(CC)CCCC)c1,0.857933668,heart
CCCCC(C)CCC(=O)Oc1cc(CNCCN(C)C)cc(OC(=O)CCC(C)CCCC)c1,0.368631359,heart
CCCCC(C)CCC(=O)Oc1cc(CNCCCN(C)C)cc(OC(=O)CCC(C)CCCC)c1,0.723715818,heart
CCCCC(C)CCC(=O)Oc1cc(CNCCN(CC)CC)cc(OC(=O)CCC(C)CCCC)c1,0.796620993,heart
CCCCC(C)CCC(=O)Oc1cc(CNCCCN(CC)CC)cc(OC(=O)CCC(C)CCCC)c1,-0.22577355,heart
CCCCC(C)CCC(=O)Oc1cc(CNCCN2CCN(C)CC2)cc(OC(=O)CCC(C)CCCC)c1,1.108763968,heart
CCCCC(CC)CCC(=O)Oc1cc(OC(=O)CCC(CC)CCCC)c(CNCCN(C)CCNCc2c(OC(=O)CCC(CC)CCCC)cc(OC(=O)CCC(CC)CCCC)cc2OC(=O)CCC(CC)CCCC)c(OC(=O)CCC(CC)CCCC)c1,-0.136024441,heart
CCCCC(CC)CCC(=O)Oc1cc(OC(=O)CCC(CC)CCCC)c(CNCCN(C)CCNCc2c(OC(=O)CCC(CC)CCCC)cc(OC(=O)CCC(CC)CCCC)cc2OC(=O)CCC(CC)CCCC)c(OC(=O)CCC(CC)CCCC)c1,-2.481486381,heart
CCCCC(C)C(=O)Oc1cc(OC(=O)C(C)CCCC)c(CNCCCN(C)C)c(OC(=O)C(C)CCCC)c1,-2.854726843,heart
CCCCC(CC)CCC(=O)Oc1cc(OC(=O)CCC(CC)CCCC)c(CNCCN(C)CCNCc2c(OC(=O)CCC(CC)CCCC)cc(OC(=O)CCC(CC)CCCC)cc2OC(=O)CCC(CC)CCCC)c(OC(=O)CCC(CC)CCCC)c1,-2.371448587,heart
CCCCCC(C)C(=O)Oc1cc(OC(=O)C(C)CCCCC)c(CNCCN(CC)CC)c(OC(=O)C(C)CCCCC)c1,-0.759798006,heart
CCCCC(CC)CCC(=O)Oc1cc(OC(=O)CCC(CC)CCCC)c(CNCCN(C)CCNCc2c(OC(=O)CCC(CC)CCCC)cc(OC(=O)CCC(CC)CCCC)cc2OC(=O)CCC(CC)CCCC)c(OC(=O)CCC(CC)CCCC)c1,-1.558525634,heart
CCCCC(CC)C(=O)Oc1cc(OC(=O)C(CC)CCCC)c(CNCCCN(C)C)c(OC(=O)C(CC)CCCC)c1,-1.86969302,heart
CCCCC(CC)C(=O)Oc1cc(OC(=O)C(CC)CCCC)c(CNCCCN(CC)CC)c(OC(=O)C(CC)CCCC)c1,0.48521259,heart
CCCCC(C)CCC(=O)Oc1cc(OC(=O)CCC(C)CCCC)c(CNCCN(C)C)c(OC(=O)CCC(C)CCCC)c1,0.690237244,heart
CCCCC(C)CCC(=O)Oc1cc(OC(=O)CCC(C)CCCC)c(CNCCN(CC)CC)c(OC(=O)CCC(C)CCCC)c1,0.940582242,heart
CCCCC(CC)CCC(=O)Oc1cc(OC(=O)CCC(CC)CCCC)c(CNCCN(C)C)c(OC(=O)CCC(CC)CCCC)c1,1.283920583,heart
CCCCC(CC)CCC(=O)Oc1cc(OC(=O)CCC(CC)CCCC)c(CNCCN(CC)CC)c(OC(=O)CCC(CC)CCCC)c1,0.810042518,heart
CCCCC(CC)CCC(=O)Oc1cc(OC(=O)CCC(CC)CCCC)c(CNCCN(C)CCNCc2c(OC(=O)CCC(CC)CCCC)cc(OC(=O)CCC(CC)CCCC)cc2OC(=O)CCC(CC)CCCC)c(OC(=O)CCC(CC)CCCC)c1,-0.249029473,heart
CCCCC(C)C(=O)Oc1cc(CNCCN(C)CCNCc2cc(OC(=O)C(C)CCCC)cc(OC(=O)C(C)CCCC)c2)cc(OC(=O)C(C)CCCC)c1,-0.114202582,lung
CCCCC(C)C(=O)Oc1cc(CNCCCN(C)CCCNCc2cc(OC(=O)C(C)CCCC)cc(OC(=O)C(C)CCCC)c2)cc(OC(=O)C(C)CCCC)c1,0.753010944,lung
CCCCC(C)C(=O)Oc1cc(CNCCN2CCN(CCNCc3cc(OC(=O)C(C)CCCC)cc(OC(=O)C(C)CCCC)c3)CC2)cc(OC(=O)C(C)CCCC)c1,1.146719648,lung
CCCCC(C)C(=O)Oc1cc(CNCCCN2CCN(CCCNCc3cc(OC(=O)C(C)CCCC)cc(OC(=O)C(C)CCCC)c3)CC2)cc(OC(=O)C(C)CCCC)c1,1.093636387,lung
CCCCC(CC)CCC(=O)Oc1cc(OC(=O)CCC(CC)CCCC)c(CNCCN(C)CCNCc2c(OC(=O)CCC(CC)CCCC)cc(OC(=O)CCC(CC)CCCC)cc2OC(=O)CCC(CC)CCCC)c(OC(=O)CCC(CC)CCCC)c1,0.393806097,lung
CCCCC(CC)CCC(=O)Oc1cc(OC(=O)CCC(CC)CCCC)c(CNCCN(C)CCNCc2c(OC(=O)CCC(CC)CCCC)cc(OC(=O)CCC(CC)CCCC)cc2OC(=O)CCC(CC)CCCC)c(OC(=O)CCC(CC)CCCC)c1,-0.078159152,lung
CCCCCC(C)C(=O)Oc1cc(CNCCN(C)CCNCc2cc(OC(=O)C(C)CCCCC)cc(OC(=O)C(C)CCCCC)c2)cc(OC(=O)C(C)CCCCC)c1,0.99193142,lung
CCCCCC(C)C(=O)Oc1cc(CNCCCN(C)CCCNCc2cc(OC(=O)C(C)CCCCC)cc(OC(=O)C(C)CCCCC)c2)cc(OC(=O)C(C)CCCCC)c1,0.001557756,lung
CCCCCC(C)C(=O)Oc1cc(CNCCN2CCN(CCNCc3cc(OC(=O)C(C)CCCCC)cc(OC(=O)C(C)CCCCC)c3)CC2)cc(OC(=O)C(C)CCCCC)c1,1.137083558,lung
CCCCCC(C)C(=O)Oc1cc(CNCCCN2CCN(CCCNCc3cc(OC(=O)C(C)CCCCC)cc(OC(=O)C(C)CCCCC)c3)CC2)cc(OC(=O)C(C)CCCCC)c1,1.258051978,lung
CCCCC(CC)CCC(=O)Oc1cc(OC(=O)CCC(CC)CCCC)c(CNCCN(C)CCNCc2c(OC(=O)CCC(CC)CCCC)cc(OC(=O)CCC(CC)CCCC)cc2OC(=O)CCC(CC)CCCC)c(OC(=O)CCC(CC)CCCC)c1,0.366265808,lung
CCCCC(CC)CCC(=O)Oc1cc(OC(=O)CCC(CC)CCCC)c(CNCCN(C)CCNCc2c(OC(=O)CCC(CC)CCCC)cc(OC(=O)CCC(CC)CCCC)cc2OC(=O)CCC(CC)CCCC)c(OC(=O)CCC(CC)CCCC)c1,1.920319831,lung
CCCCC(CC)C(=O)Oc1cc(CNCCN(C)CCNCc2cc(OC(=O)C(CC)CCCC)cc(OC(=O)C(CC)CCCC)c2)cc(OC(=O)C(CC)CCCC)c1,0.205745975,lung
CCCCC(CC)C(=O)Oc1cc(CNCCCN(C)CCCNCc2cc(OC(=O)C(CC)CCCC)cc(OC(=O)C(CC)CCCC)c2)cc(OC(=O)C(CC)CCCC)c1,2.538720314,lung
CCCCC(CC)C(=O)Oc1cc(CNCCN2CCN(CCNCc3cc(OC(=O)C(CC)CCCC)cc(OC(=O)C(CC)CCCC)c3)CC2)cc(OC(=O)C(CC)CCCC)c1,1.26342057,lung
CCCCC(CC)C(=O)Oc1cc(CNCCCN2CCN(CCCNCc3cc(OC(=O)C(CC)CCCC)cc(OC(=O)C(CC)CCCC)c3)CC2)cc(OC(=O)C(CC)CCCC)c1,-0.606022507,lung
CCCCC(CC)CCC(=O)Oc1cc(OC(=O)CCC(CC)CCCC)c(CNCCN(C)CCNCc2c(OC(=O)CCC(CC)CCCC)cc(OC(=O)CCC(CC)CCCC)cc2OC(=O)CCC(CC)CCCC)c(OC(=O)CCC(CC)CCCC)c1,-1.312073193,lung
CCCCC(CC)CCC(=O)Oc1cc(OC(=O)CCC(CC)CCCC)c(CNCCN(C)CCNCc2c(OC(=O)CCC(CC)CCCC)cc(OC(=O)CCC(CC)CCCC)cc2OC(=O)CCC(CC)CCCC)c(OC(=O)CCC(CC)CCCC)c1,-0.287876475,lung
CCCCC(C)CCC(=O)Oc1cc(CNCCN(C)CCNCc2cc(OC(=O)CCC(C)CCCC)cc(OC(=O)CCC(C)CCCC)c2)cc(OC(=O)CCC(C)CCCC)c1,0.554953761,lung
CCCCC(C)CCC(=O)Oc1cc(CNCCCN(C)CCCNCc2cc(OC(=O)CCC(C)CCCC)cc(OC(=O)CCC(C)CCCC)c2)cc(OC(=O)CCC(C)CCCC)c1,0.557193266,lung
CCCCC(C)CCC(=O)Oc1cc(CNCCN2CCN(CCNCc3cc(OC(=O)CCC(C)CCCC)cc(OC(=O)CCC(C)CCCC)c3)CC2)cc(OC(=O)CCC(C)CCCC)c1,0.292564583,lung
CCCCC(C)CCC(=O)Oc1cc(CNCCCN2CCN(CCCNCc3cc(OC(=O)CCC(C)CCCC)cc(OC(=O)CCC(C)CCCC)c3)CC2)cc(OC(=O)CCC(C)CCCC)c1,1.796806752,lung
CCCCC(CC)CCC(=O)Oc1cc(OC(=O)CCC(CC)CCCC)c(CNCCN(C)CCNCc2c(OC(=O)CCC(CC)CCCC)cc(OC(=O)CCC(CC)CCCC)cc2OC(=O)CCC(CC)CCCC)c(OC(=O)CCC(CC)CCCC)c1,1.591317891,lung
CCCCC(CC)CCC(=O)Oc1cc(OC(=O)CCC(CC)CCCC)c(CNCCN(C)CCNCc2c(OC(=O)CCC(CC)CCCC)cc(OC(=O)CCC(CC)CCCC)cc2OC(=O)CCC(CC)CCCC)c(OC(=O)CCC(CC)CCCC)c1,2.320934426,lung
CCCCCC(C)CCC(=O)Oc1cc(CNCCN(C)CCNCc2cc(OC(=O)CCC(C)CCCCC)cc(OC(=O)CCC(C)CCCCC)c2)cc(OC(=O)CCC(C)CCCCC)c1,-0.342571652,lung
CCCCCC(C)CCC(=O)Oc1cc(CNCCCN(C)CCCNCc2cc(OC(=O)CCC(C)CCCCC)cc(OC(=O)CCC(C)CCCCC)c2)cc(OC(=O)CCC(C)CCCCC)c1,0.273141315,lung
CCCCCC(C)CCC(=O)Oc1cc(CNCCN2CCN(CCNCc3cc(OC(=O)CCC(C)CCCCC)cc(OC(=O)CCC(C)CCCCC)c3)CC2)cc(OC(=O)CCC(C)CCCCC)c1,1.144910168,lung
CCCCCC(C)CCC(=O)Oc1cc(CNCCCN2CCN(CCCNCc3cc(OC(=O)CCC(C)CCCCC)cc(OC(=O)CCC(C)CCCCC)c3)CC2)cc(OC(=O)CCC(C)CCCCC)c1,0.547434258,lung
CCCCC(CC)CCC(=O)Oc1cc(OC(=O)CCC(CC)CCCC)c(CNCCN(C)CCNCc2c(OC(=O)CCC(CC)CCCC)cc(OC(=O)CCC(CC)CCCC)cc2OC(=O)CCC(CC)CCCC)c(OC(=O)CCC(CC)CCCC)c1,-0.35718785,lung
CCCCC(CC)CCC(=O)Oc1cc(OC(=O)CCC(CC)CCCC)c(CNCCN(C)CCNCc2c(OC(=O)CCC(CC)CCCC)cc(OC(=O)CCC(CC)CCCC)cc2OC(=O)CCC(CC)CCCC)c(OC(=O)CCC(CC)CCCC)c1,-1.311824232,lung
CCCCC(CC)CCC(=O)Oc1cc(CNCCN(C)CCNCc2cc(OC(=O)CCC(CC)CCCC)cc(OC(=O)CCC(CC)CCCC)c2)cc(OC(=O)CCC(CC)CCCC)c1,1.521603826,lung
CCCCC(CC)CCC(=O)Oc1cc(CNCCCN(C)CCCNCc2cc(OC(=O)CCC(CC)CCCC)cc(OC(=O)CCC(CC)CCCC)c2)cc(OC(=O)CCC(CC)CCCC)c1,1.374236947,lung
CCCCC(CC)CCC(=O)Oc1cc(CNCCN2CCN(CCNCc3cc(OC(=O)CCC(CC)CCCC)cc(OC(=O)CCC(CC)CCCC)c3)CC2)cc(OC(=O)CCC(CC)CCCC)c1,0.332661909,lung
CCCCC(CC)CCC(=O)Oc1cc(CNCCCN2CCN(CCCNCc3cc(OC(=O)CCC(CC)CCCC)cc(OC(=O)CCC(CC)CCCC)c3)CC2)cc(OC(=O)CCC(CC)CCCC)c1,0.541338505,lung
CCCCC(CC)CCC(=O)Oc1cc(OC(=O)CCC(CC)CCCC)c(CNCCN(C)CCNCc2c(OC(=O)CCC(CC)CCCC)cc(OC(=O)CCC(CC)CCCC)cc2OC(=O)CCC(CC)CCCC)c(OC(=O)CCC(CC)CCCC)c1,-0.189627155,lung
CCCCC(CC)CCC(=O)Oc1cc(OC(=O)CCC(CC)CCCC)c(CNCCN(C)CCNCc2c(OC(=O)CCC(CC)CCCC)cc(OC(=O)CCC(CC)CCCC)cc2OC(=O)CCC(CC)CCCC)c(OC(=O)CCC(CC)CCCC)c1,-0.155665685,lung
CCCCC(C)C(=O)Oc1cc(OC(=O)C(C)CCCC)c(CNCCN(C)CCNCc2c(OC(=O)C(C)CCCC)cc(OC(=O)C(C)CCCC)cc2OC(=O)C(C)CCCC)c(OC(=O)C(C)CCCC)c1,-0.986794051,lung
CCCCC(C)C(=O)Oc1cc(OC(=O)C(C)CCCC)c(CNCCCN(C)CCCNCc2c(OC(=O)C(C)CCCC)cc(OC(=O)C(C)CCCC)cc2OC(=O)C(C)CCCC)c(OC(=O)C(C)CCCC)c1,0.035092478,lung
CCCCC(C)C(=O)Oc1cc(OC(=O)C(C)CCCC)c(CNCCN2CCN(CCNCc3c(OC(=O)C(C)CCCC)cc(OC(=O)C(C)CCCC)cc3OC(=O)C(C)CCCC)CC2)c(OC(=O)C(C)CCCC)c1,0.128062665,lung
CCCCC(C)C(=O)Oc1cc(OC(=O)C(C)CCCC)c(CNCCCN2CCN(CCCNCc3c(OC(=O)C(C)CCCC)cc(OC(=O)C(C)CCCC)cc3OC(=O)C(C)CCCC)CC2)c(OC(=O)C(C)CCCC)c1,-0.336457099,lung
CCCCC(CC)CCC(=O)Oc1cc(OC(=O)CCC(CC)CCCC)c(CNCCN(C)CCNCc2c(OC(=O)CCC(CC)CCCC)cc(OC(=O)CCC(CC)CCCC)cc2OC(=O)CCC(CC)CCCC)c(OC(=O)CCC(CC)CCCC)c1,0.13289576,lung
CCCCC(CC)CCC(=O)Oc1cc(OC(=O)CCC(CC)CCCC)c(CNCCN(C)CCNCc2c(OC(=O)CCC(CC)CCCC)cc(OC(=O)CCC(CC)CCCC)cc2OC(=O)CCC(CC)CCCC)c(OC(=O)CCC(CC)CCCC)c1,0.358680906,lung
CCCCCC(C)C(=O)Oc1cc(OC(=O)C(C)CCCCC)c(CNCCN(C)CCNCc2c(OC(=O)C(C)CCCCC)cc(OC(=O)C(C)CCCCC)cc2OC(=O)C(C)CCCCC)c(OC(=O)C(C)CCCCC)c1,0.19783485,lung
CCCCCC(C)C(=O)Oc1cc(OC(=O)C(C)CCCCC)c(CNCCCN(C)CCCNCc2c(OC(=O)C(C)CCCCC)cc(OC(=O)C(C)CCCCC)cc2OC(=O)C(C)CCCCC)c(OC(=O)C(C)CCCCC)c1,-1.09530215,lung
CCCCCC(C)C(=O)Oc1cc(OC(=O)C(C)CCCCC)c(CNCCN2CCN(CCNCc3c(OC(=O)C(C)CCCCC)cc(OC(=O)C(C)CCCCC)cc3OC(=O)C(C)CCCCC)CC2)c(OC(=O)C(C)CCCCC)c1,-0.70330527,lung
CCCCCC(C)C(=O)Oc1cc(OC(=O)C(C)CCCCC)c(CNCCCN2CCN(CCCNCc3c(OC(=O)C(C)CCCCC)cc(OC(=O)C(C)CCCCC)cc3OC(=O)C(C)CCCCC)CC2)c(OC(=O)C(C)CCCCC)c1,-0.017375707,lung
CCCCC(CC)CCC(=O)Oc1cc(OC(=O)CCC(CC)CCCC)c(CNCCN(C)CCNCc2c(OC(=O)CCC(CC)CCCC)cc(OC(=O)CCC(CC)CCCC)cc2OC(=O)CCC(CC)CCCC)c(OC(=O)CCC(CC)CCCC)c1,-0.62045467,lung
CCCCC(CC)CCC(=O)Oc1cc(OC(=O)CCC(CC)CCCC)c(CNCCN(C)CCNCc2c(OC(=O)CCC(CC)CCCC)cc(OC(=O)CCC(CC)CCCC)cc2OC(=O)CCC(CC)CCCC)c(OC(=O)CCC(CC)CCCC)c1,-0.836101433,lung
CCCCC(CC)C(=O)Oc1cc(OC(=O)C(CC)CCCC)c(CNCCN(C)CCNCc2c(OC(=O)C(CC)CCCC)cc(OC(=O)C(CC)CCCC)cc2OC(=O)C(CC)CCCC)c(OC(=O)C(CC)CCCC)c1,0.523556504,lung
CCCCC(CC)C(=O)Oc1cc(OC(=O)C(CC)CCCC)c(CNCCCN(C)CCCNCc2c(OC(=O)C(CC)CCCC)cc(OC(=O)C(CC)CCCC)cc2OC(=O)C(CC)CCCC)c(OC(=O)C(CC)CCCC)c1,0.325164911,lung
CCCCC(CC)C(=O)Oc1cc(OC(=O)C(CC)CCCC)c(CNCCN2CCN(CCNCc3c(OC(=O)C(CC)CCCC)cc(OC(=O)C(CC)CCCC)cc3OC(=O)C(CC)CCCC)CC2)c(OC(=O)C(CC)CCCC)c1,0.401374705,lung
CCCCC(CC)C(=O)Oc1cc(OC(=O)C(CC)CCCC)c(CNCCCN2CCN(CCCNCc3c(OC(=O)C(CC)CCCC)cc(OC(=O)C(CC)CCCC)cc3OC(=O)C(CC)CCCC)CC2)c(OC(=O)C(CC)CCCC)c1,-0.323897644,lung
CCCCC(CC)CCC(=O)Oc1cc(OC(=O)CCC(CC)CCCC)c(CNCCN(C)CCNCc2c(OC(=O)CCC(CC)CCCC)cc(OC(=O)CCC(CC)CCCC)cc2OC(=O)CCC(CC)CCCC)c(OC(=O)CCC(CC)CCCC)c1,-0.954451813,lung
CCCCC(CC)CCC(=O)Oc1cc(OC(=O)CCC(CC)CCCC)c(CNCCN(C)CCNCc2c(OC(=O)CCC(CC)CCCC)cc(OC(=O)CCC(CC)CCCC)cc2OC(=O)CCC(CC)CCCC)c(OC(=O)CCC(CC)CCCC)c1,-0.158667546,lung
CCCCC(C)CCC(=O)Oc1cc(OC(=O)CCC(C)CCCC)c(CNCCN(C)CCNCc2c(OC(=O)CCC(C)CCCC)cc(OC(=O)CCC(C)CCCC)cc2OC(=O)CCC(C)CCCC)c(OC(=O)CCC(C)CCCC)c1,1.268821421,lung
CCCCC(C)CCC(=O)Oc1cc(OC(=O)CCC(C)CCCC)c(CNCCCN(C)CCCNCc2c(OC(=O)CCC(C)CCCC)cc(OC(=O)CCC(C)CCCC)cc2OC(=O)CCC(C)CCCC)c(OC(=O)CCC(C)CCCC)c1,1.915753993,lung
CCCCC(C)CCC(=O)Oc1cc(OC(=O)CCC(C)CCCC)c(CNCCN2CCN(CCNCc3c(OC(=O)CCC(C)CCCC)cc(OC(=O)CCC(C)CCCC)cc3OC(=O)CCC(C)CCCC)CC2)c(OC(=O)CCC(C)CCCC)c1,-0.049716028,lung
CCCCC(C)CCC(=O)Oc1cc(OC(=O)CCC(C)CCCC)c(CNCCCN2CCN(CCCNCc3c(OC(=O)CCC(C)CCCC)cc(OC(=O)CCC(C)CCCC)cc3OC(=O)CCC(C)CCCC)CC2)c(OC(=O)CCC(C)CCCC)c1,0.181734673,lung
CCCCC(CC)CCC(=O)Oc1cc(OC(=O)CCC(CC)CCCC)c(CNCCN(C)CCNCc2c(OC(=O)CCC(CC)CCCC)cc(OC(=O)CCC(CC)CCCC)cc2OC(=O)CCC(CC)CCCC)c(OC(=O)CCC(CC)CCCC)c1,-0.372764193,lung
CCCCC(CC)CCC(=O)Oc1cc(OC(=O)CCC(CC)CCCC)c(CNCCN(C)CCNCc2c(OC(=O)CCC(CC)CCCC)cc(OC(=O)CCC(CC)CCCC)cc2OC(=O)CCC(CC)CCCC)c(OC(=O)CCC(CC)CCCC)c1,-0.390866976,lung
CCCCC(CC)CCC(=O)Oc1cc(OC(=O)CCC(CC)CCCC)c(CNCCN(C)CCNCc2c(OC(=O)CCC(CC)CCCC)cc(OC(=O)CCC(CC)CCCC)cc2OC(=O)CCC(CC)CCCC)c(OC(=O)CCC(CC)CCCC)c1,-0.296794022,lung
CCCCC(CC)CCC(=O)Oc1cc(OC(=O)CCC(CC)CCCC)c(CNCCCN(C)CCCNCc2c(OC(=O)CCC(CC)CCCC)cc(OC(=O)CCC(CC)CCCC)cc2OC(=O)CCC(CC)CCCC)c(OC(=O)CCC(CC)CCCC)c1,0.145349158,lung
CCCCC(CC)CCC(=O)Oc1cc(OC(=O)CCC(CC)CCCC)c(CNCCN2CCN(CCNCc3c(OC(=O)CCC(CC)CCCC)cc(OC(=O)CCC(CC)CCCC)cc3OC(=O)CCC(CC)CCCC)CC2)c(OC(=O)CCC(CC)CCCC)c1,0.773157248,lung
CCCCC(CC)CCC(=O)Oc1cc(OC(=O)CCC(CC)CCCC)c(CNCCCN2CCN(CCCNCc3c(OC(=O)CCC(CC)CCCC)cc(OC(=O)CCC(CC)CCCC)cc3OC(=O)CCC(CC)CCCC)CC2)c(OC(=O)CCC(CC)CCCC)c1,0.063295707,lung
CCCCC(CC)CCC(=O)Oc1cc(OC(=O)CCC(CC)CCCC)c(CNCCN(C)CCNCc2c(OC(=O)CCC(CC)CCCC)cc(OC(=O)CCC(CC)CCCC)cc2OC(=O)CCC(CC)CCCC)c(OC(=O)CCC(CC)CCCC)c1,-0.126091042,lung
CCCCC(CC)CCC(=O)Oc1cc(OC(=O)CCC(CC)CCCC)c(CNCCN(C)CCNCc2c(OC(=O)CCC(CC)CCCC)cc(OC(=O)CCC(CC)CCCC)cc2OC(=O)CCC(CC)CCCC)c(OC(=O)CCC(CC)CCCC)c1,0.185364726,lung
CCCCC(CC)C(=O)Oc1cc(CNCCN(C)CCNCc2cc(OC(=O)C(CC)CCCC)cc(OC(=O)C(CC)CCCC)c2)cc(OC(=O)C(CC)CCCC)c1,-0.067478491,lung
CCCCC(CC)C(=O)Oc1cc(CNCCCN(C)CCCNCc2cc(OC(=O)C(CC)CCCC)cc(OC(=O)C(CC)CCCC)c2)cc(OC(=O)C(CC)CCCC)c1,-1.299989632,lung
CCCCC(CC)C(=O)Oc1cc(CNCCN2CCN(CCNCc3cc(OC(=O)C(CC)CCCC)cc(OC(=O)C(CC)CCCC)c3)CC2)cc(OC(=O)C(CC)CCCC)c1,-0.658790564,lung
CCCCC(CC)C(=O)Oc1cc(CNCCCN2CCN(CCCNCc3cc(OC(=O)C(CC)CCCC)cc(OC(=O)C(CC)CCCC)c3)CC2)cc(OC(=O)C(CC)CCCC)c1,-0.610895282,lung
CCCCC(CC)CCC(=O)Oc1cc(OC(=O)CCC(CC)CCCC)c(CNCCN(C)CCNCc2c(OC(=O)CCC(CC)CCCC)cc(OC(=O)CCC(CC)CCCC)cc2OC(=O)CCC(CC)CCCC)c(OC(=O)CCC(CC)CCCC)c1,-0.136985102,lung
CCCCC(CC)CCC(=O)Oc1cc(OC(=O)CCC(CC)CCCC)c(CNCCN(C)CCNCc2c(OC(=O)CCC(CC)CCCC)cc(OC(=O)CCC(CC)CCCC)cc2OC(=O)CCC(CC)CCCC)c(OC(=O)CCC(CC)CCCC)c1,-1.039190346,lung
CCCCC(C)C(=O)Oc1cc(CNCCN(C)CCNCc2cc(OC(=O)C(C)CCCC)cc(OC(=O)C(C)CCCC)c2)cc(OC(=O)C(C)CCCC)c1,-0.011377529,lung
CCCCC(C)C(=O)Oc1cc(CNCCN(C)C)cc(OC(=O)C(C)CCCC)c1,0.153279893,lung
CCCCC(C)C(=O)Oc1cc(CNCCN2CCN(C)CC2)cc(OC(=O)C(C)CCCC)c1,-0.565273639,lung
CCCCC(CC)C(=O)Oc1cc(CNCCCN(C)C)cc(OC(=O)C(CC)CCCC)c1,-1.212453432,lung
CCCCCC(C)C(=O)Oc1cc(CNCCCN(CC)CC)cc(OC(=O)C(C)CCCCC)c1,-0.676059714,lung
CCCCC(CC)C(=O)Oc1cc(CNCCCN(CC)CC)cc(OC(=O)C(CC)CCCC)c1,-0.792063649,lung
CCCCC(C)CCC(=O)Oc1cc(CNCCN(C)C)cc(OC(=O)CCC(C)CCCC)c1,-0.399346076,lung
CCCCC(C)CCC(=O)Oc1cc(CNCCCN(C)C)cc(OC(=O)CCC(C)CCCC)c1,-0.793136001,lung
CCCCC(C)CCC(=O)Oc1cc(CNCCN(CC)CC)cc(OC(=O)CCC(C)CCCC)c1,-1.231252352,lung
CCCCC(C)CCC(=O)Oc1cc(CNCCCN(CC)CC)cc(OC(=O)CCC(C)CCCC)c1,-1.150205544,lung
CCCCC(C)CCC(=O)Oc1cc(CNCCN2CCN(C)CC2)cc(OC(=O)CCC(C)CCCC)c1,0.381306349,lung
CCCCC(CC)CCC(=O)Oc1cc(OC(=O)CCC(CC)CCCC)c(CNCCN(C)CCNCc2c(OC(=O)CCC(CC)CCCC)cc(OC(=O)CCC(CC)CCCC)cc2OC(=O)CCC(CC)CCCC)c(OC(=O)CCC(CC)CCCC)c1,-0.754176111,lung
CCCCC(CC)CCC(=O)Oc1cc(OC(=O)CCC(CC)CCCC)c(CNCCN(C)CCNCc2c(OC(=O)CCC(CC)CCCC)cc(OC(=O)CCC(CC)CCCC)cc2OC(=O)CCC(CC)CCCC)c(OC(=O)CCC(CC)CCCC)c1,-2.284674982,lung
CCCCC(C)C(=O)Oc1cc(OC(=O)C(C)CCCC)c(CNCCCN(C)C)c(OC(=O)C(C)CCCC)c1,-3.335152247,lung
CCCCC(CC)CCC(=O)Oc1cc(OC(=O)CCC(CC)CCCC)c(CNCCN(C)CCNCc2c(OC(=O)CCC(CC)CCCC)cc(OC(=O)CCC(CC)CCCC)cc2OC(=O)CCC(CC)CCCC)c(OC(=O)CCC(CC)CCCC)c1,-2.565504901,lung
CCCCCC(C)C(=O)Oc1cc(OC(=O)C(C)CCCCC)c(CNCCN(CC)CC)c(OC(=O)C(C)CCCCC)c1,-1.616482331,lung
CCCCC(CC)CCC(=O)Oc1cc(OC(=O)CCC(CC)CCCC)c(CNCCN(C)CCNCc2c(OC(=O)CCC(CC)CCCC)cc(OC(=O)CCC(CC)CCCC)cc2OC(=O)CCC(CC)CCCC)c(OC(=O)CCC(CC)CCCC)c1,-1.086376979,lung
CCCCC(CC)C(=O)Oc1cc(OC(=O)C(CC)CCCC)c(CNCCCN(C)C)c(OC(=O)C(CC)CCCC)c1,-1.420983215,lung
CCCCC(CC)C(=O)Oc1cc(OC(=O)C(CC)CCCC)c(CNCCCN(CC)CC)c(OC(=O)C(CC)CCCC)c1,0.844020995,lung
CCCCC(C)CCC(=O)Oc1cc(OC(=O)CCC(C)CCCC)c(CNCCN(C)C)c(OC(=O)CCC(C)CCCC)c1,0.680859709,lung
CCCCC(C)CCC(=O)Oc1cc(OC(=O)CCC(C)CCCC)c(CNCCN(CC)CC)c(OC(=O)CCC(C)CCCC)c1,0.302569766,lung
CCCCC(CC)CCC(=O)Oc1cc(OC(=O)CCC(CC)CCCC)c(CNCCN(C)C)c(OC(=O)CCC(CC)CCCC)c1,0.049451415,lung
CCCCC(CC)CCC(=O)Oc1cc(OC(=O)CCC(CC)CCCC)c(CNCCN(CC)CC)c(OC(=O)CCC(CC)CCCC)c1,1.243381495,lung
CCCCC(CC)CCC(=O)Oc1cc(OC(=O)CCC(CC)CCCC)c(CNCCN(C)CCNCc2c(OC(=O)CCC(CC)CCCC)cc(OC(=O)CCC(CC)CCCC)cc2OC(=O)CCC(CC)CCCC)c(OC(=O)CCC(CC)CCCC)c1,-0.478278973,lung
CCCCC(C)C(=O)Oc1cc(CNCCN(C)CCNCc2cc(OC(=O)C(C)CCCC)cc(OC(=O)C(C)CCCC)c2)cc(OC(=O)C(C)CCCC)c1,-0.652296453,kidney
CCCCC(C)C(=O)Oc1cc(CNCCCN(C)CCCNCc2cc(OC(=O)C(C)CCCC)cc(OC(=O)C(C)CCCC)c2)cc(OC(=O)C(C)CCCC)c1,0.599804365,kidney
CCCCC(C)C(=O)Oc1cc(CNCCN2CCN(CCNCc3cc(OC(=O)C(C)CCCC)cc(OC(=O)C(C)CCCC)c3)CC2)cc(OC(=O)C(C)CCCC)c1,1.245206258,kidney
CCCCC(C)C(=O)Oc1cc(CNCCCN2CCN(CCCNCc3cc(OC(=O)C(C)CCCC)cc(OC(=O)C(C)CCCC)c3)CC2)cc(OC(=O)C(C)CCCC)c1,0.638890268,kidney
CCCCC(CC)CCC(=O)Oc1cc(OC(=O)CCC(CC)CCCC)c(CNCCN(C)CCNCc2c(OC(=O)CCC(CC)CCCC)cc(OC(=O)CCC(CC)CCCC)cc2OC(=O)CCC(CC)CCCC)c(OC(=O)CCC(CC)CCCC)c1,0.508627125,kidney
CCCCC(CC)CCC(=O)Oc1cc(OC(=O)CCC(CC)CCCC)c(CNCCN(C)CCNCc2c(OC(=O)CCC(CC)CCCC)cc(OC(=O)CCC(CC)CCCC)cc2OC(=O)CCC(CC)CCCC)c(OC(=O)CCC(CC)CCCC)c1,-0.699202859,kidney
CCCCCC(C)C(=O)Oc1cc(CNCCN(C)CCNCc2cc(OC(=O)C(C)CCCCC)cc(OC(=O)C(C)CCCCC)c2)cc(OC(=O)C(C)CCCCC)c1,0.293269611,kidney
CCCCCC(C)C(=O)Oc1cc(CNCCCN(C)CCCNCc2cc(OC(=O)C(C)CCCCC)cc(OC(=O)C(C)CCCCC)c2)cc(OC(=O)C(C)CCCCC)c1,-0.939568264,kidney
CCCCCC(C)C(=O)Oc1cc(CNCCN2CCN(CCNCc3cc(OC(=O)C(C)CCCCC)cc(OC(=O)C(C)CCCCC)c3)CC2)cc(OC(=O)C(C)CCCCC)c1,0.77529708,kidney
CCCCCC(C)C(=O)Oc1cc(CNCCCN2CCN(CCCNCc3cc(OC(=O)C(C)CCCCC)cc(OC(=O)C(C)CCCCC)c3)CC2)cc(OC(=O)C(C)CCCCC)c1,0.829659725,kidney
CCCCC(CC)CCC(=O)Oc1cc(OC(=O)CCC(CC)CCCC)c(CNCCN(C)CCNCc2c(OC(=O)CCC(CC)CCCC)cc(OC(=O)CCC(CC)CCCC)cc2OC(=O)CCC(CC)CCCC)c(OC(=O)CCC(CC)CCCC)c1,-0.030430494,kidney
CCCCC(CC)CCC(=O)Oc1cc(OC(=O)CCC(CC)CCCC)c(CNCCN(C)CCNCc2c(OC(=O)CCC(CC)CCCC)cc(OC(=O)CCC(CC)CCCC)cc2OC(=O)CCC(CC)CCCC)c(OC(=O)CCC(CC)CCCC)c1,1.791797327,kidney
CCCCC(CC)C(=O)Oc1cc(CNCCN(C)CCNCc2cc(OC(=O)C(CC)CCCC)cc(OC(=O)C(CC)CCCC)c2)cc(OC(=O)C(CC)CCCC)c1,-0.897714074,kidney
CCCCC(CC)C(=O)Oc1cc(CNCCCN(C)CCCNCc2cc(OC(=O)C(CC)CCCC)cc(OC(=O)C(CC)CCCC)c2)cc(OC(=O)C(CC)CCCC)c1,0.116380809,kidney
CCCCC(CC)C(=O)Oc1cc(CNCCN2CCN(CCNCc3cc(OC(=O)C(CC)CCCC)cc(OC(=O)C(CC)CCCC)c3)CC2)cc(OC(=O)C(CC)CCCC)c1,1.000235474,kidney
CCCCC(CC)C(=O)Oc1cc(CNCCCN2CCN(CCCNCc3cc(OC(=O)C(CC)CCCC)cc(OC(=O)C(CC)CCCC)c3)CC2)cc(OC(=O)C(CC)CCCC)c1,-2.073249635,kidney
CCCCC(CC)CCC(=O)Oc1cc(OC(=O)CCC(CC)CCCC)c(CNCCN(C)CCNCc2c(OC(=O)CCC(CC)CCCC)cc(OC(=O)CCC(CC)CCCC)cc2OC(=O)CCC(CC)CCCC)c(OC(=O)CCC(CC)CCCC)c1,-3.293161589,kidney
CCCCC(CC)CCC(=O)Oc1cc(OC(=O)CCC(CC)CCCC)c(CNCCN(C)CCNCc2c(OC(=O)CCC(CC)CCCC)cc(OC(=O)CCC(CC)CCCC)cc2OC(=O)CCC(CC)CCCC)c(OC(=O)CCC(CC)CCCC)c1,-0.82544031,kidney
CCCCC(C)CCC(=O)Oc1cc(CNCCN(C)CCNCc2cc(OC(=O)CCC(C)CCCC)cc(OC(=O)CCC(C)CCCC)c2)cc(OC(=O)CCC(C)CCCC)c1,0.641475338,kidney
CCCCC(C)CCC(=O)Oc1cc(CNCCCN(C)CCCNCc2cc(OC(=O)CCC(C)CCCC)cc(OC(=O)CCC(C)CCCC)c2)cc(OC(=O)CCC(C)CCCC)c1,0.57322379,kidney
CCCCC(C)CCC(=O)Oc1cc(CNCCN2CCN(CCNCc3cc(OC(=O)CCC(C)CCCC)cc(OC(=O)CCC(C)CCCC)c3)CC2)cc(OC(=O)CCC(C)CCCC)c1,0.185780318,kidney
CCCCC(C)CCC(=O)Oc1cc(CNCCCN2CCN(CCCNCc3cc(OC(=O)CCC(C)CCCC)cc(OC(=O)CCC(C)CCCC)c3)CC2)cc(OC(=O)CCC(C)CCCC)c1,1.686504615,kidney
CCCCC(CC)CCC(=O)Oc1cc(OC(=O)CCC(CC)CCCC)c(CNCCN(C)CCNCc2c(OC(=O)CCC(CC)CCCC)cc(OC(=O)CCC(CC)CCCC)cc2OC(=O)CCC(CC)CCCC)c(OC(=O)CCC(CC)CCCC)c1,1.311412301,kidney
CCCCC(CC)CCC(=O)Oc1cc(OC(=O)CCC(CC)CCCC)c(CNCCN(C)CCNCc2c(OC(=O)CCC(CC)CCCC)cc(OC(=O)CCC(CC)CCCC)cc2OC(=O)CCC(CC)CCCC)c(OC(=O)CCC(CC)CCCC)c1,2.180071834,kidney
CCCCCC(C)CCC(=O)Oc1cc(CNCCN(C)CCNCc2cc(OC(=O)CCC(C)CCCCC)cc(OC(=O)CCC(C)CCCCC)c2)cc(OC(=O)CCC(C)CCCCC)c1,0.033919756,kidney
CCCCCC(C)CCC(=O)Oc1cc(CNCCCN(C)CCCNCc2cc(OC(=O)CCC(C)CCCCC)cc(OC(=O)CCC(C)CCCCC)c2)cc(OC(=O)CCC(C)CCCCC)c1,-0.045096056,kidney
CCCCCC(C)CCC(=O)Oc1cc(CNCCN2CCN(CCNCc3cc(OC(=O)CCC(C)CCCCC)cc(OC(=O)CCC(C)CCCCC)c3)CC2)cc(OC(=O)CCC(C)CCCCC)c1,0.549356728,kidney
CCCCCC(C)CCC(=O)Oc1cc(CNCCCN2CCN(CCCNCc3cc(OC(=O)CCC(C)CCCCC)cc(OC(=O)CCC(C)CCCCC)c3)CC2)cc(OC(=O)CCC(C)CCCCC)c1,0.857833868,kidney
CCCCC(CC)CCC(=O)Oc1cc(OC(=O)CCC(CC)CCCC)c(CNCCN(C)CCNCc2c(OC(=O)CCC(CC)CCCC)cc(OC(=O)CCC(CC)CCCC)cc2OC(=O)CCC(CC)CCCC)c(OC(=O)CCC(CC)CCCC)c1,-0.635393974,kidney
CCCCC(CC)CCC(=O)Oc1cc(OC(=O)CCC(CC)CCCC)c(CNCCN(C)CCNCc2c(OC(=O)CCC(CC)CCCC)cc(OC(=O)CCC(CC)CCCC)cc2OC(=O)CCC(CC)CCCC)c(OC(=O)CCC(CC)CCCC)c1,0.081265696,kidney
CCCCC(CC)CCC(=O)Oc1cc(CNCCN(C)CCNCc2cc(OC(=O)CCC(CC)CCCC)cc(OC(=O)CCC(CC)CCCC)c2)cc(OC(=O)CCC(CC)CCCC)c1,0.909514792,kidney
CCCCC(CC)CCC(=O)Oc1cc(CNCCCN(C)CCCNCc2cc(OC(=O)CCC(CC)CCCC)cc(OC(=O)CCC(CC)CCCC)c2)cc(OC(=O)CCC(CC)CCCC)c1,1.542616459,kidney
CCCCC(CC)CCC(=O)Oc1cc(CNCCN2CCN(CCNCc3cc(OC(=O)CCC(CC)CCCC)cc(OC(=O)CCC(CC)CCCC)c3)CC2)cc(OC(=O)CCC(CC)CCCC)c1,0.117040164,kidney
CCCCC(CC)CCC(=O)Oc1cc(CNCCCN2CCN(CCCNCc3cc(OC(=O)CCC(CC)CCCC)cc(OC(=O)CCC(CC)CCCC)c3)CC2)cc(OC(=O)CCC(CC)CCCC)c1,0.459508537,kidney
CCCCC(CC)CCC(=O)Oc1cc(OC(=O)CCC(CC)CCCC)c(CNCCN(C)CCNCc2c(OC(=O)CCC(CC)CCCC)cc(OC(=O)CCC(CC)CCCC)cc2OC(=O)CCC(CC)CCCC)c(OC(=O)CCC(CC)CCCC)c1,-0.834096446,kidney
CCCCC(CC)CCC(=O)Oc1cc(OC(=O)CCC(CC)CCCC)c(CNCCN(C)CCNCc2c(OC(=O)CCC(CC)CCCC)cc(OC(=O)CCC(CC)CCCC)cc2OC(=O)CCC(CC)CCCC)c(OC(=O)CCC(CC)CCCC)c1,-0.243342994,kidney
CCCCC(C)C(=O)Oc1cc(OC(=O)C(C)CCCC)c(CNCCN(C)CCNCc2c(OC(=O)C(C)CCCC)cc(OC(=O)C(C)CCCC)cc2OC(=O)C(C)CCCC)c(OC(=O)C(C)CCCC)c1,-1.051527178,kidney
CCCCC(C)C(=O)Oc1cc(OC(=O)C(C)CCCC)c(CNCCCN(C)CCCNCc2c(OC(=O)C(C)CCCC)cc(OC(=O)C(C)CCCC)cc2OC(=O)C(C)CCCC)c(OC(=O)C(C)CCCC)c1,-0.163083258,kidney
CCCCC(C)C(=O)Oc1cc(OC(=O)C(C)CCCC)c(CNCCN2CCN(CCNCc3c(OC(=O)C(C)CCCC)cc(OC(=O)C(C)CCCC)cc3OC(=O)C(C)CCCC)CC2)c(OC(=O)C(C)CCCC)c1,-0.579587929,kidney
CCCCC(C)C(=O)Oc1cc(OC(=O)C(C)CCCC)c(CNCCCN2CCN(CCCNCc3c(OC(=O)C(C)CCCC)cc(OC(=O)C(C)CCCC)cc3OC(=O)C(C)CCCC)CC2)c(OC(=O)C(C)CCCC)c1,-0.497776741,kidney
CCCCC(CC)CCC(=O)Oc1cc(OC(=O)CCC(CC)CCCC)c(CNCCN(C)CCNCc2c(OC(=O)CCC(CC)CCCC)cc(OC(=O)CCC(CC)CCCC)cc2OC(=O)CCC(CC)CCCC)c(OC(=O)CCC(CC)CCCC)c1,-1.649484873,kidney
CCCCC(CC)CCC(=O)Oc1cc(OC(=O)CCC(CC)CCCC)c(CNCCN(C)CCNCc2c(OC(=O)CCC(CC)CCCC)cc(OC(=O)CCC(CC)CCCC)cc2OC(=O)CCC(CC)CCCC)c(OC(=O)CCC(CC)CCCC)c1,0.15563177,kidney
CCCCCC(C)C(=O)Oc1cc(OC(=O)C(C)CCCCC)c(CNCCN(C)CCNCc2c(OC(=O)C(C)CCCCC)cc(OC(=O)C(C)CCCCC)cc2OC(=O)C(C)CCCCC)c(OC(=O)C(C)CCCCC)c1,0.042548626,kidney
CCCCCC(C)C(=O)Oc1cc(OC(=O)C(C)CCCCC)c(CNCCCN(C)CCCNCc2c(OC(=O)C(C)CCCCC)cc(OC(=O)C(C)CCCCC)cc2OC(=O)C(C)CCCCC)c(OC(=O)C(C)CCCCC)c1,-0.726379961,kidney
CCCCCC(C)C(=O)Oc1cc(OC(=O)C(C)CCCCC)c(CNCCN2CCN(CCNCc3c(OC(=O)C(C)CCCCC)cc(OC(=O)C(C)CCCCC)cc3OC(=O)C(C)CCCCC)CC2)c(OC(=O)C(C)CCCCC)c1,-0.705936559,kidney
CCCCCC(C)C(=O)Oc1cc(OC(=O)C(C)CCCCC)c(CNCCCN2CCN(CCCNCc3c(OC(=O)C(C)CCCCC)cc(OC(=O)C(C)CCCCC)cc3OC(=O)C(C)CCCCC)CC2)c(OC(=O)C(C)CCCCC)c1,-0.18649918,kidney
CCCCC(CC)CCC(=O)Oc1cc(OC(=O)CCC(CC)CCCC)c(CNCCN(C)CCNCc2c(OC(=O)CCC(CC)CCCC)cc(OC(=O)CCC(CC)CCCC)cc2OC(=O)CCC(CC)CCCC)c(OC(=O)CCC(CC)CCCC)c1,-1.462881192,kidney
CCCCC(CC)CCC(=O)Oc1cc(OC(=O)CCC(CC)CCCC)c(CNCCN(C)CCNCc2c(OC(=O)CCC(CC)CCCC)cc(OC(=O)CCC(CC)CCCC)cc2OC(=O)CCC(CC)CCCC)c(OC(=O)CCC(CC)CCCC)c1,-0.816397904,kidney
CCCCC(CC)C(=O)Oc1cc(OC(=O)C(CC)CCCC)c(CNCCN(C)CCNCc2c(OC(=O)C(CC)CCCC)cc(OC(=O)C(CC)CCCC)cc2OC(=O)C(CC)CCCC)c(OC(=O)C(CC)CCCC)c1,-0.360988732,kidney
CCCCC(CC)C(=O)Oc1cc(OC(=O)C(CC)CCCC)c(CNCCCN(C)CCCNCc2c(OC(=O)C(CC)CCCC)cc(OC(=O)C(CC)CCCC)cc2OC(=O)C(CC)CCCC)c(OC(=O)C(CC)CCCC)c1,-0.810200317,kidney
CCCCC(CC)C(=O)Oc1cc(OC(=O)C(CC)CCCC)c(CNCCN2CCN(CCNCc3c(OC(=O)C(CC)CCCC)cc(OC(=O)C(CC)CCCC)cc3OC(=O)C(CC)CCCC)CC2)c(OC(=O)C(CC)CCCC)c1,-0.709395376,kidney
CCCCC(CC)C(=O)Oc1cc(OC(=O)C(CC)CCCC)c(CNCCCN2CCN(CCCNCc3c(OC(=O)C(CC)CCCC)cc(OC(=O)C(CC)CCCC)cc3OC(=O)C(CC)CCCC)CC2)c(OC(=O)C(CC)CCCC)c1,-1.884340842,kidney
CCCCC(CC)CCC(=O)Oc1cc(OC(=O)CCC(CC)CCCC)c(CNCCN(C)CCNCc2c(OC(=O)CCC(CC)CCCC)cc(OC(=O)CCC(CC)CCCC)cc2OC(=O)CCC(CC)CCCC)c(OC(=O)CCC(CC)CCCC)c1,-2.363052326,kidney
CCCCC(CC)CCC(=O)Oc1cc(OC(=O)CCC(CC)CCCC)c(CNCCN(C)CCNCc2c(OC(=O)CCC(CC)CCCC)cc(OC(=O)CCC(CC)CCCC)cc2OC(=O)CCC(CC)CCCC)c(OC(=O)CCC(CC)CCCC)c1,-1.838930516,kidney
CCCCC(C)CCC(=O)Oc1cc(OC(=O)CCC(C)CCCC)c(CNCCN(C)CCNCc2c(OC(=O)CCC(C)CCCC)cc(OC(=O)CCC(C)CCCC)cc2OC(=O)CCC(C)CCCC)c(OC(=O)CCC(C)CCCC)c1,0.16369019,kidney
CCCCC(C)CCC(=O)Oc1cc(OC(=O)CCC(C)CCCC)c(CNCCCN(C)CCCNCc2c(OC(=O)CCC(C)CCCC)cc(OC(=O)CCC(C)CCCC)cc2OC(=O)CCC(C)CCCC)c(OC(=O)CCC(C)CCCC)c1,0.838061469,kidney
CCCCC(C)CCC(=O)Oc1cc(OC(=O)CCC(C)CCCC)c(CNCCN2CCN(CCNCc3c(OC(=O)CCC(C)CCCC)cc(OC(=O)CCC(C)CCCC)cc3OC(=O)CCC(C)CCCC)CC2)c(OC(=O)CCC(C)CCCC)c1,0.038518017,kidney
CCCCC(C)CCC(=O)Oc1cc(OC(=O)CCC(C)CCCC)c(CNCCCN2CCN(CCCNCc3c(OC(=O)CCC(C)CCCC)cc(OC(=O)CCC(C)CCCC)cc3OC(=O)CCC(C)CCCC)CC2)c(OC(=O)CCC(C)CCCC)c1,-0.722380759,kidney
CCCCC(CC)CCC(=O)Oc1cc(OC(=O)CCC(CC)CCCC)c(CNCCN(C)CCNCc2c(OC(=O)CCC(CC)CCCC)cc(OC(=O)CCC(CC)CCCC)cc2OC(=O)CCC(CC)CCCC)c(OC(=O)CCC(CC)CCCC)c1,-1.321947205,kidney
CCCCC(CC)CCC(=O)Oc1cc(OC(=O)CCC(CC)CCCC)c(CNCCN(C)CCNCc2c(OC(=O)CCC(CC)CCCC)cc(OC(=O)CCC(CC)CCCC)cc2OC(=O)CCC(CC)CCCC)c(OC(=O)CCC(CC)CCCC)c1,-0.161954232,kidney
CCCCC(CC)CCC(=O)Oc1cc(OC(=O)CCC(CC)CCCC)c(CNCCN(C)CCNCc2c(OC(=O)CCC(CC)CCCC)cc(OC(=O)CCC(CC)CCCC)cc2OC(=O)CCC(CC)CCCC)c(OC(=O)CCC(CC)CCCC)c1,-0.66701035,kidney
CCCCC(CC)CCC(=O)Oc1cc(OC(=O)CCC(CC)CCCC)c(CNCCCN(C)CCCNCc2c(OC(=O)CCC(CC)CCCC)cc(OC(=O)CCC(CC)CCCC)cc2OC(=O)CCC(CC)CCCC)c(OC(=O)CCC(CC)CCCC)c1,-0.654345781,kidney
CCCCC(CC)CCC(=O)Oc1cc(OC(=O)CCC(CC)CCCC)c(CNCCN2CCN(CCNCc3c(OC(=O)CCC(CC)CCCC)cc(OC(=O)CCC(CC)CCCC)cc3OC(=O)CCC(CC)CCCC)CC2)c(OC(=O)CCC(CC)CCCC)c1,0.374673423,kidney
CCCCC(CC)CCC(=O)Oc1cc(OC(=O)CCC(CC)CCCC)c(CNCCCN2CCN(CCCNCc3c(OC(=O)CCC(CC)CCCC)cc(OC(=O)CCC(CC)CCCC)cc3OC(=O)CCC(CC)CCCC)CC2)c(OC(=O)CCC(CC)CCCC)c1,-0.252166475,kidney
CCCCC(CC)CCC(=O)Oc1cc(OC(=O)CCC(CC)CCCC)c(CNCCN(C)CCNCc2c(OC(=O)CCC(CC)CCCC)cc(OC(=O)CCC(CC)CCCC)cc2OC(=O)CCC(CC)CCCC)c(OC(=O)CCC(CC)CCCC)c1,-0.810593338,kidney
CCCCC(CC)CCC(=O)Oc1cc(OC(=O)CCC(CC)CCCC)c(CNCCN(C)CCNCc2c(OC(=O)CCC(CC)CCCC)cc(OC(=O)CCC(CC)CCCC)cc2OC(=O)CCC(CC)CCCC)c(OC(=O)CCC(CC)CCCC)c1,-0.335538032,kidney
CCCCC(CC)C(=O)Oc1cc(CNCCN(C)CCNCc2cc(OC(=O)C(CC)CCCC)cc(OC(=O)C(CC)CCCC)c2)cc(OC(=O)C(CC)CCCC)c1,0.48093584,kidney
CCCCC(CC)C(=O)Oc1cc(CNCCCN(C)CCCNCc2cc(OC(=O)C(CC)CCCC)cc(OC(=O)C(CC)CCCC)c2)cc(OC(=O)C(CC)CCCC)c1,-0.400830615,kidney
CCCCC(CC)C(=O)Oc1cc(CNCCN2CCN(CCNCc3cc(OC(=O)C(CC)CCCC)cc(OC(=O)C(CC)CCCC)c3)CC2)cc(OC(=O)C(CC)CCCC)c1,0.241359635,kidney
CCCCC(CC)C(=O)Oc1cc(CNCCCN2CCN(CCCNCc3cc(OC(=O)C(CC)CCCC)cc(OC(=O)C(CC)CCCC)c3)CC2)cc(OC(=O)C(CC)CCCC)c1,0.671732778,kidney
CCCCC(CC)CCC(=O)Oc1cc(OC(=O)CCC(CC)CCCC)c(CNCCN(C)CCNCc2c(OC(=O)CCC(CC)CCCC)cc(OC(=O)CCC(CC)CCCC)cc2OC(=O)CCC(CC)CCCC)c(OC(=O)CCC(CC)CCCC)c1,0.251100427,kidney
CCCCC(CC)CCC(=O)Oc1cc(OC(=O)CCC(CC)CCCC)c(CNCCN(C)CCNCc2c(OC(=O)CCC(CC)CCCC)cc(OC(=O)CCC(CC)CCCC)cc2OC(=O)CCC(CC)CCCC)c(OC(=O)CCC(CC)CCCC)c1,-0.249415535,kidney
CCCCC(C)C(=O)Oc1cc(CNCCN(C)CCNCc2cc(OC(=O)C(C)CCCC)cc(OC(=O)C(C)CCCC)c2)cc(OC(=O)C(C)CCCC)c1,2.142209101,kidney
CCCCC(C)C(=O)Oc1cc(CNCCN(C)C)cc(OC(=O)C(C)CCCC)c1,0.748013767,kidney
CCCCC(C)C(=O)Oc1cc(CNCCN2CCN(C)CC2)cc(OC(=O)C(C)CCCC)c1,1.141043171,kidney
CCCCC(CC)C(=O)Oc1cc(CNCCCN(C)C)cc(OC(=O)C(CC)CCCC)c1,0.803107909,kidney
CCCCCC(C)C(=O)Oc1cc(CNCCCN(CC)CC)cc(OC(=O)C(C)CCCCC)c1,-0.000465924,kidney
CCCCC(CC)C(=O)Oc1cc(CNCCCN(CC)CC)cc(OC(=O)C(CC)CCCC)c1,0.510284729,kidney
CCCCC(C)CCC(=O)Oc1cc(CNCCN(C)C)cc(OC(=O)CCC(C)CCCC)c1,0.494207833,kidney
CCCCC(C)CCC(=O)Oc1cc(CNCCCN(C)C)cc(OC(=O)CCC(C)CCCC)c1,-0.584148267,kidney
CCCCC(C)CCC(=O)Oc1cc(CNCCN(CC)CC)cc(OC(=O)CCC(C)CCCC)c1,1.609685443,kidney
CCCCC(C)CCC(=O)Oc1cc(CNCCCN(CC)CC)cc(OC(=O)CCC(C)CCCC)c1,0.269550754,kidney
CCCCC(C)CCC(=O)Oc1cc(CNCCN2CCN(C)CC2)cc(OC(=O)CCC(C)CCCC)c1,0.89942786,kidney
CCCCC(CC)CCC(=O)Oc1cc(OC(=O)CCC(CC)CCCC)c(CNCCN(C)CCNCc2c(OC(=O)CCC(CC)CCCC)cc(OC(=O)CCC(CC)CCCC)cc2OC(=O)CCC(CC)CCCC)c(OC(=O)CCC(CC)CCCC)c1,0.106243925,kidney
CCCCC(CC)CCC(=O)Oc1cc(OC(=O)CCC(CC)CCCC)c(CNCCN(C)CCNCc2c(OC(=O)CCC(CC)CCCC)cc(OC(=O)CCC(CC)CCCC)cc2OC(=O)CCC(CC)CCCC)c(OC(=O)CCC(CC)CCCC)c1,-0.735811953,kidney
CCCCC(C)C(=O)Oc1cc(OC(=O)C(C)CCCC)c(CNCCCN(C)C)c(OC(=O)C(C)CCCC)c1,-2.082550027,kidney
CCCCC(CC)CCC(=O)Oc1cc(OC(=O)CCC(CC)CCCC)c(CNCCN(C)CCNCc2c(OC(=O)CCC(CC)CCCC)cc(OC(=O)CCC(CC)CCCC)cc2OC(=O)CCC(CC)CCCC)c(OC(=O)CCC(CC)CCCC)c1,0.51078427,kidney
CCCCCC(C)C(=O)Oc1cc(OC(=O)C(C)CCCCC)c(CNCCN(CC)CC)c(OC(=O)C(C)CCCCC)c1,0.599660221,kidney
CCCCC(CC)CCC(=O)Oc1cc(OC(=O)CCC(CC)CCCC)c(CNCCN(C)CCNCc2c(OC(=O)CCC(CC)CCCC)cc(OC(=O)CCC(CC)CCCC)cc2OC(=O)CCC(CC)CCCC)c(OC(=O)CCC(CC)CCCC)c1,-0.690455875,kidney
CCCCC(CC)C(=O)Oc1cc(OC(=O)C(CC)CCCC)c(CNCCCN(C)C)c(OC(=O)C(CC)CCCC)c1,-0.3702144,kidney
CCCCC(CC)C(=O)Oc1cc(OC(=O)C(CC)CCCC)c(CNCCCN(CC)CC)c(OC(=O)C(CC)CCCC)c1,0.694325074,kidney
CCCCC(C)CCC(=O)Oc1cc(OC(=O)CCC(C)CCCC)c(CNCCN(CC)CC)c(OC(=O)CCC(C)CCCC)c1,1.473755355,kidney
CCCCC(CC)CCC(=O)Oc1cc(OC(=O)CCC(CC)CCCC)c(CNCCN(C)C)c(OC(=O)CCC(CC)CCCC)c1,1.732239686,kidney
CCCCC(CC)CCC(=O)Oc1cc(OC(=O)CCC(CC)CCCC)c(CNCCN(CC)CC)c(OC(=O)CCC(CC)CCCC)c1,1.194125871,kidney
CCCCC(CC)CCC(=O)Oc1cc(OC(=O)CCC(CC)CCCC)c(CNCCN(C)CCNCc2c(OC(=O)CCC(CC)CCCC)cc(OC(=O)CCC(CC)CCCC)cc2OC(=O)CCC(CC)CCCC)c(OC(=O)CCC(CC)CCCC)c1,-0.100324575,kidney
CCCCC(C)C(=O)Oc1cc(CNCCN(C)CCNCc2cc(OC(=O)C(C)CCCC)cc(OC(=O)C(C)CCCC)c2)cc(OC(=O)C(C)CCCC)c1,-0.604140484,spleen
CCCCC(C)C(=O)Oc1cc(CNCCCN(C)CCCNCc2cc(OC(=O)C(C)CCCC)cc(OC(=O)C(C)CCCC)c2)cc(OC(=O)C(C)CCCC)c1,0.719293365,spleen
CCCCC(C)C(=O)Oc1cc(CNCCN2CCN(CCNCc3cc(OC(=O)C(C)CCCC)cc(OC(=O)C(C)CCCC)c3)CC2)cc(OC(=O)C(C)CCCC)c1,1.264304992,spleen
CCCCC(C)C(=O)Oc1cc(CNCCCN2CCN(CCCNCc3cc(OC(=O)C(C)CCCC)cc(OC(=O)C(C)CCCC)c3)CC2)cc(OC(=O)C(C)CCCC)c1,0.286113876,spleen
CCCCC(CC)CCC(=O)Oc1cc(OC(=O)CCC(CC)CCCC)c(CNCCN(C)CCNCc2c(OC(=O)CCC(CC)CCCC)cc(OC(=O)CCC(CC)CCCC)cc2OC(=O)CCC(CC)CCCC)c(OC(=O)CCC(CC)CCCC)c1,-0.089969255,spleen
CCCCC(CC)CCC(=O)Oc1cc(OC(=O)CCC(CC)CCCC)c(CNCCN(C)CCNCc2c(OC(=O)CCC(CC)CCCC)cc(OC(=O)CCC(CC)CCCC)cc2OC(=O)CCC(CC)CCCC)c(OC(=O)CCC(CC)CCCC)c1,-0.684683367,spleen
CCCCCC(C)C(=O)Oc1cc(CNCCN(C)CCNCc2cc(OC(=O)C(C)CCCCC)cc(OC(=O)C(C)CCCCC)c2)cc(OC(=O)C(C)CCCCC)c1,0.356198169,spleen
CCCCCC(C)C(=O)Oc1cc(CNCCCN(C)CCCNCc2cc(OC(=O)C(C)CCCCC)cc(OC(=O)C(C)CCCCC)c2)cc(OC(=O)C(C)CCCCC)c1,-1.028988335,spleen
CCCCCC(C)C(=O)Oc1cc(CNCCN2CCN(CCNCc3cc(OC(=O)C(C)CCCCC)cc(OC(=O)C(C)CCCCC)c3)CC2)cc(OC(=O)C(C)CCCCC)c1,0.684949953,spleen
CCCCCC(C)C(=O)Oc1cc(CNCCCN2CCN(CCCNCc3cc(OC(=O)C(C)CCCCC)cc(OC(=O)C(C)CCCCC)c3)CC2)cc(OC(=O)C(C)CCCCC)c1,0.521673782,spleen
CCCCC(CC)CCC(=O)Oc1cc(OC(=O)CCC(CC)CCCC)c(CNCCN(C)CCNCc2c(OC(=O)CCC(CC)CCCC)cc(OC(=O)CCC(CC)CCCC)cc2OC(=O)CCC(CC)CCCC)c(OC(=O)CCC(CC)CCCC)c1,-0.553470379,spleen
CCCCC(CC)CCC(=O)Oc1cc(OC(=O)CCC(CC)CCCC)c(CNCCN(C)CCNCc2c(OC(=O)CCC(CC)CCCC)cc(OC(=O)CCC(CC)CCCC)cc2OC(=O)CCC(CC)CCCC)c(OC(=O)CCC(CC)CCCC)c1,0.152905852,spleen
CCCCC(CC)C(=O)Oc1cc(CNCCN(C)CCNCc2cc(OC(=O)C(CC)CCCC)cc(OC(=O)C(CC)CCCC)c2)cc(OC(=O)C(CC)CCCC)c1,-0.627807606,spleen
CCCCC(CC)C(=O)Oc1cc(CNCCCN(C)CCCNCc2cc(OC(=O)C(CC)CCCC)cc(OC(=O)C(CC)CCCC)c2)cc(OC(=O)C(CC)CCCC)c1,2.795336987,spleen
CCCCC(CC)C(=O)Oc1cc(CNCCN2CCN(CCNCc3cc(OC(=O)C(CC)CCCC)cc(OC(=O)C(CC)CCCC)c3)CC2)cc(OC(=O)C(CC)CCCC)c1,1.518037885,spleen
CCCCC(CC)C(=O)Oc1cc(CNCCCN2CCN(CCCNCc3cc(OC(=O)C(CC)CCCC)cc(OC(=O)C(CC)CCCC)c3)CC2)cc(OC(=O)C(CC)CCCC)c1,0.909063734,spleen
CCCCC(CC)CCC(=O)Oc1cc(OC(=O)CCC(CC)CCCC)c(CNCCN(C)CCNCc2c(OC(=O)CCC(CC)CCCC)cc(OC(=O)CCC(CC)CCCC)cc2OC(=O)CCC(CC)CCCC)c(OC(=O)CCC(CC)CCCC)c1,0.276287196,spleen
CCCCC(CC)CCC(=O)Oc1cc(OC(=O)CCC(CC)CCCC)c(CNCCN(C)CCNCc2c(OC(=O)CCC(CC)CCCC)cc(OC(=O)CCC(CC)CCCC)cc2OC(=O)CCC(CC)CCCC)c(OC(=O)CCC(CC)CCCC)c1,-0.730913331,spleen
CCCCC(C)CCC(=O)Oc1cc(CNCCN(C)CCNCc2cc(OC(=O)CCC(C)CCCC)cc(OC(=O)CCC(C)CCCC)c2)cc(OC(=O)CCC(C)CCCC)c1,-0.045372652,spleen
CCCCC(C)CCC(=O)Oc1cc(CNCCCN(C)CCCNCc2cc(OC(=O)CCC(C)CCCC)cc(OC(=O)CCC(C)CCCC)c2)cc(OC(=O)CCC(C)CCCC)c1,-0.515295129,spleen
CCCCC(C)CCC(=O)Oc1cc(CNCCN2CCN(CCNCc3cc(OC(=O)CCC(C)CCCC)cc(OC(=O)CCC(C)CCCC)c3)CC2)cc(OC(=O)CCC(C)CCCC)c1,-0.416545839,spleen
CCCCC(C)CCC(=O)Oc1cc(CNCCCN2CCN(CCCNCc3cc(OC(=O)CCC(C)CCCC)cc(OC(=O)CCC(C)CCCC)c3)CC2)cc(OC(=O)CCC(C)CCCC)c1,1.090186246,spleen
CCCCC(CC)CCC(=O)Oc1cc(OC(=O)CCC(CC)CCCC)c(CNCCN(C)CCNCc2c(OC(=O)CCC(CC)CCCC)cc(OC(=O)CCC(CC)CCCC)cc2OC(=O)CCC(CC)CCCC)c(OC(=O)CCC(CC)CCCC)c1,0.953229365,spleen
CCCCC(CC)CCC(=O)Oc1cc(OC(=O)CCC(CC)CCCC)c(CNCCN(C)CCNCc2c(OC(=O)CCC(CC)CCCC)cc(OC(=O)CCC(CC)CCCC)cc2OC(=O)CCC(CC)CCCC)c(OC(=O)CCC(CC)CCCC)c1,1.569031508,spleen
CCCCCC(C)CCC(=O)Oc1cc(CNCCN(C)CCNCc2cc(OC(=O)CCC(C)CCCCC)cc(OC(=O)CCC(C)CCCCC)c2)cc(OC(=O)CCC(C)CCCCC)c1,-0.170728916,spleen
CCCCCC(C)CCC(=O)Oc1cc(CNCCCN(C)CCCNCc2cc(OC(=O)CCC(C)CCCCC)cc(OC(=O)CCC(C)CCCCC)c2)cc(OC(=O)CCC(C)CCCCC)c1,-0.177852187,spleen
CCCCCC(C)CCC(=O)Oc1cc(CNCCN2CCN(CCNCc3cc(OC(=O)CCC(C)CCCCC)cc(OC(=O)CCC(C)CCCCC)c3)CC2)cc(OC(=O)CCC(C)CCCCC)c1,1.475156854,spleen
CCCCCC(C)CCC(=O)Oc1cc(CNCCCN2CCN(CCCNCc3cc(OC(=O)CCC(C)CCCCC)cc(OC(=O)CCC(C)CCCCC)c3)CC2)cc(OC(=O)CCC(C)CCCCC)c1,0.752672047,spleen
CCCCC(CC)CCC(=O)Oc1cc(OC(=O)CCC(CC)CCCC)c(CNCCN(C)CCNCc2c(OC(=O)CCC(CC)CCCC)cc(OC(=O)CCC(CC)CCCC)cc2OC(=O)CCC(CC)CCCC)c(OC(=O)CCC(CC)CCCC)c1,-0.134855316,spleen
CCCCC(CC)CCC(=O)Oc1cc(OC(=O)CCC(CC)CCCC)c(CNCCN(C)CCNCc2c(OC(=O)CCC(CC)CCCC)cc(OC(=O)CCC(CC)CCCC)cc2OC(=O)CCC(CC)CCCC)c(OC(=O)CCC(CC)CCCC)c1,-0.036844166,spleen
CCCCC(CC)CCC(=O)Oc1cc(CNCCN(C)CCNCc2cc(OC(=O)CCC(CC)CCCC)cc(OC(=O)CCC(CC)CCCC)c2)cc(OC(=O)CCC(CC)CCCC)c1,1.752278316,spleen
CCCCC(CC)CCC(=O)Oc1cc(CNCCCN(C)CCCNCc2cc(OC(=O)CCC(CC)CCCC)cc(OC(=O)CCC(CC)CCCC)c2)cc(OC(=O)CCC(CC)CCCC)c1,1.951613924,spleen
CCCCC(CC)CCC(=O)Oc1cc(CNCCN2CCN(CCNCc3cc(OC(=O)CCC(CC)CCCC)cc(OC(=O)CCC(CC)CCCC)c3)CC2)cc(OC(=O)CCC(CC)CCCC)c1,0.089108757,spleen
CCCCC(CC)CCC(=O)Oc1cc(CNCCCN2CCN(CCCNCc3cc(OC(=O)CCC(CC)CCCC)cc(OC(=O)CCC(CC)CCCC)c3)CC2)cc(OC(=O)CCC(CC)CCCC)c1,0.725425856,spleen
CCCCC(CC)CCC(=O)Oc1cc(OC(=O)CCC(CC)CCCC)c(CNCCN(C)CCNCc2c(OC(=O)CCC(CC)CCCC)cc(OC(=O)CCC(CC)CCCC)cc2OC(=O)CCC(CC)CCCC)c(OC(=O)CCC(CC)CCCC)c1,-0.526249995,spleen
CCCCC(CC)CCC(=O)Oc1cc(OC(=O)CCC(CC)CCCC)c(CNCCN(C)CCNCc2c(OC(=O)CCC(CC)CCCC)cc(OC(=O)CCC(CC)CCCC)cc2OC(=O)CCC(CC)CCCC)c(OC(=O)CCC(CC)CCCC)c1,-0.755059156,spleen
CCCCC(C)C(=O)Oc1cc(OC(=O)C(C)CCCC)c(CNCCN(C)CCNCc2c(OC(=O)C(C)CCCC)cc(OC(=O)C(C)CCCC)cc2OC(=O)C(C)CCCC)c(OC(=O)C(C)CCCC)c1,-1.188316635,spleen
CCCCC(C)C(=O)Oc1cc(OC(=O)C(C)CCCC)c(CNCCCN(C)CCCNCc2c(OC(=O)C(C)CCCC)cc(OC(=O)C(C)CCCC)cc2OC(=O)C(C)CCCC)c(OC(=O)C(C)CCCC)c1,-0.23065242,spleen
CCCCC(C)C(=O)Oc1cc(OC(=O)C(C)CCCC)c(CNCCN2CCN(CCNCc3c(OC(=O)C(C)CCCC)cc(OC(=O)C(C)CCCC)cc3OC(=O)C(C)CCCC)CC2)c(OC(=O)C(C)CCCC)c1,-0.191380491,spleen
CCCCC(C)C(=O)Oc1cc(OC(=O)C(C)CCCC)c(CNCCCN2CCN(CCCNCc3c(OC(=O)C(C)CCCC)cc(OC(=O)C(C)CCCC)cc3OC(=O)C(C)CCCC)CC2)c(OC(=O)C(C)CCCC)c1,-0.797601935,spleen
CCCCC(CC)CCC(=O)Oc1cc(OC(=O)CCC(CC)CCCC)c(CNCCN(C)CCNCc2c(OC(=O)CCC(CC)CCCC)cc(OC(=O)CCC(CC)CCCC)cc2OC(=O)CCC(CC)CCCC)c(OC(=O)CCC(CC)CCCC)c1,-1.632091853,spleen
CCCCC(CC)CCC(=O)Oc1cc(OC(=O)CCC(CC)CCCC)c(CNCCN(C)CCNCc2c(OC(=O)CCC(CC)CCCC)cc(OC(=O)CCC(CC)CCCC)cc2OC(=O)CCC(CC)CCCC)c(OC(=O)CCC(CC)CCCC)c1,0.216785597,spleen
CCCCCC(C)C(=O)Oc1cc(OC(=O)C(C)CCCCC)c(CNCCN(C)CCNCc2c(OC(=O)C(C)CCCCC)cc(OC(=O)C(C)CCCCC)cc2OC(=O)C(C)CCCCC)c(OC(=O)C(C)CCCCC)c1,-0.59832844,spleen
CCCCCC(C)C(=O)Oc1cc(OC(=O)C(C)CCCCC)c(CNCCCN(C)CCCNCc2c(OC(=O)C(C)CCCCC)cc(OC(=O)C(C)CCCCC)cc2OC(=O)C(C)CCCCC)c(OC(=O)C(C)CCCCC)c1,-1.530232009,spleen
CCCCCC(C)C(=O)Oc1cc(OC(=O)C(C)CCCCC)c(CNCCN2CCN(CCNCc3c(OC(=O)C(C)CCCCC)cc(OC(=O)C(C)CCCCC)cc3OC(=O)C(C)CCCCC)CC2)c(OC(=O)C(C)CCCCC)c1,-1.15189375,spleen
CCCCCC(C)C(=O)Oc1cc(OC(=O)C(C)CCCCC)c(CNCCCN2CCN(CCCNCc3c(OC(=O)C(C)CCCCC)cc(OC(=O)C(C)CCCCC)cc3OC(=O)C(C)CCCCC)CC2)c(OC(=O)C(C)CCCCC)c1,-0.572631111,spleen
CCCCC(CC)CCC(=O)Oc1cc(OC(=O)CCC(CC)CCCC)c(CNCCN(C)CCNCc2c(OC(=O)CCC(CC)CCCC)cc(OC(=O)CCC(CC)CCCC)cc2OC(=O)CCC(CC)CCCC)c(OC(=O)CCC(CC)CCCC)c1,-1.308201406,spleen
CCCCC(CC)CCC(=O)Oc1cc(OC(=O)CCC(CC)CCCC)c(CNCCN(C)CCNCc2c(OC(=O)CCC(CC)CCCC)cc(OC(=O)CCC(CC)CCCC)cc2OC(=O)CCC(CC)CCCC)c(OC(=O)CCC(CC)CCCC)c1,-1.423865945,spleen
CCCCC(CC)C(=O)Oc1cc(OC(=O)C(CC)CCCC)c(CNCCN(C)CCNCc2c(OC(=O)C(CC)CCCC)cc(OC(=O)C(CC)CCCC)cc2OC(=O)C(CC)CCCC)c(OC(=O)C(CC)CCCC)c1,0.464994179,spleen
CCCCC(CC)C(=O)Oc1cc(OC(=O)C(CC)CCCC)c(CNCCCN(C)CCCNCc2c(OC(=O)C(CC)CCCC)cc(OC(=O)C(CC)CCCC)cc2OC(=O)C(CC)CCCC)c(OC(=O)C(CC)CCCC)c1,-0.165597138,spleen
CCCCC(CC)C(=O)Oc1cc(OC(=O)C(CC)CCCC)c(CNCCN2CCN(CCNCc3c(OC(=O)C(CC)CCCC)cc(OC(=O)C(CC)CCCC)cc3OC(=O)C(CC)CCCC)CC2)c(OC(=O)C(CC)CCCC)c1,-0.32775965,spleen
CCCCC(CC)C(=O)Oc1cc(OC(=O)C(CC)CCCC)c(CNCCCN2CCN(CCCNCc3c(OC(=O)C(CC)CCCC)cc(OC(=O)C(CC)CCCC)cc3OC(=O)C(CC)CCCC)CC2)c(OC(=O)C(CC)CCCC)c1,-1.208260617,spleen
CCCCC(CC)CCC(=O)Oc1cc(OC(=O)CCC(CC)CCCC)c(CNCCN(C)CCNCc2c(OC(=O)CCC(CC)CCCC)cc(OC(=O)CCC(CC)CCCC)cc2OC(=O)CCC(CC)CCCC)c(OC(=O)CCC(CC)CCCC)c1,-1.989957925,spleen
CCCCC(CC)CCC(=O)Oc1cc(OC(=O)CCC(CC)CCCC)c(CNCCN(C)CCNCc2c(OC(=O)CCC(CC)CCCC)cc(OC(=O)CCC(CC)CCCC)cc2OC(=O)CCC(CC)CCCC)c(OC(=O)CCC(CC)CCCC)c1,-1.211830674,spleen
CCCCC(C)CCC(=O)Oc1cc(OC(=O)CCC(C)CCCC)c(CNCCN(C)CCNCc2c(OC(=O)CCC(C)CCCC)cc(OC(=O)CCC(C)CCCC)cc2OC(=O)CCC(C)CCCC)c(OC(=O)CCC(C)CCCC)c1,0.709861348,spleen
CCCCC(C)CCC(=O)Oc1cc(OC(=O)CCC(C)CCCC)c(CNCCCN(C)CCCNCc2c(OC(=O)CCC(C)CCCC)cc(OC(=O)CCC(C)CCCC)cc2OC(=O)CCC(C)CCCC)c(OC(=O)CCC(C)CCCC)c1,2.153320099,spleen
CCCCC(C)CCC(=O)Oc1cc(OC(=O)CCC(C)CCCC)c(CNCCN2CCN(CCNCc3c(OC(=O)CCC(C)CCCC)cc(OC(=O)CCC(C)CCCC)cc3OC(=O)CCC(C)CCCC)CC2)c(OC(=O)CCC(C)CCCC)c1,-0.627558336,spleen
CCCCC(C)CCC(=O)Oc1cc(OC(=O)CCC(C)CCCC)c(CNCCCN2CCN(CCCNCc3c(OC(=O)CCC(C)CCCC)cc(OC(=O)CCC(C)CCCC)cc3OC(=O)CCC(C)CCCC)CC2)c(OC(=O)CCC(C)CCCC)c1,-0.628773476,spleen
CCCCC(CC)CCC(=O)Oc1cc(OC(=O)CCC(CC)CCCC)c(CNCCN(C)CCNCc2c(OC(=O)CCC(CC)CCCC)cc(OC(=O)CCC(CC)CCCC)cc2OC(=O)CCC(CC)CCCC)c(OC(=O)CCC(CC)CCCC)c1,-1.308765869,spleen
CCCCC(CC)CCC(=O)Oc1cc(OC(=O)CCC(CC)CCCC)c(CNCCN(C)CCNCc2c(OC(=O)CCC(CC)CCCC)cc(OC(=O)CCC(CC)CCCC)cc2OC(=O)CCC(CC)CCCC)c(OC(=O)CCC(CC)CCCC)c1,-1.331026398,spleen
CCCCC(CC)CCC(=O)Oc1cc(OC(=O)CCC(CC)CCCC)c(CNCCN(C)CCNCc2c(OC(=O)CCC(CC)CCCC)cc(OC(=O)CCC(CC)CCCC)cc2OC(=O)CCC(CC)CCCC)c(OC(=O)CCC(CC)CCCC)c1,-1.069730352,spleen
CCCCC(CC)CCC(=O)Oc1cc(OC(=O)CCC(CC)CCCC)c(CNCCCN(C)CCCNCc2c(OC(=O)CCC(CC)CCCC)cc(OC(=O)CCC(CC)CCCC)cc2OC(=O)CCC(CC)CCCC)c(OC(=O)CCC(CC)CCCC)c1,-0.99617796,spleen
CCCCC(CC)CCC(=O)Oc1cc(OC(=O)CCC(CC)CCCC)c(CNCCN2CCN(CCNCc3c(OC(=O)CCC(CC)CCCC)cc(OC(=O)CCC(CC)CCCC)cc3OC(=O)CCC(CC)CCCC)CC2)c(OC(=O)CCC(CC)CCCC)c1,0.294388328,spleen
CCCCC(CC)CCC(=O)Oc1cc(OC(=O)CCC(CC)CCCC)c(CNCCCN2CCN(CCCNCc3c(OC(=O)CCC(CC)CCCC)cc(OC(=O)CCC(CC)CCCC)cc3OC(=O)CCC(CC)CCCC)CC2)c(OC(=O)CCC(CC)CCCC)c1,-0.50800373,spleen
CCCCC(CC)CCC(=O)Oc1cc(OC(=O)CCC(CC)CCCC)c(CNCCN(C)CCNCc2c(OC(=O)CCC(CC)CCCC)cc(OC(=O)CCC(CC)CCCC)cc2OC(=O)CCC(CC)CCCC)c(OC(=O)CCC(CC)CCCC)c1,-0.696932204,spleen
CCCCC(CC)CCC(=O)Oc1cc(OC(=O)CCC(CC)CCCC)c(CNCCN(C)CCNCc2c(OC(=O)CCC(CC)CCCC)cc(OC(=O)CCC(CC)CCCC)cc2OC(=O)CCC(CC)CCCC)c(OC(=O)CCC(CC)CCCC)c1,-0.544186466,spleen
CCCCC(CC)C(=O)Oc1cc(CNCCN(C)CCNCc2cc(OC(=O)C(CC)CCCC)cc(OC(=O)C(CC)CCCC)c2)cc(OC(=O)C(CC)CCCC)c1,-0.194560396,spleen
CCCCC(CC)C(=O)Oc1cc(CNCCCN(C)CCCNCc2cc(OC(=O)C(CC)CCCC)cc(OC(=O)C(CC)CCCC)c2)cc(OC(=O)C(CC)CCCC)c1,-0.313301188,spleen
CCCCC(CC)C(=O)Oc1cc(CNCCN2CCN(CCNCc3cc(OC(=O)C(CC)CCCC)cc(OC(=O)C(CC)CCCC)c3)CC2)cc(OC(=O)C(CC)CCCC)c1,-0.256638695,spleen
CCCCC(CC)C(=O)Oc1cc(CNCCCN2CCN(CCCNCc3cc(OC(=O)C(CC)CCCC)cc(OC(=O)C(CC)CCCC)c3)CC2)cc(OC(=O)C(CC)CCCC)c1,-0.023162456,spleen
CCCCC(CC)CCC(=O)Oc1cc(OC(=O)CCC(CC)CCCC)c(CNCCN(C)CCNCc2c(OC(=O)CCC(CC)CCCC)cc(OC(=O)CCC(CC)CCCC)cc2OC(=O)CCC(CC)CCCC)c(OC(=O)CCC(CC)CCCC)c1,0.190351866,spleen
CCCCC(CC)CCC(=O)Oc1cc(OC(=O)CCC(CC)CCCC)c(CNCCN(C)CCNCc2c(OC(=O)CCC(CC)CCCC)cc(OC(=O)CCC(CC)CCCC)cc2OC(=O)CCC(CC)CCCC)c(OC(=O)CCC(CC)CCCC)c1,-0.776762447,spleen
CCCCC(C)C(=O)Oc1cc(CNCCN(C)CCNCc2cc(OC(=O)C(C)CCCC)cc(OC(=O)C(C)CCCC)c2)cc(OC(=O)C(C)CCCC)c1,2.750208303,spleen
CCCCC(C)C(=O)Oc1cc(CNCCN(C)C)cc(OC(=O)C(C)CCCC)c1,0.162106534,spleen
CCCCC(C)C(=O)Oc1cc(CNCCN2CCN(C)CC2)cc(OC(=O)C(C)CCCC)c1,0.974026025,spleen
CCCCC(CC)C(=O)Oc1cc(CNCCCN(C)C)cc(OC(=O)C(CC)CCCC)c1,1.164624142,spleen
CCCCCC(C)C(=O)Oc1cc(CNCCCN(CC)CC)cc(OC(=O)C(C)CCCCC)c1,0.836116516,spleen
CCCCC(CC)C(=O)Oc1cc(CNCCCN(CC)CC)cc(OC(=O)C(CC)CCCC)c1,0.913319994,spleen
CCCCC(C)CCC(=O)Oc1cc(CNCCN(C)C)cc(OC(=O)CCC(C)CCCC)c1,-0.004356791,spleen
CCCCC(C)CCC(=O)Oc1cc(CNCCCN(C)C)cc(OC(=O)CCC(C)CCCC)c1,-0.30536064,spleen
CCCCC(C)CCC(=O)Oc1cc(CNCCN(CC)CC)cc(OC(=O)CCC(C)CCCC)c1,1.585441238,spleen
CCCCC(C)CCC(=O)Oc1cc(CNCCCN(CC)CC)cc(OC(=O)CCC(C)CCCC)c1,-0.525161889,spleen
CCCCC(C)CCC(=O)Oc1cc(CNCCN2CCN(C)CC2)cc(OC(=O)CCC(C)CCCC)c1,2.132238348,spleen
CCCCC(CC)CCC(=O)Oc1cc(OC(=O)CCC(CC)CCCC)c(CNCCN(C)CCNCc2c(OC(=O)CCC(CC)CCCC)cc(OC(=O)CCC(CC)CCCC)cc2OC(=O)CCC(CC)CCCC)c(OC(=O)CCC(CC)CCCC)c1,-0.374734111,spleen
CCCCC(CC)CCC(=O)Oc1cc(OC(=O)CCC(CC)CCCC)c(CNCCN(C)CCNCc2c(OC(=O)CCC(CC)CCCC)cc(OC(=O)CCC(CC)CCCC)cc2OC(=O)CCC(CC)CCCC)c(OC(=O)CCC(CC)CCCC)c1,-0.382532443,spleen
CCCCC(C)C(=O)Oc1cc(OC(=O)C(C)CCCC)c(CNCCCN(C)C)c(OC(=O)C(C)CCCC)c1,-2.097523583,spleen
CCCCC(CC)CCC(=O)Oc1cc(OC(=O)CCC(CC)CCCC)c(CNCCN(C)CCNCc2c(OC(=O)CCC(CC)CCCC)cc(OC(=O)CCC(CC)CCCC)cc2OC(=O)CCC(CC)CCCC)c(OC(=O)CCC(CC)CCCC)c1,0.38994552,spleen
CCCCCC(C)C(=O)Oc1cc(OC(=O)C(C)CCCCC)c(CNCCN(CC)CC)c(OC(=O)C(C)CCCCC)c1,0.319212636,spleen
CCCCC(CC)CCC(=O)Oc1cc(OC(=O)CCC(CC)CCCC)c(CNCCN(C)CCNCc2c(OC(=O)CCC(CC)CCCC)cc(OC(=O)CCC(CC)CCCC)cc2OC(=O)CCC(CC)CCCC)c(OC(=O)CCC(CC)CCCC)c1,-1.25024297,spleen
CCCCC(CC)C(=O)Oc1cc(OC(=O)C(CC)CCCC)c(CNCCCN(C)C)c(OC(=O)C(CC)CCCC)c1,-0.160009131,spleen
CCCCC(CC)C(=O)Oc1cc(OC(=O)C(CC)CCCC)c(CNCCCN(CC)CC)c(OC(=O)C(CC)CCCC)c1,0.153752828,spleen
CCCCC(C)CCC(=O)Oc1cc(OC(=O)CCC(C)CCCC)c(CNCCN(C)C)c(OC(=O)CCC(C)CCCC)c1,-0.486734701,spleen
CCCCC(C)CCC(=O)Oc1cc(OC(=O)CCC(C)CCCC)c(CNCCN(CC)CC)c(OC(=O)CCC(C)CCCC)c1,0.977584961,spleen
CCCCC(CC)CCC(=O)Oc1cc(OC(=O)CCC(CC)CCCC)c(CNCCN(C)C)c(OC(=O)CCC(CC)CCCC)c1,1.368042813,spleen
CCCCC(CC)CCC(=O)Oc1cc(OC(=O)CCC(CC)CCCC)c(CNCCN(CC)CC)c(OC(=O)CCC(CC)CCCC)c1,0.439928558,spleen
CCCCC(CC)CCC(=O)Oc1cc(OC(=O)CCC(CC)CCCC)c(CNCCN(C)CCNCc2c(OC(=O)CCC(CC)CCCC)cc(OC(=O)CCC(CC)CCCC)cc2OC(=O)CCC(CC)CCCC)c(OC(=O)CCC(CC)CCCC)c1,-0.549504149,spleen
CCCCC(C)C(=O)Oc1cc(CNCCN(C)CCNCc2cc(OC(=O)C(C)CCCC)cc(OC(=O)C(C)CCCC)c2)cc(OC(=O)C(C)CCCC)c1,-1.79017295,liver
CCCCC(C)C(=O)Oc1cc(CNCCCN(C)CCCNCc2cc(OC(=O)C(C)CCCC)cc(OC(=O)C(C)CCCC)c2)cc(OC(=O)C(C)CCCC)c1,-0.38341776,liver
CCCCC(C)C(=O)Oc1cc(CNCCN2CCN(CCNCc3cc(OC(=O)C(C)CCCC)cc(OC(=O)C(C)CCCC)c3)CC2)cc(OC(=O)C(C)CCCC)c1,-0.903903152,liver
CCCCC(C)C(=O)Oc1cc(CNCCCN2CCN(CCCNCc3cc(OC(=O)C(C)CCCC)cc(OC(=O)C(C)CCCC)c3)CC2)cc(OC(=O)C(C)CCCC)c1,-1.113483868,liver
CCCCC(CC)CCC(=O)Oc1cc(OC(=O)CCC(CC)CCCC)c(CNCCN(C)CCNCc2c(OC(=O)CCC(CC)CCCC)cc(OC(=O)CCC(CC)CCCC)cc2OC(=O)CCC(CC)CCCC)c(OC(=O)CCC(CC)CCCC)c1,0.402407372,liver
CCCCC(CC)CCC(=O)Oc1cc(OC(=O)CCC(CC)CCCC)c(CNCCN(C)CCNCc2c(OC(=O)CCC(CC)CCCC)cc(OC(=O)CCC(CC)CCCC)cc2OC(=O)CCC(CC)CCCC)c(OC(=O)CCC(CC)CCCC)c1,-1.180228572,liver
CCCCCC(C)C(=O)Oc1cc(CNCCN(C)CCNCc2cc(OC(=O)C(C)CCCCC)cc(OC(=O)C(C)CCCCC)c2)cc(OC(=O)C(C)CCCCC)c1,0.318199478,liver
CCCCCC(C)C(=O)Oc1cc(CNCCCN(C)CCCNCc2cc(OC(=O)C(C)CCCCC)cc(OC(=O)C(C)CCCCC)c2)cc(OC(=O)C(C)CCCCC)c1,-1.164709019,liver
CCCCCC(C)C(=O)Oc1cc(CNCCN2CCN(CCNCc3cc(OC(=O)C(C)CCCCC)cc(OC(=O)C(C)CCCCC)c3)CC2)cc(OC(=O)C(C)CCCCC)c1,-1.067661336,liver
CCCCCC(C)C(=O)Oc1cc(CNCCCN2CCN(CCCNCc3cc(OC(=O)C(C)CCCCC)cc(OC(=O)C(C)CCCCC)c3)CC2)cc(OC(=O)C(C)CCCCC)c1,-0.764265568,liver
CCCCC(CC)CCC(=O)Oc1cc(OC(=O)CCC(CC)CCCC)c(CNCCN(C)CCNCc2c(OC(=O)CCC(CC)CCCC)cc(OC(=O)CCC(CC)CCCC)cc2OC(=O)CCC(CC)CCCC)c(OC(=O)CCC(CC)CCCC)c1,-0.213878609,liver
CCCCC(CC)CCC(=O)Oc1cc(OC(=O)CCC(CC)CCCC)c(CNCCN(C)CCNCc2c(OC(=O)CCC(CC)CCCC)cc(OC(=O)CCC(CC)CCCC)cc2OC(=O)CCC(CC)CCCC)c(OC(=O)CCC(CC)CCCC)c1,1.387639074,liver
CCCCC(CC)C(=O)Oc1cc(CNCCN(C)CCNCc2cc(OC(=O)C(CC)CCCC)cc(OC(=O)C(CC)CCCC)c2)cc(OC(=O)C(CC)CCCC)c1,-1.136677319,liver
CCCCC(CC)C(=O)Oc1cc(CNCCCN(C)CCCNCc2cc(OC(=O)C(CC)CCCC)cc(OC(=O)C(CC)CCCC)c2)cc(OC(=O)C(CC)CCCC)c1,0.735381468,liver
CCCCC(CC)C(=O)Oc1cc(CNCCN2CCN(CCNCc3cc(OC(=O)C(CC)CCCC)cc(OC(=O)C(CC)CCCC)c3)CC2)cc(OC(=O)C(CC)CCCC)c1,-0.611381474,liver
CCCCC(CC)C(=O)Oc1cc(CNCCCN2CCN(CCCNCc3cc(OC(=O)C(CC)CCCC)cc(OC(=O)C(CC)CCCC)c3)CC2)cc(OC(=O)C(CC)CCCC)c1,-0.743447334,liver
CCCCC(CC)CCC(=O)Oc1cc(OC(=O)CCC(CC)CCCC)c(CNCCN(C)CCNCc2c(OC(=O)CCC(CC)CCCC)cc(OC(=O)CCC(CC)CCCC)cc2OC(=O)CCC(CC)CCCC)c(OC(=O)CCC(CC)CCCC)c1,0.768966244,liver
CCCCC(CC)CCC(=O)Oc1cc(OC(=O)CCC(CC)CCCC)c(CNCCN(C)CCNCc2c(OC(=O)CCC(CC)CCCC)cc(OC(=O)CCC(CC)CCCC)cc2OC(=O)CCC(CC)CCCC)c(OC(=O)CCC(CC)CCCC)c1,-1.431645562,liver
CCCCC(C)CCC(=O)Oc1cc(CNCCN(C)CCNCc2cc(OC(=O)CCC(C)CCCC)cc(OC(=O)CCC(C)CCCC)c2)cc(OC(=O)CCC(C)CCCC)c1,0.406278993,liver
CCCCC(C)CCC(=O)Oc1cc(CNCCCN(C)CCCNCc2cc(OC(=O)CCC(C)CCCC)cc(OC(=O)CCC(C)CCCC)c2)cc(OC(=O)CCC(C)CCCC)c1,4.095499043,liver
CCCCC(C)CCC(=O)Oc1cc(CNCCN2CCN(CCNCc3cc(OC(=O)CCC(C)CCCC)cc(OC(=O)CCC(C)CCCC)c3)CC2)cc(OC(=O)CCC(C)CCCC)c1,0.687911062,liver
CCCCC(C)CCC(=O)Oc1cc(CNCCCN2CCN(CCCNCc3cc(OC(=O)CCC(C)CCCC)cc(OC(=O)CCC(C)CCCC)c3)CC2)cc(OC(=O)CCC(C)CCCC)c1,1.885765949,liver
CCCCC(CC)CCC(=O)Oc1cc(OC(=O)CCC(CC)CCCC)c(CNCCN(C)CCNCc2c(OC(=O)CCC(CC)CCCC)cc(OC(=O)CCC(CC)CCCC)cc2OC(=O)CCC(CC)CCCC)c(OC(=O)CCC(CC)CCCC)c1,1.423938636,liver
CCCCC(CC)CCC(=O)Oc1cc(OC(=O)CCC(CC)CCCC)c(CNCCN(C)CCNCc2c(OC(=O)CCC(CC)CCCC)cc(OC(=O)CCC(CC)CCCC)cc2OC(=O)CCC(CC)CCCC)c(OC(=O)CCC(CC)CCCC)c1,1.613275894,liver
CCCCCC(C)CCC(=O)Oc1cc(CNCCN(C)CCNCc2cc(OC(=O)CCC(C)CCCCC)cc(OC(=O)CCC(C)CCCCC)c2)cc(OC(=O)CCC(C)CCCCC)c1,-0.693933606,liver
CCCCCC(C)CCC(=O)Oc1cc(CNCCCN(C)CCCNCc2cc(OC(=O)CCC(C)CCCCC)cc(OC(=O)CCC(C)CCCCC)c2)cc(OC(=O)CCC(C)CCCCC)c1,0.815537866,liver
CCCCCC(C)CCC(=O)Oc1cc(CNCCN2CCN(CCNCc3cc(OC(=O)CCC(C)CCCCC)cc(OC(=O)CCC(C)CCCCC)c3)CC2)cc(OC(=O)CCC(C)CCCCC)c1,0.884353286,liver
CCCCCC(C)CCC(=O)Oc1cc(CNCCCN2CCN(CCCNCc3cc(OC(=O)CCC(C)CCCCC)cc(OC(=O)CCC(C)CCCCC)c3)CC2)cc(OC(=O)CCC(C)CCCCC)c1,-0.131261785,liver
CCCCC(CC)CCC(=O)Oc1cc(OC(=O)CCC(CC)CCCC)c(CNCCN(C)CCNCc2c(OC(=O)CCC(CC)CCCC)cc(OC(=O)CCC(CC)CCCC)cc2OC(=O)CCC(CC)CCCC)c(OC(=O)CCC(CC)CCCC)c1,-0.362506531,liver
CCCCC(CC)CCC(=O)Oc1cc(OC(=O)CCC(CC)CCCC)c(CNCCN(C)CCNCc2c(OC(=O)CCC(CC)CCCC)cc(OC(=O)CCC(CC)CCCC)cc2OC(=O)CCC(CC)CCCC)c(OC(=O)CCC(CC)CCCC)c1,-0.068730387,liver
CCCCC(CC)CCC(=O)Oc1cc(CNCCN(C)CCNCc2cc(OC(=O)CCC(CC)CCCC)cc(OC(=O)CCC(CC)CCCC)c2)cc(OC(=O)CCC(CC)CCCC)c1,1.277052113,liver
CCCCC(CC)CCC(=O)Oc1cc(CNCCCN(C)CCCNCc2cc(OC(=O)CCC(CC)CCCC)cc(OC(=O)CCC(CC)CCCC)c2)cc(OC(=O)CCC(CC)CCCC)c1,0.633285474,liver
CCCCC(CC)CCC(=O)Oc1cc(CNCCN2CCN(CCNCc3cc(OC(=O)CCC(CC)CCCC)cc(OC(=O)CCC(CC)CCCC)c3)CC2)cc(OC(=O)CCC(CC)CCCC)c1,-0.041361396,liver
CCCCC(CC)CCC(=O)Oc1cc(CNCCCN2CCN(CCCNCc3cc(OC(=O)CCC(CC)CCCC)cc(OC(=O)CCC(CC)CCCC)c3)CC2)cc(OC(=O)CCC(CC)CCCC)c1,0.030171715,liver
CCCCC(CC)CCC(=O)Oc1cc(OC(=O)CCC(CC)CCCC)c(CNCCN(C)CCNCc2c(OC(=O)CCC(CC)CCCC)cc(OC(=O)CCC(CC)CCCC)cc2OC(=O)CCC(CC)CCCC)c(OC(=O)CCC(CC)CCCC)c1,-0.352879623,liver
CCCCC(CC)CCC(=O)Oc1cc(OC(=O)CCC(CC)CCCC)c(CNCCN(C)CCNCc2c(OC(=O)CCC(CC)CCCC)cc(OC(=O)CCC(CC)CCCC)cc2OC(=O)CCC(CC)CCCC)c(OC(=O)CCC(CC)CCCC)c1,0.071824753,liver
CCCCC(C)C(=O)Oc1cc(OC(=O)C(C)CCCC)c(CNCCN(C)CCNCc2c(OC(=O)C(C)CCCC)cc(OC(=O)C(C)CCCC)cc2OC(=O)C(C)CCCC)c(OC(=O)C(C)CCCC)c1,-0.78538009,liver
CCCCC(C)C(=O)Oc1cc(OC(=O)C(C)CCCC)c(CNCCCN(C)CCCNCc2c(OC(=O)C(C)CCCC)cc(OC(=O)C(C)CCCC)cc2OC(=O)C(C)CCCC)c(OC(=O)C(C)CCCC)c1,-0.059152197,liver
CCCCC(C)C(=O)Oc1cc(OC(=O)C(C)CCCC)c(CNCCN2CCN(CCNCc3c(OC(=O)C(C)CCCC)cc(OC(=O)C(C)CCCC)cc3OC(=O)C(C)CCCC)CC2)c(OC(=O)C(C)CCCC)c1,-0.651347625,liver
CCCCC(C)C(=O)Oc1cc(OC(=O)C(C)CCCC)c(CNCCCN2CCN(CCCNCc3c(OC(=O)C(C)CCCC)cc(OC(=O)C(C)CCCC)cc3OC(=O)C(C)CCCC)CC2)c(OC(=O)C(C)CCCC)c1,-0.411902773,liver
CCCCC(CC)CCC(=O)Oc1cc(OC(=O)CCC(CC)CCCC)c(CNCCN(C)CCNCc2c(OC(=O)CCC(CC)CCCC)cc(OC(=O)CCC(CC)CCCC)cc2OC(=O)CCC(CC)CCCC)c(OC(=O)CCC(CC)CCCC)c1,-0.543401466,liver
CCCCC(CC)CCC(=O)Oc1cc(OC(=O)CCC(CC)CCCC)c(CNCCN(C)CCNCc2c(OC(=O)CCC(CC)CCCC)cc(OC(=O)CCC(CC)CCCC)cc2OC(=O)CCC(CC)CCCC)c(OC(=O)CCC(CC)CCCC)c1,0.270838204,liver
CCCCCC(C)C(=O)Oc1cc(OC(=O)C(C)CCCCC)c(CNCCN(C)CCNCc2c(OC(=O)C(C)CCCCC)cc(OC(=O)C(C)CCCCC)cc2OC(=O)C(C)CCCCC)c(OC(=O)C(C)CCCCC)c1,0.640331811,liver
CCCCCC(C)C(=O)Oc1cc(OC(=O)C(C)CCCCC)c(CNCCCN(C)CCCNCc2c(OC(=O)C(C)CCCCC)cc(OC(=O)C(C)CCCCC)cc2OC(=O)C(C)CCCCC)c(OC(=O)C(C)CCCCC)c1,1.292011157,liver
CCCCCC(C)C(=O)Oc1cc(OC(=O)C(C)CCCCC)c(CNCCN2CCN(CCNCc3c(OC(=O)C(C)CCCCC)cc(OC(=O)C(C)CCCCC)cc3OC(=O)C(C)CCCCC)CC2)c(OC(=O)C(C)CCCCC)c1,-0.159885176,liver
CCCCCC(C)C(=O)Oc1cc(OC(=O)C(C)CCCCC)c(CNCCCN2CCN(CCCNCc3c(OC(=O)C(C)CCCCC)cc(OC(=O)C(C)CCCCC)cc3OC(=O)C(C)CCCCC)CC2)c(OC(=O)C(C)CCCCC)c1,-0.775711013,liver
CCCCC(CC)CCC(=O)Oc1cc(OC(=O)CCC(CC)CCCC)c(CNCCN(C)CCNCc2c(OC(=O)CCC(CC)CCCC)cc(OC(=O)CCC(CC)CCCC)cc2OC(=O)CCC(CC)CCCC)c(OC(=O)CCC(CC)CCCC)c1,0.083262392,liver
CCCCC(CC)CCC(=O)Oc1cc(OC(=O)CCC(CC)CCCC)c(CNCCN(C)CCNCc2c(OC(=O)CCC(CC)CCCC)cc(OC(=O)CCC(CC)CCCC)cc2OC(=O)CCC(CC)CCCC)c(OC(=O)CCC(CC)CCCC)c1,-0.531346464,liver
CCCCC(CC)C(=O)Oc1cc(OC(=O)C(CC)CCCC)c(CNCCN(C)CCNCc2c(OC(=O)C(CC)CCCC)cc(OC(=O)C(CC)CCCC)cc2OC(=O)C(CC)CCCC)c(OC(=O)C(CC)CCCC)c1,-0.985185399,liver
CCCCC(CC)C(=O)Oc1cc(OC(=O)C(CC)CCCC)c(CNCCCN(C)CCCNCc2c(OC(=O)C(CC)CCCC)cc(OC(=O)C(CC)CCCC)cc2OC(=O)C(CC)CCCC)c(OC(=O)C(CC)CCCC)c1,-0.772252137,liver
CCCCC(CC)C(=O)Oc1cc(OC(=O)C(CC)CCCC)c(CNCCN2CCN(CCNCc3c(OC(=O)C(CC)CCCC)cc(OC(=O)C(CC)CCCC)cc3OC(=O)C(CC)CCCC)CC2)c(OC(=O)C(CC)CCCC)c1,-0.388395276,liver
CCCCC(CC)C(=O)Oc1cc(OC(=O)C(CC)CCCC)c(CNCCCN2CCN(CCCNCc3c(OC(=O)C(CC)CCCC)cc(OC(=O)C(CC)CCCC)cc3OC(=O)C(CC)CCCC)CC2)c(OC(=O)C(CC)CCCC)c1,-1.498043023,liver
CCCCC(CC)CCC(=O)Oc1cc(OC(=O)CCC(CC)CCCC)c(CNCCN(C)CCNCc2c(OC(=O)CCC(CC)CCCC)cc(OC(=O)CCC(CC)CCCC)cc2OC(=O)CCC(CC)CCCC)c(OC(=O)CCC(CC)CCCC)c1,-2.351215863,liver
CCCCC(CC)CCC(=O)Oc1cc(OC(=O)CCC(CC)CCCC)c(CNCCN(C)CCNCc2c(OC(=O)CCC(CC)CCCC)cc(OC(=O)CCC(CC)CCCC)cc2OC(=O)CCC(CC)CCCC)c(OC(=O)CCC(CC)CCCC)c1,-1.359159043,liver
CCCCC(C)CCC(=O)Oc1cc(OC(=O)CCC(C)CCCC)c(CNCCN(C)CCNCc2c(OC(=O)CCC(C)CCCC)cc(OC(=O)CCC(C)CCCC)cc2OC(=O)CCC(C)CCCC)c(OC(=O)CCC(C)CCCC)c1,0.84234734,liver
CCCCC(C)CCC(=O)Oc1cc(OC(=O)CCC(C)CCCC)c(CNCCCN(C)CCCNCc2c(OC(=O)CCC(C)CCCC)cc(OC(=O)CCC(C)CCCC)cc2OC(=O)CCC(C)CCCC)c(OC(=O)CCC(C)CCCC)c1,0.45930313,liver
CCCCC(C)CCC(=O)Oc1cc(OC(=O)CCC(C)CCCC)c(CNCCN2CCN(CCNCc3c(OC(=O)CCC(C)CCCC)cc(OC(=O)CCC(C)CCCC)cc3OC(=O)CCC(C)CCCC)CC2)c(OC(=O)CCC(C)CCCC)c1,0.002056256,liver
CCCCC(C)CCC(=O)Oc1cc(OC(=O)CCC(C)CCCC)c(CNCCCN2CCN(CCCNCc3c(OC(=O)CCC(C)CCCC)cc(OC(=O)CCC(C)CCCC)cc3OC(=O)CCC(C)CCCC)CC2)c(OC(=O)CCC(C)CCCC)c1,-0.114849555,liver
CCCCC(CC)CCC(=O)Oc1cc(OC(=O)CCC(CC)CCCC)c(CNCCN(C)CCNCc2c(OC(=O)CCC(CC)CCCC)cc(OC(=O)CCC(CC)CCCC)cc2OC(=O)CCC(CC)CCCC)c(OC(=O)CCC(CC)CCCC)c1,-0.557408028,liver
CCCCC(CC)CCC(=O)Oc1cc(OC(=O)CCC(CC)CCCC)c(CNCCN(C)CCNCc2c(OC(=O)CCC(CC)CCCC)cc(OC(=O)CCC(CC)CCCC)cc2OC(=O)CCC(CC)CCCC)c(OC(=O)CCC(CC)CCCC)c1,0.746559754,liver
CCCCC(CC)CCC(=O)Oc1cc(OC(=O)CCC(CC)CCCC)c(CNCCN(C)CCNCc2c(OC(=O)CCC(CC)CCCC)cc(OC(=O)CCC(CC)CCCC)cc2OC(=O)CCC(CC)CCCC)c(OC(=O)CCC(CC)CCCC)c1,0.547912102,liver
CCCCC(CC)CCC(=O)Oc1cc(OC(=O)CCC(CC)CCCC)c(CNCCCN(C)CCCNCc2c(OC(=O)CCC(CC)CCCC)cc(OC(=O)CCC(CC)CCCC)cc2OC(=O)CCC(CC)CCCC)c(OC(=O)CCC(CC)CCCC)c1,-1.029321879,liver
CCCCC(CC)CCC(=O)Oc1cc(OC(=O)CCC(CC)CCCC)c(CNCCN2CCN(CCNCc3c(OC(=O)CCC(CC)CCCC)cc(OC(=O)CCC(CC)CCCC)cc3OC(=O)CCC(CC)CCCC)CC2)c(OC(=O)CCC(CC)CCCC)c1,0.723487114,liver
CCCCC(CC)CCC(=O)Oc1cc(OC(=O)CCC(CC)CCCC)c(CNCCCN2CCN(CCCNCc3c(OC(=O)CCC(CC)CCCC)cc(OC(=O)CCC(CC)CCCC)cc3OC(=O)CCC(CC)CCCC)CC2)c(OC(=O)CCC(CC)CCCC)c1,0.090759106,liver
CCCCC(CC)CCC(=O)Oc1cc(OC(=O)CCC(CC)CCCC)c(CNCCN(C)CCNCc2c(OC(=O)CCC(CC)CCCC)cc(OC(=O)CCC(CC)CCCC)cc2OC(=O)CCC(CC)CCCC)c(OC(=O)CCC(CC)CCCC)c1,-0.254184163,liver
CCCCC(CC)CCC(=O)Oc1cc(OC(=O)CCC(CC)CCCC)c(CNCCN(C)CCNCc2c(OC(=O)CCC(CC)CCCC)cc(OC(=O)CCC(CC)CCCC)cc2OC(=O)CCC(CC)CCCC)c(OC(=O)CCC(CC)CCCC)c1,0.865527658,liver
CCCCC(CC)C(=O)Oc1cc(CNCCN(C)CCNCc2cc(OC(=O)C(CC)CCCC)cc(OC(=O)C(CC)CCCC)c2)cc(OC(=O)C(CC)CCCC)c1,0.058019876,liver
CCCCC(CC)C(=O)Oc1cc(CNCCCN(C)CCCNCc2cc(OC(=O)C(CC)CCCC)cc(OC(=O)C(CC)CCCC)c2)cc(OC(=O)C(CC)CCCC)c1,-1.696437619,liver
CCCCC(CC)C(=O)Oc1cc(CNCCN2CCN(CCNCc3cc(OC(=O)C(CC)CCCC)cc(OC(=O)C(CC)CCCC)c3)CC2)cc(OC(=O)C(CC)CCCC)c1,0.600450261,liver
CCCCC(CC)C(=O)Oc1cc(CNCCCN2CCN(CCCNCc3cc(OC(=O)C(CC)CCCC)cc(OC(=O)C(CC)CCCC)c3)CC2)cc(OC(=O)C(CC)CCCC)c1,0.869686075,liver
CCCCC(CC)CCC(=O)Oc1cc(OC(=O)CCC(CC)CCCC)c(CNCCN(C)CCNCc2c(OC(=O)CCC(CC)CCCC)cc(OC(=O)CCC(CC)CCCC)cc2OC(=O)CCC(CC)CCCC)c(OC(=O)CCC(CC)CCCC)c1,0.29342912,liver
CCCCC(CC)CCC(=O)Oc1cc(OC(=O)CCC(CC)CCCC)c(CNCCN(C)CCNCc2c(OC(=O)CCC(CC)CCCC)cc(OC(=O)CCC(CC)CCCC)cc2OC(=O)CCC(CC)CCCC)c(OC(=O)CCC(CC)CCCC)c1,-0.368391235,liver
CCCCC(C)C(=O)Oc1cc(CNCCN(C)CCNCc2cc(OC(=O)C(C)CCCC)cc(OC(=O)C(C)CCCC)c2)cc(OC(=O)C(C)CCCC)c1,1.625787337,liver
CCCCC(C)C(=O)Oc1cc(CNCCN(C)C)cc(OC(=O)C(C)CCCC)c1,0.150397208,liver
CCCCC(C)C(=O)Oc1cc(CNCCN2CCN(C)CC2)cc(OC(=O)C(C)CCCC)c1,0.125209032,liver
CCCCC(CC)C(=O)Oc1cc(CNCCCN(C)C)cc(OC(=O)C(CC)CCCC)c1,-0.45940105,liver
CCCCCC(C)C(=O)Oc1cc(CNCCCN(CC)CC)cc(OC(=O)C(C)CCCCC)c1,-0.287843178,liver
CCCCC(CC)C(=O)Oc1cc(CNCCCN(CC)CC)cc(OC(=O)C(CC)CCCC)c1,-0.809026499,liver
CCCCC(C)CCC(=O)Oc1cc(CNCCN(C)C)cc(OC(=O)CCC(C)CCCC)c1,0.283513882,liver
CCCCC(C)CCC(=O)Oc1cc(CNCCCN(C)C)cc(OC(=O)CCC(C)CCCC)c1,-0.931424511,liver
CCCCC(C)CCC(=O)Oc1cc(CNCCN(CC)CC)cc(OC(=O)CCC(C)CCCC)c1,-0.179852842,liver
CCCCC(C)CCC(=O)Oc1cc(CNCCCN(CC)CC)cc(OC(=O)CCC(C)CCCC)c1,-0.266331376,liver
CCCCC(C)CCC(=O)Oc1cc(CNCCN2CCN(C)CC2)cc(OC(=O)CCC(C)CCCC)c1,1.031415023,liver
CCCCC(CC)CCC(=O)Oc1cc(OC(=O)CCC(CC)CCCC)c(CNCCN(C)CCNCc2c(OC(=O)CCC(CC)CCCC)cc(OC(=O)CCC(CC)CCCC)cc2OC(=O)CCC(CC)CCCC)c(OC(=O)CCC(CC)CCCC)c1,-0.15990096,liver
CCCCC(CC)CCC(=O)Oc1cc(OC(=O)CCC(CC)CCCC)c(CNCCN(C)CCNCc2c(OC(=O)CCC(CC)CCCC)cc(OC(=O)CCC(CC)CCCC)cc2OC(=O)CCC(CC)CCCC)c(OC(=O)CCC(CC)CCCC)c1,-0.810651748,liver
CCCCC(C)C(=O)Oc1cc(OC(=O)C(C)CCCC)c(CNCCCN(C)C)c(OC(=O)C(C)CCCC)c1,-1.934546135,liver
CCCCC(CC)CCC(=O)Oc1cc(OC(=O)CCC(CC)CCCC)c(CNCCN(C)CCNCc2c(OC(=O)CCC(CC)CCCC)cc(OC(=O)CCC(CC)CCCC)cc2OC(=O)CCC(CC)CCCC)c(OC(=O)CCC(CC)CCCC)c1,-0.932924034,liver
CCCCCC(C)C(=O)Oc1cc(OC(=O)C(C)CCCCC)c(CNCCN(CC)CC)c(OC(=O)C(C)CCCCC)c1,0.248036579,liver
CCCCC(C)C(=O)Oc1cc(OC(=O)C(C)CCCC)c(CNCCN(CCNCc2c(OC(=O)C(C)CCCC)cc(OC(=O)C(C)CCCC)cc2OC(=O)C(C)CCCC)CCNCc2c(OC(=O)C(C)CCCC)cc(OC(=O)C(C)CCCC)cc2OC(=O)C(C)CCCC)c(OC(=O)C(C)CCCC)c1,0.216503618,liver
CCCCC(CC)C(=O)Oc1cc(OC(=O)C(CC)CCCC)c(CNCCCN(C)C)c(OC(=O)C(CC)CCCC)c1,0.416337245,liver
CCCCC(CC)C(=O)Oc1cc(OC(=O)C(CC)CCCC)c(CNCCCN(CC)CC)c(OC(=O)C(CC)CCCC)c1,0.82595939,liver
CCCCC(C)CCC(=O)Oc1cc(OC(=O)CCC(C)CCCC)c(CNCCN(C)C)c(OC(=O)CCC(C)CCCC)c1,2.220101626,liver
CCCCC(C)CCC(=O)Oc1cc(OC(=O)CCC(C)CCCC)c(CNCCN(CC)CC)c(OC(=O)CCC(C)CCCC)c1,0.966034505,liver
CCCCC(CC)CCC(=O)Oc1cc(OC(=O)CCC(CC)CCCC)c(CNCCN(C)C)c(OC(=O)CCC(CC)CCCC)c1,0.187387658,liver
CCCCC(CC)CCC(=O)Oc1cc(OC(=O)CCC(CC)CCCC)c(CNCCN(CC)CC)c(OC(=O)CCC(CC)CCCC)c1,2.444560593,liver
CCCCC(CC)CCC(=O)Oc1cc(OC(=O)CCC(CC)CCCC)c(CNCCN(C)CCNCc2c(OC(=O)CCC(CC)CCCC)cc(OC(=O)CCC(CC)CCCC)cc2OC(=O)CCC(CC)CCCC)c(OC(=O)CCC(CC)CCCC)c1,-0.344295263,liver
CCCCC(C)C(=O)Oc1cc(CNCCN(C)CCNCc2cc(OC(=O)C(C)CCCC)cc(OC(=O)C(C)CCCC)c2)cc(OC(=O)C(C)CCCC)c1,213.15,multiorgan
CCCCC(C)C(=O)Oc1cc(CNCCCN(C)CCCNCc2cc(OC(=O)C(C)CCCC)cc(OC(=O)C(C)CCCC)c2)cc(OC(=O)C(C)CCCC)c1,221.95,multiorgan
CCCCC(C)C(=O)Oc1cc(CNCCN2CCN(CCNCc3cc(OC(=O)C(C)CCCC)cc(OC(=O)C(C)CCCC)c3)CC2)cc(OC(=O)C(C)CCCC)c1,185.36,multiorgan
CCCCC(C)C(=O)Oc1cc(CNCCCN2CCN(CCCNCc3cc(OC(=O)C(C)CCCC)cc(OC(=O)C(C)CCCC)c3)CC2)cc(OC(=O)C(C)CCCC)c1,205.65,multiorgan
CCCCC(CC)CCC(=O)Oc1cc(OC(=O)CCC(CC)CCCC)c(CNCCN(C)CCNCc2c(OC(=O)CCC(CC)CCCC)cc(OC(=O)CCC(CC)CCCC)cc2OC(=O)CCC(CC)CCCC)c(OC(=O)CCC(CC)CCCC)c1,219.71,multiorgan
CCCCCC(C)C(=O)Oc1cc(OC(=O)C(C)CCCCC)c(CNCCN(CCNCc2c(OC(=O)C(C)CCCCC)cc(OC(=O)C(C)CCCCC)cc2OC(=O)C(C)CCCCC)CCNCc2c(OC(=O)C(C)CCCCC)cc(OC(=O)C(C)CCCCC)cc2OC(=O)C(C)CCCCC)c(OC(=O)C(C)CCCCC)c1,214.69,multiorgan
CCCCCC(C)C(=O)Oc1cc(CNCCN(C)CCNCc2cc(OC(=O)C(C)CCCCC)cc(OC(=O)C(C)CCCCC)c2)cc(OC(=O)C(C)CCCCC)c1,182.55,multiorgan
CCCCCC(C)C(=O)Oc1cc(CNCCCN(C)CCCNCc2cc(OC(=O)C(C)CCCCC)cc(OC(=O)C(C)CCCCC)c2)cc(OC(=O)C(C)CCCCC)c1,217.02,multiorgan
CCCCCC(C)C(=O)Oc1cc(CNCCN2CCN(CCNCc3cc(OC(=O)C(C)CCCCC)cc(OC(=O)C(C)CCCCC)c3)CC2)cc(OC(=O)C(C)CCCCC)c1,150.05,multiorgan
CCCCCC(C)C(=O)Oc1cc(CNCCCN2CCN(CCCNCc3cc(OC(=O)C(C)CCCCC)cc(OC(=O)C(C)CCCCC)c3)CC2)cc(OC(=O)C(C)CCCCC)c1,214.91,multiorgan
CCCCC(CC)CCC(=O)Oc1cc(OC(=O)CCC(CC)CCCC)c(CNCCN(C)CCNCc2c(OC(=O)CCC(CC)CCCC)cc(OC(=O)CCC(CC)CCCC)cc2OC(=O)CCC(CC)CCCC)c(OC(=O)CCC(CC)CCCC)c1,145.82,multiorgan
CCCCC(CC)C(=O)Oc1cc(OC(=O)C(CC)CCCC)c(CNCCN(CCNCc2c(OC(=O)C(CC)CCCC)cc(OC(=O)C(CC)CCCC)cc2OC(=O)C(CC)CCCC)CCNCc2c(OC(=O)C(CC)CCCC)cc(OC(=O)C(CC)CCCC)cc2OC(=O)C(CC)CCCC)c(OC(=O)C(CC)CCCC)c1,143.69,multiorgan
CCCCC(CC)C(=O)Oc1cc(CNCCN(C)CCNCc2cc(OC(=O)C(CC)CCCC)cc(OC(=O)C(CC)CCCC)c2)cc(OC(=O)C(CC)CCCC)c1,210.37,multiorgan
CCCCC(CC)C(=O)Oc1cc(CNCCCN(C)CCCNCc2cc(OC(=O)C(CC)CCCC)cc(OC(=O)C(CC)CCCC)c2)cc(OC(=O)C(CC)CCCC)c1,182.54,multiorgan
CCCCC(CC)C(=O)Oc1cc(CNCCN2CCN(CCNCc3cc(OC(=O)C(CC)CCCC)cc(OC(=O)C(CC)CCCC)c3)CC2)cc(OC(=O)C(CC)CCCC)c1,206.32,multiorgan
CCCCC(CC)C(=O)Oc1cc(CNCCCN2CCN(CCCNCc3cc(OC(=O)C(CC)CCCC)cc(OC(=O)C(CC)CCCC)c3)CC2)cc(OC(=O)C(CC)CCCC)c1,222.14,multiorgan
CCCCC(CC)CCC(=O)Oc1cc(OC(=O)CCC(CC)CCCC)c(CNCCN(C)CCNCc2c(OC(=O)CCC(CC)CCCC)cc(OC(=O)CCC(CC)CCCC)cc2OC(=O)CCC(CC)CCCC)c(OC(=O)CCC(CC)CCCC)c1,212.38,multiorgan
CCCCC(C)CCC(=O)Oc1cc(OC(=O)CCC(C)CCCC)c(CNCCN(CCNCc2c(OC(=O)CCC(C)CCCC)cc(OC(=O)CCC(C)CCCC)cc2OC(=O)CCC(C)CCCC)CCNCc2c(OC(=O)CCC(C)CCCC)cc(OC(=O)CCC(C)CCCC)cc2OC(=O)CCC(C)CCCC)c(OC(=O)CCC(C)CCCC)c1,173.25,multiorgan
CCCCC(C)CCC(=O)Oc1cc(CNCCN(C)CCNCc2cc(OC(=O)CCC(C)CCCC)cc(OC(=O)CCC(C)CCCC)c2)cc(OC(=O)CCC(C)CCCC)c1,136.46,multiorgan
CCCCC(C)CCC(=O)Oc1cc(CNCCCN(C)CCCNCc2cc(OC(=O)CCC(C)CCCC)cc(OC(=O)CCC(C)CCCC)c2)cc(OC(=O)CCC(C)CCCC)c1,138.33,multiorgan
CCCCC(C)CCC(=O)Oc1cc(CNCCN2CCN(CCNCc3cc(OC(=O)CCC(C)CCCC)cc(OC(=O)CCC(C)CCCC)c3)CC2)cc(OC(=O)CCC(C)CCCC)c1,116.27,multiorgan
CCCCC(C)CCC(=O)Oc1cc(CNCCCN2CCN(CCCNCc3cc(OC(=O)CCC(C)CCCC)cc(OC(=O)CCC(C)CCCC)c3)CC2)cc(OC(=O)CCC(C)CCCC)c1,110.51,multiorgan
CCCCC(CC)CCC(=O)Oc1cc(OC(=O)CCC(CC)CCCC)c(CNCCN(C)CCNCc2c(OC(=O)CCC(CC)CCCC)cc(OC(=O)CCC(CC)CCCC)cc2OC(=O)CCC(CC)CCCC)c(OC(=O)CCC(CC)CCCC)c1,149.05,multiorgan
CCCCC(CC)CCC(=O)Oc1cc(OC(=O)CCC(CC)CCCC)c(CNCCN(CCNCc2c(OC(=O)CCC(CC)CCCC)cc(OC(=O)CCC(CC)CCCC)cc2OC(=O)CCC(CC)CCCC)CCNCc2c(OC(=O)CCC(CC)CCCC)cc(OC(=O)CCC(CC)CCCC)cc2OC(=O)CCC(CC)CCCC)c(OC(=O)CCC(CC)CCCC)c1,151.53,multiorgan
CCCCCC(C)CCC(=O)Oc1cc(CNCCN(C)CCNCc2cc(OC(=O)CCC(C)CCCCC)cc(OC(=O)CCC(C)CCCCC)c2)cc(OC(=O)CCC(C)CCCCC)c1,164.21,multiorgan
CCCCCC(C)CCC(=O)Oc1cc(CNCCCN(C)CCCNCc2cc(OC(=O)CCC(C)CCCCC)cc(OC(=O)CCC(C)CCCCC)c2)cc(OC(=O)CCC(C)CCCCC)c1,186.26,multiorgan
CCCCCC(C)CCC(=O)Oc1cc(CNCCN2CCN(CCNCc3cc(OC(=O)CCC(C)CCCCC)cc(OC(=O)CCC(C)CCCCC)c3)CC2)cc(OC(=O)CCC(C)CCCCC)c1,169.94,multiorgan
CCCCCC(C)CCC(=O)Oc1cc(CNCCCN2CCN(CCCNCc3cc(OC(=O)CCC(C)CCCCC)cc(OC(=O)CCC(C)CCCCC)c3)CC2)cc(OC(=O)CCC(C)CCCCC)c1,172.07,multiorgan
CCCCC(CC)CCC(=O)Oc1cc(OC(=O)CCC(CC)CCCC)c(CNCCN(C)CCNCc2c(OC(=O)CCC(CC)CCCC)cc(OC(=O)CCC(CC)CCCC)cc2OC(=O)CCC(CC)CCCC)c(OC(=O)CCC(CC)CCCC)c1,153.05,multiorgan
CCCCC(CC)CCC(=O)Oc1cc(OC(=O)CCC(CC)CCCC)c(CNCCN(CCNCc2c(OC(=O)CCC(CC)CCCC)cc(OC(=O)CCC(CC)CCCC)cc2OC(=O)CCC(CC)CCCC)CCNCc2c(OC(=O)CCC(CC)CCCC)cc(OC(=O)CCC(CC)CCCC)cc2OC(=O)CCC(CC)CCCC)c(OC(=O)CCC(CC)CCCC)c1,135.12,multiorgan
CCCCC(CC)CCC(=O)Oc1cc(CNCCN(C)CCNCc2cc(OC(=O)CCC(CC)CCCC)cc(OC(=O)CCC(CC)CCCC)c2)cc(OC(=O)CCC(CC)CCCC)c1,167.19,multiorgan
CCCCC(CC)CCC(=O)Oc1cc(CNCCCN(C)CCCNCc2cc(OC(=O)CCC(CC)CCCC)cc(OC(=O)CCC(CC)CCCC)c2)cc(OC(=O)CCC(CC)CCCC)c1,164.24,multiorgan
CCCCC(CC)CCC(=O)Oc1cc(CNCCN2CCN(CCNCc3cc(OC(=O)CCC(CC)CCCC)cc(OC(=O)CCC(CC)CCCC)c3)CC2)cc(OC(=O)CCC(CC)CCCC)c1,157.13,multiorgan
CCCCC(CC)CCC(=O)Oc1cc(CNCCCN2CCN(CCCNCc3cc(OC(=O)CCC(CC)CCCC)cc(OC(=O)CCC(CC)CCCC)c3)CC2)cc(OC(=O)CCC(CC)CCCC)c1,171.95,multiorgan
CCCCC(CC)CCC(=O)Oc1cc(OC(=O)CCC(CC)CCCC)c(CNCCN(C)CCNCc2c(OC(=O)CCC(CC)CCCC)cc(OC(=O)CCC(CC)CCCC)cc2OC(=O)CCC(CC)CCCC)c(OC(=O)CCC(CC)CCCC)c1,166.81,multiorgan
CCCCC(CC)CCC(=O)Oc1cc(OC(=O)CCC(CC)CCCC)c(CNCCN(CCNCc2c(OC(=O)CCC(CC)CCCC)cc(OC(=O)CCC(CC)CCCC)cc2OC(=O)CCC(CC)CCCC)CCNCc2c(OC(=O)CCC(CC)CCCC)cc(OC(=O)CCC(CC)CCCC)cc2OC(=O)CCC(CC)CCCC)c(OC(=O)CCC(CC)CCCC)c1,160.88,multiorgan
CCCCC(C)C(=O)Oc1cc(OC(=O)C(C)CCCC)c(CNCCN(C)CCNCc2c(OC(=O)C(C)CCCC)cc(OC(=O)C(C)CCCC)cc2OC(=O)C(C)CCCC)c(OC(=O)C(C)CCCC)c1,150.35,multiorgan
CCCCC(C)C(=O)Oc1cc(OC(=O)C(C)CCCC)c(CNCCCN(C)CCCNCc2c(OC(=O)C(C)CCCC)cc(OC(=O)C(C)CCCC)cc2OC(=O)C(C)CCCC)c(OC(=O)C(C)CCCC)c1,154.92,multiorgan
CCCCC(C)C(=O)Oc1cc(OC(=O)C(C)CCCC)c(CNCCN2CCN(CCNCc3c(OC(=O)C(C)CCCC)cc(OC(=O)C(C)CCCC)cc3OC(=O)C(C)CCCC)CC2)c(OC(=O)C(C)CCCC)c1,159.37,multiorgan
CCCCC(C)C(=O)Oc1cc(OC(=O)C(C)CCCC)c(CNCCCN2CCN(CCCNCc3c(OC(=O)C(C)CCCC)cc(OC(=O)C(C)CCCC)cc3OC(=O)C(C)CCCC)CC2)c(OC(=O)C(C)CCCC)c1,151.45,multiorgan
CCCCC(CC)CCC(=O)Oc1cc(OC(=O)CCC(CC)CCCC)c(CNCCN(C)CCNCc2c(OC(=O)CCC(CC)CCCC)cc(OC(=O)CCC(CC)CCCC)cc2OC(=O)CCC(CC)CCCC)c(OC(=O)CCC(CC)CCCC)c1,135.42,multiorgan
CCCCC(CC)CCC(=O)Oc1cc(OC(=O)CCC(CC)CCCC)c(CNCCN(CCNCc2c(OC(=O)CCC(CC)CCCC)cc(OC(=O)CCC(CC)CCCC)cc2OC(=O)CCC(CC)CCCC)CCNCc2c(OC(=O)CCC(CC)CCCC)cc(OC(=O)CCC(CC)CCCC)cc2OC(=O)CCC(CC)CCCC)c(OC(=O)CCC(CC)CCCC)c1,156.24,multiorgan
CCCCCC(C)C(=O)Oc1cc(OC(=O)C(C)CCCCC)c(CNCCN(C)CCNCc2c(OC(=O)C(C)CCCCC)cc(OC(=O)C(C)CCCCC)cc2OC(=O)C(C)CCCCC)c(OC(=O)C(C)CCCCC)c1,158.19,multiorgan
CCCCCC(C)C(=O)Oc1cc(OC(=O)C(C)CCCCC)c(CNCCCN(C)CCCNCc2c(OC(=O)C(C)CCCCC)cc(OC(=O)C(C)CCCCC)cc2OC(=O)C(C)CCCCC)c(OC(=O)C(C)CCCCC)c1,176.05,multiorgan
CCCCCC(C)C(=O)Oc1cc(OC(=O)C(C)CCCCC)c(CNCCN2CCN(CCNCc3c(OC(=O)C(C)CCCCC)cc(OC(=O)C(C)CCCCC)cc3OC(=O)C(C)CCCCC)CC2)c(OC(=O)C(C)CCCCC)c1,167.46,multiorgan
CCCCCC(C)C(=O)Oc1cc(OC(=O)C(C)CCCCC)c(CNCCCN2CCN(CCCNCc3c(OC(=O)C(C)CCCCC)cc(OC(=O)C(C)CCCCC)cc3OC(=O)C(C)CCCCC)CC2)c(OC(=O)C(C)CCCCC)c1,159.83,multiorgan
CCCCC(CC)CCC(=O)Oc1cc(OC(=O)CCC(CC)CCCC)c(CNCCN(C)CCNCc2c(OC(=O)CCC(CC)CCCC)cc(OC(=O)CCC(CC)CCCC)cc2OC(=O)CCC(CC)CCCC)c(OC(=O)CCC(CC)CCCC)c1,143.21,multiorgan
CCCCC(CC)CCC(=O)Oc1cc(OC(=O)CCC(CC)CCCC)c(CNCCN(CCNCc2c(OC(=O)CCC(CC)CCCC)cc(OC(=O)CCC(CC)CCCC)cc2OC(=O)CCC(CC)CCCC)CCNCc2c(OC(=O)CCC(CC)CCCC)cc(OC(=O)CCC(CC)CCCC)cc2OC(=O)CCC(CC)CCCC)c(OC(=O)CCC(CC)CCCC)c1,174.61,multiorgan
CCCCC(CC)C(=O)Oc1cc(OC(=O)C(CC)CCCC)c(CNCCN(C)CCNCc2c(OC(=O)C(CC)CCCC)cc(OC(=O)C(CC)CCCC)cc2OC(=O)C(CC)CCCC)c(OC(=O)C(CC)CCCC)c1,175.23,multiorgan
CCCCC(CC)C(=O)Oc1cc(OC(=O)C(CC)CCCC)c(CNCCCN(C)CCCNCc2c(OC(=O)C(CC)CCCC)cc(OC(=O)C(CC)CCCC)cc2OC(=O)C(CC)CCCC)c(OC(=O)C(CC)CCCC)c1,163.09,multiorgan
CCCCC(CC)C(=O)Oc1cc(OC(=O)C(CC)CCCC)c(CNCCN2CCN(CCNCc3c(OC(=O)C(CC)CCCC)cc(OC(=O)C(CC)CCCC)cc3OC(=O)C(CC)CCCC)CC2)c(OC(=O)C(CC)CCCC)c1,162.22,multiorgan
CCCCC(CC)C(=O)Oc1cc(OC(=O)C(CC)CCCC)c(CNCCCN2CCN(CCCNCc3c(OC(=O)C(CC)CCCC)cc(OC(=O)C(CC)CCCC)cc3OC(=O)C(CC)CCCC)CC2)c(OC(=O)C(CC)CCCC)c1,159.91,multiorgan
CCCCC(CC)CCC(=O)Oc1cc(OC(=O)CCC(CC)CCCC)c(CNCCN(C)CCNCc2c(OC(=O)CCC(CC)CCCC)cc(OC(=O)CCC(CC)CCCC)cc2OC(=O)CCC(CC)CCCC)c(OC(=O)CCC(CC)CCCC)c1,162.35,multiorgan
CCCCC(CC)CCC(=O)Oc1cc(OC(=O)CCC(CC)CCCC)c(CNCCN(CCNCc2c(OC(=O)CCC(CC)CCCC)cc(OC(=O)CCC(CC)CCCC)cc2OC(=O)CCC(CC)CCCC)CCNCc2c(OC(=O)CCC(CC)CCCC)cc(OC(=O)CCC(CC)CCCC)cc2OC(=O)CCC(CC)CCCC)c(OC(=O)CCC(CC)CCCC)c1,151.74,multiorgan
CCCCC(C)CCC(=O)Oc1cc(OC(=O)CCC(C)CCCC)c(CNCCN(C)CCNCc2c(OC(=O)CCC(C)CCCC)cc(OC(=O)CCC(C)CCCC)cc2OC(=O)CCC(C)CCCC)c(OC(=O)CCC(C)CCCC)c1,155.13,multiorgan
CCCCC(C)CCC(=O)Oc1cc(OC(=O)CCC(C)CCCC)c(CNCCCN(C)CCCNCc2c(OC(=O)CCC(C)CCCC)cc(OC(=O)CCC(C)CCCC)cc2OC(=O)CCC(C)CCCC)c(OC(=O)CCC(C)CCCC)c1,151.75,multiorgan
CCCCC(C)CCC(=O)Oc1cc(OC(=O)CCC(C)CCCC)c(CNCCN2CCN(CCNCc3c(OC(=O)CCC(C)CCCC)cc(OC(=O)CCC(C)CCCC)cc3OC(=O)CCC(C)CCCC)CC2)c(OC(=O)CCC(C)CCCC)c1,162.38,multiorgan
CCCCC(C)CCC(=O)Oc1cc(OC(=O)CCC(C)CCCC)c(CNCCCN2CCN(CCCNCc3c(OC(=O)CCC(C)CCCC)cc(OC(=O)CCC(C)CCCC)cc3OC(=O)CCC(C)CCCC)CC2)c(OC(=O)CCC(C)CCCC)c1,140.86,multiorgan
CCCCC(CC)CCC(=O)Oc1cc(OC(=O)CCC(CC)CCCC)c(CNCCN(C)CCNCc2c(OC(=O)CCC(CC)CCCC)cc(OC(=O)CCC(CC)CCCC)cc2OC(=O)CCC(CC)CCCC)c(OC(=O)CCC(CC)CCCC)c1,173.55,multiorgan
CCCCC(CC)CCC(=O)Oc1cc(OC(=O)CCC(CC)CCCC)c(CNCCN(CCNCc2c(OC(=O)CCC(CC)CCCC)cc(OC(=O)CCC(CC)CCCC)cc2OC(=O)CCC(CC)CCCC)CCNCc2c(OC(=O)CCC(CC)CCCC)cc(OC(=O)CCC(CC)CCCC)cc2OC(=O)CCC(CC)CCCC)c(OC(=O)CCC(CC)CCCC)c1,146.71,multiorgan
CCCCC(CC)CCC(=O)Oc1cc(OC(=O)CCC(CC)CCCC)c(CNCCN(C)CCNCc2c(OC(=O)CCC(CC)CCCC)cc(OC(=O)CCC(CC)CCCC)cc2OC(=O)CCC(CC)CCCC)c(OC(=O)CCC(CC)CCCC)c1,161.74,multiorgan
CCCCC(CC)CCC(=O)Oc1cc(OC(=O)CCC(CC)CCCC)c(CNCCCN(C)CCCNCc2c(OC(=O)CCC(CC)CCCC)cc(OC(=O)CCC(CC)CCCC)cc2OC(=O)CCC(CC)CCCC)c(OC(=O)CCC(CC)CCCC)c1,168.98,multiorgan
CCCCC(CC)CCC(=O)Oc1cc(OC(=O)CCC(CC)CCCC)c(CNCCN2CCN(CCNCc3c(OC(=O)CCC(CC)CCCC)cc(OC(=O)CCC(CC)CCCC)cc3OC(=O)CCC(CC)CCCC)CC2)c(OC(=O)CCC(CC)CCCC)c1,169.22,multiorgan
CCCCC(CC)CCC(=O)Oc1cc(OC(=O)CCC(CC)CCCC)c(CNCCCN2CCN(CCCNCc3c(OC(=O)CCC(CC)CCCC)cc(OC(=O)CCC(CC)CCCC)cc3OC(=O)CCC(CC)CCCC)CC2)c(OC(=O)CCC(CC)CCCC)c1,184.37,multiorgan
CCCCC(CC)CCC(=O)Oc1cc(OC(=O)CCC(CC)CCCC)c(CNCCN(C)CCNCc2c(OC(=O)CCC(CC)CCCC)cc(OC(=O)CCC(CC)CCCC)cc2OC(=O)CCC(CC)CCCC)c(OC(=O)CCC(CC)CCCC)c1,173.95,multiorgan
CCCCC(CC)CCC(=O)Oc1cc(OC(=O)CCC(CC)CCCC)c(CNCCN(CCNCc2c(OC(=O)CCC(CC)CCCC)cc(OC(=O)CCC(CC)CCCC)cc2OC(=O)CCC(CC)CCCC)CCNCc2c(OC(=O)CCC(CC)CCCC)cc(OC(=O)CCC(CC)CCCC)cc2OC(=O)CCC(CC)CCCC)c(OC(=O)CCC(CC)CCCC)c1,154.31,multiorgan
CCCCC(CC)C(=O)Oc1cc(CNCCN(C)CCNCc2cc(OC(=O)C(CC)CCCC)cc(OC(=O)C(CC)CCCC)c2)cc(OC(=O)C(CC)CCCC)c1,192.28,multiorgan
CCCCC(CC)C(=O)Oc1cc(CNCCCN(C)CCCNCc2cc(OC(=O)C(CC)CCCC)cc(OC(=O)C(CC)CCCC)c2)cc(OC(=O)C(CC)CCCC)c1,178.97,multiorgan
CCCCC(CC)C(=O)Oc1cc(CNCCN2CCN(CCNCc3cc(OC(=O)C(CC)CCCC)cc(OC(=O)C(CC)CCCC)c3)CC2)cc(OC(=O)C(CC)CCCC)c1,193.73,multiorgan
CCCCC(CC)C(=O)Oc1cc(CNCCCN2CCN(CCCNCc3cc(OC(=O)C(CC)CCCC)cc(OC(=O)C(CC)CCCC)c3)CC2)cc(OC(=O)C(CC)CCCC)c1,181.29,multiorgan
CCCCC(CC)CCC(=O)Oc1cc(OC(=O)CCC(CC)CCCC)c(CNCCN(C)CCNCc2c(OC(=O)CCC(CC)CCCC)cc(OC(=O)CCC(CC)CCCC)cc2OC(=O)CCC(CC)CCCC)c(OC(=O)CCC(CC)CCCC)c1,195.15,multiorgan
CCCCC(CC)CCC(=O)Oc1cc(OC(=O)CCC(CC)CCCC)c(CNCCN(CCNCc2c(OC(=O)CCC(CC)CCCC)cc(OC(=O)CCC(CC)CCCC)cc2OC(=O)CCC(CC)CCCC)CCNCc2c(OC(=O)CCC(CC)CCCC)cc(OC(=O)CCC(CC)CCCC)cc2OC(=O)CCC(CC)CCCC)c(OC(=O)CCC(CC)CCCC)c1,181.86,multiorgan
CCCCC(C)C(=O)Oc1cc(CNCCN(C)CCNCc2cc(OC(=O)C(C)CCCC)cc(OC(=O)C(C)CCCC)c2)cc(OC(=O)C(C)CCCC)c1,203.47,multiorgan
CCCCC(C)C(=O)Oc1cc(CNCCN(C)C)cc(OC(=O)C(C)CCCC)c1,174.02,multiorgan
CCCCC(C)C(=O)Oc1cc(CNCCN2CCN(C)CC2)cc(OC(=O)C(C)CCCC)c1,164.26,multiorgan
CCCCC(CC)C(=O)Oc1cc(CNCCCN(C)C)cc(OC(=O)C(CC)CCCC)c1,143.63,multiorgan
CCCCCC(C)C(=O)Oc1cc(CNCCCN(CC)CC)cc(OC(=O)C(C)CCCCC)c1,195.58,multiorgan
CCCCC(CC)C(=O)Oc1cc(CNCCCN(CC)CC)cc(OC(=O)C(CC)CCCC)c1,179.15,multiorgan
CCCCC(C)CCC(=O)Oc1cc(CNCCN(C)C)cc(OC(=O)CCC(C)CCCC)c1,181.73,multiorgan
CCCCC(C)CCC(=O)Oc1cc(CNCCCN(C)C)cc(OC(=O)CCC(C)CCCC)c1,141.66,multiorgan
CCCCC(C)CCC(=O)Oc1cc(CNCCN(CC)CC)cc(OC(=O)CCC(C)CCCC)c1,171.39,multiorgan
CCCCC(C)CCC(=O)Oc1cc(CNCCCN(CC)CC)cc(OC(=O)CCC(C)CCCC)c1,155.04,multiorgan
CCCCC(C)CCC(=O)Oc1cc(CNCCN2CCN(C)CC2)cc(OC(=O)CCC(C)CCCC)c1,156.33,multiorgan
CCCCC(CC)CCC(=O)Oc1cc(OC(=O)CCC(CC)CCCC)c(CNCCN(C)CCNCc2c(OC(=O)CCC(CC)CCCC)cc(OC(=O)CCC(CC)CCCC)cc2OC(=O)CCC(CC)CCCC)c(OC(=O)CCC(CC)CCCC)c1,190.57,multiorgan
CCCCC(CC)CCC(=O)Oc1cc(OC(=O)CCC(CC)CCCC)c(CNCCN(CCNCc2c(OC(=O)CCC(CC)CCCC)cc(OC(=O)CCC(CC)CCCC)cc2OC(=O)CCC(CC)CCCC)CCNCc2c(OC(=O)CCC(CC)CCCC)cc(OC(=O)CCC(CC)CCCC)cc2OC(=O)CCC(CC)CCCC)c(OC(=O)CCC(CC)CCCC)c1,191.36,multiorgan
CCCCC(C)C(=O)Oc1cc(OC(=O)C(C)CCCC)c(CNCCCN(C)C)c(OC(=O)C(C)CCCC)c1,190.49,multiorgan
CCCCC(CC)CCC(=O)Oc1cc(OC(=O)CCC(CC)CCCC)c(CNCCN(C)CCNCc2c(OC(=O)CCC(CC)CCCC)cc(OC(=O)CCC(CC)CCCC)cc2OC(=O)CCC(CC)CCCC)c(OC(=O)CCC(CC)CCCC)c1,204.37,multiorgan
CCCCCC(C)C(=O)Oc1cc(OC(=O)C(C)CCCCC)c(CNCCN(CC)CC)c(OC(=O)C(C)CCCCC)c1,169.62,multiorgan
CCCCC(CC)CCC(=O)Oc1cc(OC(=O)CCC(CC)CCCC)c(CNCCN(CCNCc2c(OC(=O)CCC(CC)CCCC)cc(OC(=O)CCC(CC)CCCC)cc2OC(=O)CCC(CC)CCCC)CCNCc2c(OC(=O)CCC(CC)CCCC)cc(OC(=O)CCC(CC)CCCC)cc2OC(=O)CCC(CC)CCCC)c(OC(=O)CCC(CC)CCCC)c1,201.51,multiorgan
CCCCC(CC)C(=O)Oc1cc(OC(=O)C(CC)CCCC)c(CNCCCN(C)C)c(OC(=O)C(CC)CCCC)c1,162.36,multiorgan
CCCCC(CC)C(=O)Oc1cc(OC(=O)C(CC)CCCC)c(CNCCCN(CC)CC)c(OC(=O)C(CC)CCCC)c1,143.25,multiorgan
CCCCC(C)CCC(=O)Oc1cc(OC(=O)CCC(C)CCCC)c(CNCCN(C)C)c(OC(=O)CCC(C)CCCC)c1,126.76,multiorgan
CCCCC(C)CCC(=O)Oc1cc(OC(=O)CCC(C)CCCC)c(CNCCN(CC)CC)c(OC(=O)CCC(C)CCCC)c1,113.98,multiorgan
CCCCC(CC)CCC(=O)Oc1cc(OC(=O)CCC(CC)CCCC)c(CNCCN(C)C)c(OC(=O)CCC(CC)CCCC)c1,115.41,multiorgan
CCCCC(CC)CCC(=O)Oc1cc(OC(=O)CCC(CC)CCCC)c(CNCCN(CC)CC)c(OC(=O)CCC(CC)CCCC)c1,109.22,multiorgan
CCCCC(CC)CCC(=O)Oc1cc(OC(=O)CCC(CC)CCCC)c(CNCCN(C)CCNCc2c(OC(=O)CCC(CC)CCCC)cc(OC(=O)CCC(CC)CCCC)cc2OC(=O)CCC(CC)CCCC)c(OC(=O)CCC(CC)CCCC)c1,114.15,multiorgan
CCCCC(C)C(=O)Oc1cc(CNCCN(C)CCNCc2cc(OC(=O)C(C)CCCC)cc(OC(=O)C(C)CCCC)c2)cc(OC(=O)C(C)CCCC)c1,1.65,multiorgan
CCCCC(C)C(=O)Oc1cc(CNCCCN(C)CCCNCc2cc(OC(=O)C(C)CCCC)cc(OC(=O)C(C)CCCC)c2)cc(OC(=O)C(C)CCCC)c1,4.25,multiorgan
CCCCC(C)C(=O)Oc1cc(CNCCN2CCN(CCNCc3cc(OC(=O)C(C)CCCC)cc(OC(=O)C(C)CCCC)c3)CC2)cc(OC(=O)C(C)CCCC)c1,6.12,multiorgan
CCCCC(C)C(=O)Oc1cc(CNCCCN2CCN(CCCNCc3cc(OC(=O)C(C)CCCC)cc(OC(=O)C(C)CCCC)c3)CC2)cc(OC(=O)C(C)CCCC)c1,7.13,multiorgan
CCCCC(CC)CCC(=O)Oc1cc(OC(=O)CCC(CC)CCCC)c(CNCCN(C)CCNCc2c(OC(=O)CCC(CC)CCCC)cc(OC(=O)CCC(CC)CCCC)cc2OC(=O)CCC(CC)CCCC)c(OC(=O)CCC(CC)CCCC)c1,-5.41,multiorgan
CCCCC(CC)CCC(=O)Oc1cc(OC(=O)CCC(CC)CCCC)c(CNCCN(CCNCc2c(OC(=O)CCC(CC)CCCC)cc(OC(=O)CCC(CC)CCCC)cc2OC(=O)CCC(CC)CCCC)CCNCc2c(OC(=O)CCC(CC)CCCC)cc(OC(=O)CCC(CC)CCCC)cc2OC(=O)CCC(CC)CCCC)c(OC(=O)CCC(CC)CCCC)c1,6.64,multiorgan
CCCCCC(C)C(=O)Oc1cc(CNCCN(C)CCNCc2cc(OC(=O)C(C)CCCCC)cc(OC(=O)C(C)CCCCC)c2)cc(OC(=O)C(C)CCCCC)c1,-6.24,multiorgan
CCCCCC(C)C(=O)Oc1cc(CNCCCN(C)CCCNCc2cc(OC(=O)C(C)CCCCC)cc(OC(=O)C(C)CCCCC)c2)cc(OC(=O)C(C)CCCCC)c1,0.18,multiorgan
CCCCCC(C)C(=O)Oc1cc(CNCCN2CCN(CCNCc3cc(OC(=O)C(C)CCCCC)cc(OC(=O)C(C)CCCCC)c3)CC2)cc(OC(=O)C(C)CCCCC)c1,4.58,multiorgan
CCCCCC(C)C(=O)Oc1cc(CNCCCN2CCN(CCCNCc3cc(OC(=O)C(C)CCCCC)cc(OC(=O)C(C)CCCCC)c3)CC2)cc(OC(=O)C(C)CCCCC)c1,1.12,multiorgan
CCCCC(CC)CCC(=O)Oc1cc(OC(=O)CCC(CC)CCCC)c(CNCCN(C)CCNCc2c(OC(=O)CCC(CC)CCCC)cc(OC(=O)CCC(CC)CCCC)cc2OC(=O)CCC(CC)CCCC)c(OC(=O)CCC(CC)CCCC)c1,-1.65,multiorgan
CCCCC(CC)CCC(=O)Oc1cc(OC(=O)CCC(CC)CCCC)c(CNCCN(CCNCc2c(OC(=O)CCC(CC)CCCC)cc(OC(=O)CCC(CC)CCCC)cc2OC(=O)CCC(CC)CCCC)CCNCc2c(OC(=O)CCC(CC)CCCC)cc(OC(=O)CCC(CC)CCCC)cc2OC(=O)CCC(CC)CCCC)c(OC(=O)CCC(CC)CCCC)c1,-0.45,multiorgan
CCCCC(CC)C(=O)Oc1cc(CNCCN(C)CCNCc2cc(OC(=O)C(CC)CCCC)cc(OC(=O)C(CC)CCCC)c2)cc(OC(=O)C(CC)CCCC)c1,-1.32,multiorgan
CCCCC(CC)C(=O)Oc1cc(CNCCCN(C)CCCNCc2cc(OC(=O)C(CC)CCCC)cc(OC(=O)C(CC)CCCC)c2)cc(OC(=O)C(CC)CCCC)c1,-3.06,multiorgan
CCCCC(CC)C(=O)Oc1cc(CNCCN2CCN(CCNCc3cc(OC(=O)C(CC)CCCC)cc(OC(=O)C(CC)CCCC)c3)CC2)cc(OC(=O)C(CC)CCCC)c1,1.92,multiorgan
CCCCC(CC)C(=O)Oc1cc(CNCCCN2CCN(CCCNCc3cc(OC(=O)C(CC)CCCC)cc(OC(=O)C(CC)CCCC)c3)CC2)cc(OC(=O)C(CC)CCCC)c1,-8.46,multiorgan
CCCCC(CC)CCC(=O)Oc1cc(OC(=O)CCC(CC)CCCC)c(CNCCN(C)CCNCc2c(OC(=O)CCC(CC)CCCC)cc(OC(=O)CCC(CC)CCCC)cc2OC(=O)CCC(CC)CCCC)c(OC(=O)CCC(CC)CCCC)c1,-0.72,multiorgan
CCCCC(CC)CCC(=O)Oc1cc(OC(=O)CCC(CC)CCCC)c(CNCCN(CCNCc2c(OC(=O)CCC(CC)CCCC)cc(OC(=O)CCC(CC)CCCC)cc2OC(=O)CCC(CC)CCCC)CCNCc2c(OC(=O)CCC(CC)CCCC)cc(OC(=O)CCC(CC)CCCC)cc2OC(=O)CCC(CC)CCCC)c(OC(=O)CCC(CC)CCCC)c1,4.34,multiorgan
CCCCC(C)CCC(=O)Oc1cc(CNCCN(C)CCNCc2cc(OC(=O)CCC(C)CCCC)cc(OC(=O)CCC(C)CCCC)c2)cc(OC(=O)CCC(C)CCCC)c1,2.81,multiorgan
CCCCC(C)CCC(=O)Oc1cc(CNCCCN(C)CCCNCc2cc(OC(=O)CCC(C)CCCC)cc(OC(=O)CCC(C)CCCC)c2)cc(OC(=O)CCC(C)CCCC)c1,-0.81,multiorgan
CCCCC(C)CCC(=O)Oc1cc(CNCCN2CCN(CCNCc3cc(OC(=O)CCC(C)CCCC)cc(OC(=O)CCC(C)CCCC)c3)CC2)cc(OC(=O)CCC(C)CCCC)c1,-3.65,multiorgan
CCCCC(C)CCC(=O)Oc1cc(CNCCCN2CCN(CCCNCc3cc(OC(=O)CCC(C)CCCC)cc(OC(=O)CCC(C)CCCC)c3)CC2)cc(OC(=O)CCC(C)CCCC)c1,2.62,multiorgan
CCCCC(CC)CCC(=O)Oc1cc(OC(=O)CCC(CC)CCCC)c(CNCCN(C)CCNCc2c(OC(=O)CCC(CC)CCCC)cc(OC(=O)CCC(CC)CCCC)cc2OC(=O)CCC(CC)CCCC)c(OC(=O)CCC(CC)CCCC)c1,-0.05,multiorgan
CCCCC(CC)CCC(=O)Oc1cc(OC(=O)CCC(CC)CCCC)c(CNCCN(CCNCc2c(OC(=O)CCC(CC)CCCC)cc(OC(=O)CCC(CC)CCCC)cc2OC(=O)CCC(CC)CCCC)CCNCc2c(OC(=O)CCC(CC)CCCC)cc(OC(=O)CCC(CC)CCCC)cc2OC(=O)CCC(CC)CCCC)c(OC(=O)CCC(CC)CCCC)c1,3.13,multiorgan
CCCCCC(C)CCC(=O)Oc1cc(CNCCN(C)CCNCc2cc(OC(=O)CCC(C)CCCCC)cc(OC(=O)CCC(C)CCCCC)c2)cc(OC(=O)CCC(C)CCCCC)c1,-1.67,multiorgan
CCCCCC(C)CCC(=O)Oc1cc(CNCCCN(C)CCCNCc2cc(OC(=O)CCC(C)CCCCC)cc(OC(=O)CCC(C)CCCCC)c2)cc(OC(=O)CCC(C)CCCCC)c1,5.85,multiorgan
CCCCCC(C)CCC(=O)Oc1cc(CNCCN2CCN(CCNCc3cc(OC(=O)CCC(C)CCCCC)cc(OC(=O)CCC(C)CCCCC)c3)CC2)cc(OC(=O)CCC(C)CCCCC)c1,-8.83,multiorgan
CCCCCC(C)CCC(=O)Oc1cc(CNCCCN2CCN(CCCNCc3cc(OC(=O)CCC(C)CCCCC)cc(OC(=O)CCC(C)CCCCC)c3)CC2)cc(OC(=O)CCC(C)CCCCC)c1,5.22,multiorgan
CCCCC(CC)CCC(=O)Oc1cc(OC(=O)CCC(CC)CCCC)c(CNCCN(C)CCNCc2c(OC(=O)CCC(CC)CCCC)cc(OC(=O)CCC(CC)CCCC)cc2OC(=O)CCC(CC)CCCC)c(OC(=O)CCC(CC)CCCC)c1,2.91,multiorgan
CCCCC(C)C(=O)Oc1cc(CNCCN(CCNCc2cc(OC(=O)C(C)CCCC)cc(OC(=O)C(C)CCCC)c2)CCNCc2cc(OC(=O)C(C)CCCC)cc(OC(=O)C(C)CCCC)c2)cc(OC(=O)C(C)CCCC)c1,9.27,multiorgan
CCCCC(CC)CCC(=O)Oc1cc(CNCCN(C)CCNCc2cc(OC(=O)CCC(CC)CCCC)cc(OC(=O)CCC(CC)CCCC)c2)cc(OC(=O)CCC(CC)CCCC)c1,12.74,multiorgan
CCCCC(CC)CCC(=O)Oc1cc(CNCCCN(C)CCCNCc2cc(OC(=O)CCC(CC)CCCC)cc(OC(=O)CCC(CC)CCCC)c2)cc(OC(=O)CCC(CC)CCCC)c1,-6.44,multiorgan
CCCCC(CC)CCC(=O)Oc1cc(CNCCN2CCN(CCNCc3cc(OC(=O)CCC(CC)CCCC)cc(OC(=O)CCC(CC)CCCC)c3)CC2)cc(OC(=O)CCC(CC)CCCC)c1,-10.69,multiorgan
CCCCC(CC)CCC(=O)Oc1cc(CNCCCN2CCN(CCCNCc3cc(OC(=O)CCC(CC)CCCC)cc(OC(=O)CCC(CC)CCCC)c3)CC2)cc(OC(=O)CCC(CC)CCCC)c1,14.51,multiorgan
CCCCC(CC)CCC(=O)Oc1cc(OC(=O)CCC(CC)CCCC)c(CNCCN(C)CCNCc2c(OC(=O)CCC(CC)CCCC)cc(OC(=O)CCC(CC)CCCC)cc2OC(=O)CCC(CC)CCCC)c(OC(=O)CCC(CC)CCCC)c1,10.46,multiorgan
CCCCCC(C)C(=O)Oc1cc(CNCCN(CCNCc2cc(OC(=O)C(C)CCCCC)cc(OC(=O)C(C)CCCCC)c2)CCNCc2cc(OC(=O)C(C)CCCCC)cc(OC(=O)C(C)CCCCC)c2)cc(OC(=O)C(C)CCCCC)c1,-4.31,multiorgan
CCCCC(C)C(=O)Oc1cc(OC(=O)C(C)CCCC)c(CNCCN(C)CCNCc2c(OC(=O)C(C)CCCC)cc(OC(=O)C(C)CCCC)cc2OC(=O)C(C)CCCC)c(OC(=O)C(C)CCCC)c1,-9.68,multiorgan
CCCCC(C)C(=O)Oc1cc(OC(=O)C(C)CCCC)c(CNCCCN(C)CCCNCc2c(OC(=O)C(C)CCCC)cc(OC(=O)C(C)CCCC)cc2OC(=O)C(C)CCCC)c(OC(=O)C(C)CCCC)c1,1.28,multiorgan
CCCCC(C)C(=O)Oc1cc(OC(=O)C(C)CCCC)c(CNCCN2CCN(CCNCc3c(OC(=O)C(C)CCCC)cc(OC(=O)C(C)CCCC)cc3OC(=O)C(C)CCCC)CC2)c(OC(=O)C(C)CCCC)c1,12.65,multiorgan
CCCCC(C)C(=O)Oc1cc(OC(=O)C(C)CCCC)c(CNCCCN2CCN(CCCNCc3c(OC(=O)C(C)CCCC)cc(OC(=O)C(C)CCCC)cc3OC(=O)C(C)CCCC)CC2)c(OC(=O)C(C)CCCC)c1,6.96,multiorgan
CCCCC(CC)CCC(=O)Oc1cc(OC(=O)CCC(CC)CCCC)c(CNCCN(C)CCNCc2c(OC(=O)CCC(CC)CCCC)cc(OC(=O)CCC(CC)CCCC)cc2OC(=O)CCC(CC)CCCC)c(OC(=O)CCC(CC)CCCC)c1,9.22,multiorgan
CCCCC(CC)C(=O)Oc1cc(CNCCN(CCNCc2cc(OC(=O)C(CC)CCCC)cc(OC(=O)C(CC)CCCC)c2)CCNCc2cc(OC(=O)C(CC)CCCC)cc(OC(=O)C(CC)CCCC)c2)cc(OC(=O)C(CC)CCCC)c1,-3.64,multiorgan
CCCCCC(C)C(=O)Oc1cc(OC(=O)C(C)CCCCC)c(CNCCN(C)CCNCc2c(OC(=O)C(C)CCCCC)cc(OC(=O)C(C)CCCCC)cc2OC(=O)C(C)CCCCC)c(OC(=O)C(C)CCCCC)c1,6.75,multiorgan
CCCCCC(C)C(=O)Oc1cc(OC(=O)C(C)CCCCC)c(CNCCCN(C)CCCNCc2c(OC(=O)C(C)CCCCC)cc(OC(=O)C(C)CCCCC)cc2OC(=O)C(C)CCCCC)c(OC(=O)C(C)CCCCC)c1,7.49,multiorgan
CCCCCC(C)C(=O)Oc1cc(OC(=O)C(C)CCCCC)c(CNCCN2CCN(CCNCc3c(OC(=O)C(C)CCCCC)cc(OC(=O)C(C)CCCCC)cc3OC(=O)C(C)CCCCC)CC2)c(OC(=O)C(C)CCCCC)c1,8.97,multiorgan
CCCCCC(C)C(=O)Oc1cc(OC(=O)C(C)CCCCC)c(CNCCCN2CCN(CCCNCc3c(OC(=O)C(C)CCCCC)cc(OC(=O)C(C)CCCCC)cc3OC(=O)C(C)CCCCC)CC2)c(OC(=O)C(C)CCCCC)c1,2.46,multiorgan
CCCCC(CC)CCC(=O)Oc1cc(OC(=O)CCC(CC)CCCC)c(CNCCN(C)CCNCc2c(OC(=O)CCC(CC)CCCC)cc(OC(=O)CCC(CC)CCCC)cc2OC(=O)CCC(CC)CCCC)c(OC(=O)CCC(CC)CCCC)c1,7.09,multiorgan
CCCCC(C)CCC(=O)Oc1cc(CNCCN(CCNCc2cc(OC(=O)CCC(C)CCCC)cc(OC(=O)CCC(C)CCCC)c2)CCNCc2cc(OC(=O)CCC(C)CCCC)cc(OC(=O)CCC(C)CCCC)c2)cc(OC(=O)CCC(C)CCCC)c1,8.85,multiorgan
CCCCC(CC)C(=O)Oc1cc(OC(=O)C(CC)CCCC)c(CNCCN(C)CCNCc2c(OC(=O)C(CC)CCCC)cc(OC(=O)C(CC)CCCC)cc2OC(=O)C(CC)CCCC)c(OC(=O)C(CC)CCCC)c1,1.42,multiorgan
CCCCC(CC)C(=O)Oc1cc(OC(=O)C(CC)CCCC)c(CNCCCN(C)CCCNCc2c(OC(=O)C(CC)CCCC)cc(OC(=O)C(CC)CCCC)cc2OC(=O)C(CC)CCCC)c(OC(=O)C(CC)CCCC)c1,-7.28,multiorgan
CCCCC(CC)C(=O)Oc1cc(OC(=O)C(CC)CCCC)c(CNCCN2CCN(CCNCc3c(OC(=O)C(CC)CCCC)cc(OC(=O)C(CC)CCCC)cc3OC(=O)C(CC)CCCC)CC2)c(OC(=O)C(CC)CCCC)c1,6.32,multiorgan
CCCCC(CC)C(=O)Oc1cc(OC(=O)C(CC)CCCC)c(CNCCCN2CCN(CCCNCc3c(OC(=O)C(CC)CCCC)cc(OC(=O)C(CC)CCCC)cc3OC(=O)C(CC)CCCC)CC2)c(OC(=O)C(CC)CCCC)c1,5.21,multiorgan
CCCCC(CC)CCC(=O)Oc1cc(OC(=O)CCC(CC)CCCC)c(CNCCN(C)CCNCc2c(OC(=O)CCC(CC)CCCC)cc(OC(=O)CCC(CC)CCCC)cc2OC(=O)CCC(CC)CCCC)c(OC(=O)CCC(CC)CCCC)c1,6.43,multiorgan
CCCCCC(C)CCC(=O)Oc1cc(CNCCN(CCNCc2cc(OC(=O)CCC(C)CCCCC)cc(OC(=O)CCC(C)CCCCC)c2)CCNCc2cc(OC(=O)CCC(C)CCCCC)cc(OC(=O)CCC(C)CCCCC)c2)cc(OC(=O)CCC(C)CCCCC)c1,-0.51,multiorgan
CCCCC(C)CCC(=O)Oc1cc(OC(=O)CCC(C)CCCC)c(CNCCN(C)CCNCc2c(OC(=O)CCC(C)CCCC)cc(OC(=O)CCC(C)CCCC)cc2OC(=O)CCC(C)CCCC)c(OC(=O)CCC(C)CCCC)c1,-8.24,multiorgan
CCCCC(C)CCC(=O)Oc1cc(OC(=O)CCC(C)CCCC)c(CNCCCN(C)CCCNCc2c(OC(=O)CCC(C)CCCC)cc(OC(=O)CCC(C)CCCC)cc2OC(=O)CCC(C)CCCC)c(OC(=O)CCC(C)CCCC)c1,1.47,multiorgan
CCCCC(C)CCC(=O)Oc1cc(OC(=O)CCC(C)CCCC)c(CNCCN2CCN(CCNCc3c(OC(=O)CCC(C)CCCC)cc(OC(=O)CCC(C)CCCC)cc3OC(=O)CCC(C)CCCC)CC2)c(OC(=O)CCC(C)CCCC)c1,4.73,multiorgan
CCCCC(C)CCC(=O)Oc1cc(OC(=O)CCC(C)CCCC)c(CNCCCN2CCN(CCCNCc3c(OC(=O)CCC(C)CCCC)cc(OC(=O)CCC(C)CCCC)cc3OC(=O)CCC(C)CCCC)CC2)c(OC(=O)CCC(C)CCCC)c1,8.68,multiorgan
CCCCC(CC)CCC(=O)Oc1cc(OC(=O)CCC(CC)CCCC)c(CNCCN(C)CCNCc2c(OC(=O)CCC(CC)CCCC)cc(OC(=O)CCC(CC)CCCC)cc2OC(=O)CCC(CC)CCCC)c(OC(=O)CCC(CC)CCCC)c1,-5.67,multiorgan
CCCCC(CC)CCC(=O)Oc1cc(CNCCN(CCNCc2cc(OC(=O)CCC(CC)CCCC)cc(OC(=O)CCC(CC)CCCC)c2)CCNCc2cc(OC(=O)CCC(CC)CCCC)cc(OC(=O)CCC(CC)CCCC)c2)cc(OC(=O)CCC(CC)CCCC)c1,5.12,multiorgan
CCCCC(CC)CCC(=O)Oc1cc(OC(=O)CCC(CC)CCCC)c(CNCCN(C)CCNCc2c(OC(=O)CCC(CC)CCCC)cc(OC(=O)CCC(CC)CCCC)cc2OC(=O)CCC(CC)CCCC)c(OC(=O)CCC(CC)CCCC)c1,7.98,multiorgan
CCCCC(CC)CCC(=O)Oc1cc(OC(=O)CCC(CC)CCCC)c(CNCCCN(C)CCCNCc2c(OC(=O)CCC(CC)CCCC)cc(OC(=O)CCC(CC)CCCC)cc2OC(=O)CCC(CC)CCCC)c(OC(=O)CCC(CC)CCCC)c1,-2.49,multiorgan
CCCCC(CC)CCC(=O)Oc1cc(OC(=O)CCC(CC)CCCC)c(CNCCN2CCN(CCNCc3c(OC(=O)CCC(CC)CCCC)cc(OC(=O)CCC(CC)CCCC)cc3OC(=O)CCC(CC)CCCC)CC2)c(OC(=O)CCC(CC)CCCC)c1,2.62,multiorgan
CCCCC(CC)CCC(=O)Oc1cc(OC(=O)CCC(CC)CCCC)c(CNCCCN2CCN(CCCNCc3c(OC(=O)CCC(CC)CCCC)cc(OC(=O)CCC(CC)CCCC)cc3OC(=O)CCC(CC)CCCC)CC2)c(OC(=O)CCC(CC)CCCC)c1,5.84,multiorgan
CCCCC(CC)CCC(=O)Oc1cc(OC(=O)CCC(CC)CCCC)c(CNCCN(C)CCNCc2c(OC(=O)CCC(CC)CCCC)cc(OC(=O)CCC(CC)CCCC)cc2OC(=O)CCC(CC)CCCC)c(OC(=O)CCC(CC)CCCC)c1,-0.99,multiorgan
CCCCCCC(=O)Oc1cc(CNCCN(CCNCc2cc(OC(=O)CCCCCC)cc(OC(=O)CCCCCC)c2)CCNCc2cc(OC(=O)CCCCCC)cc(OC(=O)CCCCCC)c2)cc(OC(=O)CCCCCC)c1,8.73,multiorgan
CCCCC(CC)C(=O)Oc1cc(CNCCN(C)CCNCc2cc(OC(=O)C(CC)CCCC)cc(OC(=O)C(CC)CCCC)c2)cc(OC(=O)C(CC)CCCC)c1,-1.22,multiorgan
CCCCC(CC)C(=O)Oc1cc(CNCCCN(C)CCCNCc2cc(OC(=O)C(CC)CCCC)cc(OC(=O)C(CC)CCCC)c2)cc(OC(=O)C(CC)CCCC)c1,1.43,multiorgan
CCCCC(CC)C(=O)Oc1cc(CNCCN2CCN(CCNCc3cc(OC(=O)C(CC)CCCC)cc(OC(=O)C(CC)CCCC)c3)CC2)cc(OC(=O)C(CC)CCCC)c1,4.45,multiorgan
CCCCC(CC)C(=O)Oc1cc(CNCCCN2CCN(CCCNCc3cc(OC(=O)C(CC)CCCC)cc(OC(=O)C(CC)CCCC)c3)CC2)cc(OC(=O)C(CC)CCCC)c1,1.58,multiorgan
CCCCC(CC)CCC(=O)Oc1cc(OC(=O)CCC(CC)CCCC)c(CNCCN(C)CCNCc2c(OC(=O)CCC(CC)CCCC)cc(OC(=O)CCC(CC)CCCC)cc2OC(=O)CCC(CC)CCCC)c(OC(=O)CCC(CC)CCCC)c1,8.63,multiorgan
CCCCCCCC(=O)Oc1cc(CNCCN(CCNCc2cc(OC(=O)CCCCCCC)cc(OC(=O)CCCCCCC)c2)CCNCc2cc(OC(=O)CCCCCCC)cc(OC(=O)CCCCCCC)c2)cc(OC(=O)CCCCCCC)c1,13.27,multiorgan
CCCCC(C)C(=O)Oc1cc(CNCCN(C)CCNCc2cc(OC(=O)C(C)CCCC)cc(OC(=O)C(C)CCCC)c2)cc(OC(=O)C(C)CCCC)c1,3.88,multiorgan
CCCCC(C)C(=O)Oc1cc(CNCCN(C)C)cc(OC(=O)C(C)CCCC)c1,7.92,multiorgan
CCCCC(C)C(=O)Oc1cc(CNCCN2CCN(C)CC2)cc(OC(=O)C(C)CCCC)c1,6.51,multiorgan
CCCCC(CC)C(=O)Oc1cc(CNCCCN(C)C)cc(OC(=O)C(CC)CCCC)c1,3.32,multiorgan
CCCCCC(C)C(=O)Oc1cc(CNCCCN(CC)CC)cc(OC(=O)C(C)CCCCC)c1,-9.75,multiorgan
CCCCC(CC)C(=O)Oc1cc(CNCCCN(CC)CC)cc(OC(=O)C(CC)CCCC)c1,5.85,multiorgan
CCCCC(C)CCC(=O)Oc1cc(CNCCN(C)C)cc(OC(=O)CCC(C)CCCC)c1,1.45,multiorgan
CCCCC(C)CCC(=O)Oc1cc(CNCCCN(C)C)cc(OC(=O)CCC(C)CCCC)c1,3.96,multiorgan
CCCCC(C)CCC(=O)Oc1cc(CNCCN(CC)CC)cc(OC(=O)CCC(C)CCCC)c1,6.72,multiorgan
CCCCC(C)CCC(=O)Oc1cc(CNCCCN(CC)CC)cc(OC(=O)CCC(C)CCCC)c1,1.54,multiorgan
CCCCC(C)CCC(=O)Oc1cc(CNCCN2CCN(C)CC2)cc(OC(=O)CCC(C)CCCC)c1,6.36,multiorgan
CCCCC(CC)CCC(=O)Oc1cc(OC(=O)CCC(CC)CCCC)c(CNCCN(C)CCNCc2c(OC(=O)CCC(CC)CCCC)cc(OC(=O)CCC(CC)CCCC)cc2OC(=O)CCC(CC)CCCC)c(OC(=O)CCC(CC)CCCC)c1,4.35,multiorgan
CCCCCCCCC(=O)Oc1cc(CNCCN(CCNCc2cc(OC(=O)CCCCCCCC)cc(OC(=O)CCCCCCCC)c2)CCNCc2cc(OC(=O)CCCCCCCC)cc(OC(=O)CCCCCCCC)c2)cc(OC(=O)CCCCCCCC)c1,4.87,multiorgan
CCCCC(C)C(=O)Oc1cc(OC(=O)C(C)CCCC)c(CNCCCN(C)C)c(OC(=O)C(C)CCCC)c1,-1.85,multiorgan
CCCCC(CC)CCC(=O)Oc1cc(OC(=O)CCC(CC)CCCC)c(CNCCN(C)CCNCc2c(OC(=O)CCC(CC)CCCC)cc(OC(=O)CCC(CC)CCCC)cc2OC(=O)CCC(CC)CCCC)c(OC(=O)CCC(CC)CCCC)c1,-6.41,multiorgan
CCCCCC(C)C(=O)Oc1cc(OC(=O)C(C)CCCCC)c(CNCCN(CC)CC)c(OC(=O)C(C)CCCCC)c1,12.83,multiorgan
CCCCCCCCCC(=O)Oc1cc(CNCCN(CCNCc2cc(OC(=O)CCCCCCCCC)cc(OC(=O)CCCCCCCCC)c2)CCNCc2cc(OC(=O)CCCCCCCCC)cc(OC(=O)CCCCCCCCC)c2)cc(OC(=O)CCCCCCCCC)c1,2.31,multiorgan
CCCCC(CC)C(=O)Oc1cc(OC(=O)C(CC)CCCC)c(CNCCCN(C)C)c(OC(=O)C(CC)CCCC)c1,-1.75,multiorgan
CCCCC(CC)C(=O)Oc1cc(OC(=O)C(CC)CCCC)c(CNCCCN(CC)CC)c(OC(=O)C(CC)CCCC)c1,1.52,multiorgan
CCCCC(C)CCC(=O)Oc1cc(OC(=O)CCC(C)CCCC)c(CNCCN(C)C)c(OC(=O)CCC(C)CCCC)c1,-1.22,multiorgan
CCCCC(C)CCC(=O)Oc1cc(OC(=O)CCC(C)CCCC)c(CNCCN(CC)CC)c(OC(=O)CCC(C)CCCC)c1,-3.14,multiorgan
CCCCC(CC)CCC(=O)Oc1cc(OC(=O)CCC(CC)CCCC)c(CNCCN(C)C)c(OC(=O)CCC(CC)CCCC)c1,6.73,multiorgan
CCCCC(CC)CCC(=O)Oc1cc(OC(=O)CCC(CC)CCCC)c(CNCCN(CC)CC)c(OC(=O)CCC(CC)CCCC)c1,-3.07,multiorgan
CCCCC(CC)CCC(=O)Oc1cc(OC(=O)CCC(CC)CCCC)c(CNCCN(C)CCNCc2c(OC(=O)CCC(CC)CCCC)cc(OC(=O)CCC(CC)CCCC)cc2OC(=O)CCC(CC)CCCC)c(OC(=O)CCC(CC)CCCC)c1,2.03,multiorgan
CCCCCCCCC(CCCCCCCC)OC(CCCCCCCN(CCCCCC(OCCCCCCCCCCC)=O)CCO)=O,1.0,ear
CCCCCCCCC(CCCCCCCC)OC(CCCCCCCN(CCCCCC(OCCCCCCCCCCC)=O)CCO)=O,1.247524752,ear
CCCCCCCCC(CCCCCCCC)OC(CCCCCCCN(CCCCCC(OCCCCCCCCCCC)=O)CCO)=O,0.728543204,ear
CCCCCCCCC(CCCCCCCC)OC(CCCCCCCN(CCCCCC(OCCCCCCCCCCC)=O)CCO)=O,0.990846886,ear
CCCCCCCCC(CCCCCCCC)OC(CCCCCCCN(CCCCCC(OCCCCCCCCCCC)=O)CCO)=O,0.884659605,ear
CCCCCCCCC(CCCCCCCC)OC(CCCCCCCN(CCCCCC(OCCCCCCCCCCC)=O)CCO)=O,0.454144016,ear
CCCCCCCCC(CCCCCCCC)OC(CCCCCCCN(CCCCCC(OCCCCCCCCCCC)=O)CCO)=O,0.397323272,ear
CCCCCCCCC(CCCCCCCC)OC(CCCCCCCN(CCCCCC(OCCCCCCCCCCC)=O)CCO)=O,0.500565055,ear
CCCCCCCCC(CCCCCCCC)OC(CCCCCCCN(CCCCCC(OCCCCCCCCCCC)=O)CCO)=O,0.037226489,ear
CCCCCCCCC(CCCCCCCC)OC(CCCCCCCN(CCCCCC(OCCCCCCCCCCC)=O)CCO)=O,0.9277463,ear
CCCCCCCCC(CCCCCCCC)OC(CCCCCCCN(CCCCCC(OCCCCCCCCCCC)=O)CCO)=O,0.995298283,ear
CCCCCCCCC(CCCCCCCC)OC(CCCCCCCN(CCCCCC(OCCCCCCCCCCC)=O)CCO)=O,0.731408162,ear
CCCCCCCCC(CCCCCCCC)OC(CCCCCCCN(CCCCCC(OCCCCCCCCCCC)=O)CCO)=O,0.718286554,ear
CCCCC/C=C\C/C=C\CCCCCCCCC(CCCCCCCC/C=C\C/C=C\CCCCC)OC(CCCN(C)C)=O,0.14745213,ear
CCCCC/C=C\C/C=C\CCCCCCCCC(CCCCCCCC/C=C\C/C=C\CCCCC)OC(CCCN(C)C)=O,0.202722772,ear
CCCCC/C=C\C/C=C\CCCCCCCCC(CCCCCCCC/C=C\C/C=C\CCCCC)OC(CCCN(C)C)=O,0.002565816,ear
CCCCC/C=C\C/C=C\CCCCCCCCC(CCCCCCCC/C=C\C/C=C\CCCCC)OC(CCCN(C)C)=O,0.024724686,ear
CCCCC/C=C\C/C=C\CCCCCCCCC(CCCCCCCC/C=C\C/C=C\CCCCC)OC(CCCN(C)C)=O,0.061019493,ear
CCCCC/C=C\C/C=C\CCCCCCCCC(CCCCCCCC/C=C\C/C=C\CCCCC)OC(CCCN(C)C)=O,0.205486336,ear
CCCCC/C=C\C/C=C\CCCCCCCCC(CCCCCCCC/C=C\C/C=C\CCCCC)OC(CCCN(C)C)=O,0.010539178,ear
CCCCC/C=C\C/C=C\CCCCCCCCC(CCCCCCCC/C=C\C/C=C\CCCCC)OC(CCCN(C)C)=O,0.035274965,ear
CCCCC/C=C\C/C=C\CCCCCCCCC(CCCCCCCC/C=C\C/C=C\CCCCC)OC(CCCN(C)C)=O,0.033819211,ear
CCCCC/C=C\C/C=C\CCCCCCCCC(CCCCCCCC/C=C\C/C=C\CCCCC)OC(CCCN(C)C)=O,0.361921017,ear
CCCCC/C=C\C/C=C\CCCCCCCCC(CCCCCCCC/C=C\C/C=C\CCCCC)OC(CCCN(C)C)=O,0.14086718,ear
CCCCC(O)CN(CCCN(C)C)CC(O)CCCC,-2.004950512,liver
CCCCCC(=O)OC(CCCC)CN(CCCN(C)C)CC(CCCC)OC(=O)CCCCC,-1.487315372,liver
CCCCCCCC(=O)OC(CCCC)CN(CCCN(C)C)CC(CCCC)OC(=O)CCCCCCC,-0.293678785,liver
CCCCCCCCCC(=O)OC(CCCC)CN(CCCN(C)C)CC(CCCC)OC(=O)CCCCCCCCC,-0.056906098,liver
CCCCCCCCCCCC(=O)OC(CCCC)CN(CCCN(C)C)CC(CCCC)OC(=O)CCCCCCCCCCC,0.438110122,liver
CCCCCCCCCCCCCC(=O)OC(CCCC)CN(CCCN(C)C)CC(CCCC)OC(=O)CCCCCCCCCCCCC,-0.401180525,liver
CCCCCCC(O)CN(CCCN(C)C)CC(O)CCCCCC,-1.770114311,liver
CCCCCCC(CN(CCCN(C)C)CC(CCCCCC)OC(=O)CCCCC)OC(=O)CCCCC,0.438110122,liver
CCCCCCCC(=O)OC(CCCCCC)CN(CCCN(C)C)CC(CCCCCC)OC(=O)CCCCCCC,1.047682612,liver
CCCCCCCCCC(=O)OC(CCCCCC)CN(CCCN(C)C)CC(CCCCCC)OC(=O)CCCCCCCCC,1.48939396,liver
CCCCCCCCCCCC(=O)OC(CCCCCC)CN(CCCN(C)C)CC(CCCCCC)OC(=O)CCCCCCCCCCC,1.108239179,liver
CCCCCCCCCCCCCC(=O)OC(CCCCCC)CN(CCCN(C)C)CC(CCCCCC)OC(=O)CCCCCCCCCCCCC,0.362735914,liver
CCCCCCCCC(O)CN(CCCN(C)C)CC(O)CCCCCCCC,-1.753255864,liver
CCCCCCCCC(CN(CCCN(C)C)CC(CCCCCCCC)OC(=O)CCCCC)OC(=O)CCCCC,0.794482439,liver
CCCCCCCCC(CN(CCCN(C)C)CC(CCCCCCCC)OC(=O)CCCCCCC)OC(=O)CCCCCCC,1.727245633,liver
CCCCCCCCCC(=O)OC(CCCCCCCC)CN(CCCN(C)C)CC(CCCCCCCC)OC(=O)CCCCCCCCC,0.794482439,liver
CCCCCCCCCCCC(=O)OC(CCCCCCCC)CN(CCCN(C)C)CC(CCCCCCCC)OC(=O)CCCCCCCCCCC,0.362735914,liver
CCCCCCCCCCCCCC(=O)OC(CCCCCCCC)CN(CCCN(C)C)CC(CCCCCCCC)OC(=O)CCCCCCCCCCCCC,-0.334023913,liver
CCCCCCCCCCC(O)CN(CCCN(C)C)CC(O)CCCCCCCCCC,-1.37258911,liver
CCCCCCCCCCC(CN(CCCN(C)C)CC(CCCCCCCCCC)OC(=O)CCCCC)OC(=O)CCCCC,1.48939396,liver
CCCCCCCCCCC(CN(CCCN(C)C)CC(CCCCCCCCCC)OC(=O)CCCCCCC)OC(=O)CCCCCCC,0.890164429,liver
CCCCCCCCCCC(CN(CCCN(C)C)CC(CCCCCCCCCC)OC(=O)CCCCCCCCC)OC(=O)CCCCCCCCC,0.126473536,liver
CCCCCCCCCCCC(=O)OC(CCCCCCCCCC)CN(CCCN(C)C)CC(CCCCCCCCCC)OC(=O)CCCCCCCCCCC,-0.26537054,liver
CCCCCCCCCCCCCC(=O)OC(CCCCCCCCCC)CN(CCCN(C)C)CC(CCCCCCCCCC)OC(=O)CCCCCCCCCCCCC,-0.344625043,liver
CCCCCCCCCCCCC(O)CN(CCCN(C)C)CC(O)CCCCCCCCCCCC,-1.259447247,liver
CCCCCCCCCCCCC(CN(CCCN(C)C)CC(CCCCCCCCCCCC)OC(=O)CCCCC)OC(=O)CCCCC,0.770564798,liver
CCCCCCCCCCCCC(CN(CCCN(C)C)CC(CCCCCCCCCCCC)OC(=O)CCCCCCC)OC(=O)CCCCCCC,0.389107673,liver
CCCCCCCCCCCCC(CN(CCCN(C)C)CC(CCCCCCCCCCCC)OC(=O)CCCCCCCCC)OC(=O)CCCCCCCCC,-0.081990906,liver
CCCCCCCCCCCCC(CN(CCCN(C)C)CC(CCCCCCCCCCCC)OC(=O)CCCCCCCCCCC)OC(=O)CCCCCCCCCCC,-0.425667848,liver
CCCCCCCCCCCCCC(=O)OC(CCCCCCCCCCCC)CN(CCCN(C)C)CC(CCCCCCCCCCCC)OC(=O)CCCCCCCCCCCCC,-0.377806656,liver
CN(C)C5CN(C(C#CCCCC(=O)OC(CCCCCCCC)CCCCCCCC)(c1ccc(cc1)C(=O)OC(CC)CCCCCCCC))CC5,1.420198753,liver
C5CCCCN5C6CCN(C(C#CCCCC(=O)OC(CCCCCCCC)CCCCCCCC)(c1ccc(cc1)C(=O)OC(CC)CCCCCCCC))CC6,1.373764787,liver
CN5CCN(C(C#CCCCC(=O)OC(CCCCCCCC)CCCCCCCC)(c1ccc(cc1)C(=O)OC(CC)CCCCCCCC))CCC5,1.280043528,liver
OCCN5CCN(C(C#CCCCC(=O)OC(CCCCCCCC)CCCCCCCC)(c1ccc(cc1)C(=O)OC(CC)CCCCCCCC))CC5,1.195000226,liver
C5CCCN5C6CN(C(C#CCCCC(=O)OC(CCCCCCCC)CCCCCCCC)(c1ccc(cc1)C(=O)OC(CC)CCCCCCCC))CC6,1.124896721,liver
CCN(CC)C5CCN(C(C#CCCCC(=O)OC(CCCCCCCC)CCCCCCCC)(c1ccc(cc1)C(=O)OC(CC)CCCCCCCC))CC5,1.088792214,liver
CCN(CC)C5CCN(C(C#CCCCC(=O)OC(CCCCCCCC)CCCCCCCC)(c1ccc(cc1)C(=O)OC(CC)CCCCCCCC))C5,0.976946324,liver
C5CCCN5CCCN(C(C#CCCCC(=O)OC(CCCCCCCC)CCCCCCCC)(c1ccc(cc1)C(=O)OC(CC)CCCCCCCC))C,0.872146662,liver
CN(C)C5CCN(C(C#CCCCC(=O)OC(CCCCCCCC)CCCCCCCC)(c1ccc(cc1)C(=O)OC(CC)CCCCCCCC))CC5,0.830463893,liver
CN(C)CCN(C(C#CCCCC(=O)OC(CCCCCCCC)CCCCCCCC)(c1ccc(cc1)C(=O)OC(CC)CCCCCCCC))C,0.702537045,liver
CN(C)CCCN(C(C#CCCCC(=O)OC(CCCCCCCC)CCCCCCCC)(c1ccc(cc1)C(=O)OC(CC)CCCCCCCC))C,0.687113981,liver
CCN(CC)CCN(C(C#CCCCC(=O)OC(CCCCCCCC)CCCCCCCC)(c1ccc(cc1)C(=O)OC(CC)CCCCCCCC))CC,0.521218954,liver
CCN(CC)CCN5CCN(C(C#CCCCC(=O)OC(CCCCCCCC)CCCCCCCC)(c1ccc(cc1)C(=O)OC(CC)CCCCCCCC))CC5,0.456421461,liver
CCN5CCN(C(C#CCCCC(=O)OC(CCCCCCCC)CCCCCCCC)(c1ccc(cc1)C(=O)OC(CC)CCCCCCCC))CC5,0.317028062,liver
CN5CCN(C(C#CCCCC(=O)OC(CCCCCCCC)CCCCCCCC)(c1ccc(cc1)C(=O)OC(CC)CCCCCCCC))CC5,0.292038589,liver
C5CCCCCN5CCCN(C(C#CCCCC(=O)OC(CCCCCCCC)CCCCCCCC)(c1ccc(cc1)C(=O)OC(CC)CCCCCCCC))C,0.255440727,liver
CN5CCC(N(C(C#CCCCC(=O)OC(CCCCCCCC)CCCCCCCC)(c1ccc(cc1)C(=O)OC(CC)CCCCCCCC))C)CC5,0.208315223,liver
CN(C)C5CN(C(C#CCCCC(=O)OC(CCCCCCCC)CCCCCCCC)(c1ccc(cc1)C(=O)OC(CC)CCCCCCCC))C5,-0.15276721,liver
CCN(CC)CCCN6CCN(C(C#CCCCC(=O)OC(CCCCCCCC)CCCCCCCC)(c1ccc(cc1)C(=O)OC(CC)CCCCCCCC))CC6,-0.212150455,liver
OCCCCN(C(C#CCCCC(=O)OC(CCCCCCCC)CCCCCCCC)(c1ccc(cc1)C(=O)OC(CC)CCCCCCCC))C,-0.671353631,liver
CN(C)CCN5CCN(C(C#CCCCC(=O)OC(CCCCCCCC)CCCCCCCC)(c1ccc(cc1)C(=O)OC(CC)CCCCCCCC))CC5,-0.902189671,liver
CCN(CC)C5CN(C(C#CCCCC(=O)OC(CCCCCCCC)CCCCCCCC)(c1ccc(cc1)C(=O)OC(CC)CCCCCCCC))C5,-1.258069011,liver
O=C5NCCN(C(C#CCCCC(=O)OC(CCCCCCCC)CCCCCCCC)(c1ccc(cc1)C(=O)OC(CC)CCCCCCCC))C5,-1.545204265,liver
CN(C)C(=O)N5CCN(C(C#CCCCC(=O)OC(CCCCCCCC)CCCCCCCC)(c1ccc(cc1)C(=O)OC(CC)CCCCCCCC))CC5,-1.803441617,liver
S5C=CN=C5N6CCN(C(C#CCCCC(=O)OC(CCCCCCCC)CCCCCCCC)(c1ccc(cc1)C(=O)OC(CC)CCCCCCCC))CC6,-1.991610026,liver
CN(C(C#CCCCC(=O)OC(CCCCCCCC)CCCCCCCC)(c1ccc(cc1)C(=O)OC(CC)CCCCCCCC))C,-2.160431632,liver
CCN(CC)CCN(C)C(C#Cc2ccc(cc2)COC(=O)C(CCCCCC)CCCCCCCC)c1ccc(cc1)OC(=O)C(CCCCCC)CCCCCCCC,1.063144824,liver
CCN(CC)CCN(C)C(C#Cc2ccc(cc2)COC(=O)C(CCCCCC)CCCCCCCC)c1ccc(cc1)C(=O)OCCCCCCCCCCC,-1.361788947,liver
CCN(CC)CCN(C)C(C#Cc2ccc(cc2)COC(=O)C(CCCCCC)CCCCCCCC)c1ccc(cc1)C(=O)OC(C)CCCCCCCCCC,-1.014635768,liver
CCN(CC)CCN(C)C(C#Cc2ccc(cc2)COC(=O)C(CCCCCC)CCCCCCCC)c1ccc(cc1)C(=O)OC(CC)CCCCCCCC,-1.266636885,liver
CCN(CC)CCN(C)C(C#Cc2ccc(cc2)COC(=O)C(CCCCCC)CCCCCCCC)c1ccc(cc1)C(=O)OC(CCCCCCCC)CCCCCCCC,-1.897019564,liver
CCN(CC)CCN(C)C(C#CCCCC(=O)OCCCCCCCCCCC)c1ccc(cc1)OC(=O)C(CCCCCC)CCCCCCCC,-0.290267454,liver
CCN(CC)CCN(C)C(C#CCCCC(=O)OCCCCCCCCCCC)c1ccc(cc1)C(=O)OCCCCCCCCCCC,-1.869172677,liver
CCN(CC)CCN(C)C(C#CCCCC(=O)OCCCCCCCCCCC)c1ccc(cc1)C(=O)OC(C)CCCCCCCCCC,-0.913476382,liver
CCN(CC)CCN(C)C(C#CCCCC(=O)OCCCCCCCCCCC)c1ccc(cc1)C(=O)OC(CC)CCCCCCCC,-0.21124909,liver
CCN(CC)CCN(C)C(C#CCCCC(=O)OCCCCCCCCCCC)c1ccc(cc1)C(=O)OC(CCCCCCCC)CCCCCCCC,-0.38850273,liver
CCN(CC)CCN(C)C(C#CCCCC(=O)OC(C)CCCCCCCCCC)c1ccc(cc1)OC(=O)C(CCCCCC)CCCCCCCC,0.975372209,liver
CCN(CC)CCN(C)C(C#CCCCC(=O)OC(C)CCCCCCCCCC)c1ccc(cc1)C(=O)OCCCCCCCCCCC,-1.161077378,liver
CCN(CC)CCN(C)C(C#CCCCC(=O)OC(C)CCCCCCCCCC)c1ccc(cc1)C(=O)OC(C)CCCCCCCCCC,0.097695579,liver
CCN(CC)CCN(C)C(C#CCCCC(=O)OC(C)CCCCCCCCCC)c1ccc(cc1)C(=O)OC(CC)CCCCCCCC,0.405852919,liver
CCN(CC)CCN(C)C(C#CCCCC(=O)OC(C)CCCCCCCCCC)c1ccc(cc1)C(=O)OC(CCCCCCCC)CCCCCCCC,1.410936954,liver
CCN(CC)CCN(C)C(C#CCCCC(=O)OC(CC)CCCCCCCC)c1ccc(cc1)OC(=O)C(CCCCCC)CCCCCCCC,-0.2644843,liver
CCN(CC)CCN(C)C(C#CCCCC(=O)OC(CC)CCCCCCCC)c1ccc(cc1)C(=O)OCCCCCCCCCCC,-0.269532925,liver
CCN(CC)CCN(C)C(C#CCCCC(=O)OC(CC)CCCCCCCC)c1ccc(cc1)C(=O)OC(C)CCCCCCCCCC,0.204494121,liver
CCN(CC)CCN(C)C(C#CCCCC(=O)OC(CC)CCCCCCCC)c1ccc(cc1)C(=O)OC(CC)CCCCCCCC,0.666750925,liver
CCN(CC)CCN(C)C(C#CCCCC(=O)OC(CC)CCCCCCCC)c1ccc(cc1)C(=O)OC(CCCCCCCC)CCCCCCCC,1.494575464,liver
CCN(CC)CCN(C)C(C#CCCCC(=O)OC(CCCCCCCC)CCCCCCCC)c1ccc(cc1)OC(=O)C(CCCCCC)CCCCCCCC,0.025769106,liver
CCN(CC)CCN(C)C(C#CCCCC(=O)OC(CCCCCCCC)CCCCCCCC)c1ccc(cc1)C(=O)OCCCCCCCCCCC,0.863297394,liver
CCN(CC)CCN(C)C(C#CCCCC(=O)OC(CCCCCCCC)CCCCCCCC)c1ccc(cc1)C(=O)OC(C)CCCCCCCCCC,1.416387616,liver
CCN(CC)CCN(C)C(C#CCCCC(=O)OC(CCCCCCCC)CCCCCCCC)c1ccc(cc1)C(=O)OC(CC)CCCCCCCC,1.638383094,liver
CCN(CC)CCN(C)C(C#CCCCC(=O)OC(CCCCCCCC)CCCCCCCC)c1ccc(cc1)C(=O)OC(CCCCCCCC)CCCCCCCC,0.234255306,liver
CCN(CC)CCN(C)C(C#CCCCCOC(=O)CCCCCCCCC)c1ccc(cc1)OC(=O)C(CCCCCC)CCCCCCCC,-0.409688151,liver
CCN(CC)CCN(C)C(C#CCCCCOC(=O)CCCCCCCCC)c1ccc(cc1)C(=O)OCCCCCCCCCCC,-1.371436547,liver
CCN(CC)CCN(C)C(C#CCCCCOC(=O)CCCCCCCCC)c1ccc(cc1)C(=O)OC(C)CCCCCCCCCC,-0.564496748,liver
CCN(CC)CCN(C)C(C#CCCCCOC(=O)CCCCCCCCC)c1ccc(cc1)C(=O)OC(CC)CCCCCCCC,-0.423412661,liver
CCN(CC)CCN(C)C(C#CCCCCOC(=O)CCCCCCCCC)c1ccc(cc1)C(=O)OC(CCCCCCCC)CCCCCCCC,0.559150812,liver
CCN(CC)CCN(C)C(C#CCCCCOC(=O)C(CCCCCC)CCCCCCCC)c1ccc(cc1)OC(=O)C(CCCCCC)CCCCCCCC,-0.568230008,liver
CCN(CC)CCN(C)C(C#CCCCCOC(=O)C(CCCCCC)CCCCCCCC)c1ccc(cc1)C(=O)OCCCCCCCCCCC,-0.129377699,liver
CCN(CC)CCN(C)C(C#CCCCCOC(=O)C(CCCCCC)CCCCCCCC)c1ccc(cc1)C(=O)OC(C)CCCCCCCCCC,0.549799509,liver
CCN(CC)CCN(C)C(C#CCCCCOC(=O)C(CCCCCC)CCCCCCCC)c1ccc(cc1)C(=O)OC(CC)CCCCCCCC,0.143260343,liver
CCN(CC)CCN(C)C(C#CCCCCOC(=O)C(CCCCCC)CCCCCCCC)c1ccc(cc1)C(=O)OC(CCCCCCCC)CCCCCCCC,-0.279789892,liver
CN(C)CCCNC(=O)C(NC(=O)CCCCCCCCCCCCCCCCC)CCSCCC(=O)OCCCCCCCC/C=C\CCCCCCCC,-1.658618188,muscle
CN(C)CCCNC(=O)C(NC(=O)CCCCCCCCCCCCCCCCC)CCSCCC(=O)OCC(CC)CCCC,-0.355690453,muscle
CN(C)CCCNC(=O)C(NC(=O)CCCCCCCCCCCCCCCCC)CCSCCC(=O)OCC(CCCC)CCCCCC,-0.622747493,muscle
CN(C)CCCNC(=O)C(NC(=O)CCCCCCCCCCCCCCCCC)CCSCCC(=O)OCCCCCCCCCCCCCC,-1.033526303,muscle
CN(C)CCCNC(=O)C(NC(=O)CCCCCCCCCCCCCCCCC)CCSCCC(=O)OCCCCCCCCCCCC,-1.589414499,muscle
CN(C)CCCNC(=O)C(NC(=O)CCCCCCCCCCCCCCCCC)CCSCCC(=O)OCCCCCCCC,-1.552997289,muscle
CN(C)CCCNC(=O)C(NC(=O)CCCCCCCCCCCCCCCCC)CCSCCC(=O)OCCCCCC(C)C,-1.548370162,muscle
CN(C)CCCNC(=O)C(NC(=O)C(CCCCCC)CCCCCCCC)CCSCCC(=O)OCCCCCCCC/C=C\CCCCCCCC,-0.315211163,muscle
CN(C)CCCNC(=O)C(NC(=O)C(CCCCCC)CCCCCCCC)CCSCCC(=O)OCC(CC)CCCC,0.370236454,muscle
CN(C)CCCNC(=O)C(NC(=O)C(CCCCCC)CCCCCCCC)CCSCCC(=O)OCC(CCCC)CCCCCC,1.020282227,muscle
CN(C)CCCNC(=O)C(NC(=O)C(CCCCCC)CCCCCCCC)CCSCCC(=O)OCCCCCCCCCCCCCC,-0.845687376,muscle
CN(C)CCCNC(=O)C(NC(=O)C(CCCCCC)CCCCCCCC)CCSCCC(=O)OCCCCCCCCCCCC,-0.173956169,muscle
CN(C)CCCNC(=O)C(NC(=O)C(CCCCCC)CCCCCCCC)CCSCCC(=O)OCCCCCCCC,0.327193474,muscle
CN(C)CCCNC(=O)C(NC(=O)C(CCCCCC)CCCCCCCC)CCSCCC(=O)OCCCCCC(C)C,0.679726626,muscle
CN(C)CCCNC(=O)C(NC(=O)CCCCCCC/C=C\CCCCCCCC)CCSCCC(=O)OCCCCCCCC/C=C\CCCCCCCC,-0.315211163,muscle
CN(C)CCCNC(=O)C(NC(=O)CCCCCCC/C=C\CCCCCCCC)CCSCCC(=O)OCC(CC)CCCC,-1.759187149,muscle
CN(C)CCCNC(=O)C(NC(=O)CCCCCCC/C=C\CCCCCCCC)CCSCCC(=O)OCC(CCCC)CCCCCC,-0.617101043,muscle
CN(C)CCCNC(=O)C(NC(=O)CCCCCCC/C=C\CCCCCCCC)CCSCCC(=O)OCCCCCCCCCCCCCC,-1.452518589,muscle
CN(C)CCCNC(=O)C(NC(=O)CCCCCCC/C=C\CCCCCCCC)CCSCCC(=O)OCCCCCCCCCCCC,-1.777997144,muscle
CN(C)CCCNC(=O)C(NC(=O)CCCCCCC/C=C\CCCCCCCC)CCSCCC(=O)OCCCCCCCC,-1.69300475,muscle
CN(C)CCCNC(=O)C(NC(=O)CCCCCCC/C=C\CCCCCCCC)CCSCCC(=O)OCCCCCC(C)C,-1.759187149,muscle
CCN(CC)CCNC(=O)C(NC(=O)C(CCCCCC)CCCCCCCC)CCSCCC(=O)OCCCCCCCC/C=C\CCCCCCCC,1.837219089,muscle
CN(C)CCN(C)C(=O)C(NC(=O)C(CCCCCC)CCCCCCCC)CCSCCC(=O)OCCCCCCCC/C=C\CCCCCCCC,0.677686822,muscle
CN(C)CCNC(=O)C(NC(=O)C(CCCCCC)CCCCCCCC)CCSCCC(=O)OCCCCCCCC/C=C\CCCCCCCC,1.872648298,muscle
CN1CCN(CC1)CCNC(=O)C(NC(=O)C(CCCCCC)CCCCCCCC)CCSCCC(=O)OCCCCCCCC/C=C\CCCCCCCC,-0.109232741,muscle
C1=CN=CN1CCCNC(=O)C(NC(=O)C(CCCCCC)CCCCCCCC)CCSCCC(=O)OCCCCCCCC/C=C\CCCCCCCC,1.011114934,muscle
C1COCCN1CCCNC(=O)C(NC(=O)C(CCCCCC)CCCCCCCC)CCSCCC(=O)OCCCCCCCC/C=C\CCCCCCCC,0.701706764,muscle
C1CN(C)CCC1NC(=O)C(NC(=O)C(CCCCCC)CCCCCCCC)CCSCCC(=O)OCCCCCCCC/C=C\CCCCCCCC,0.782189135,muscle
C1CCCN1CCCNC(=O)C(NC(=O)C(CCCCCC)CCCCCCCC)CCSCCC(=O)OCCCCCCCC/C=C\CCCCCCCC,-0.039005228,muscle
OCCN(CCO)CCCNC(=O)C(NC(=O)C(CCCCCC)CCCCCCCC)CCSCCC(=O)OCCCCCCCC/C=C\CCCCCCCC,-0.373935524,muscle
C1CCCCN1CCNC(=O)C(NC(=O)C(CCCCCC)CCCCCCCC)CCSCCC(=O)OCCCCCCCC/C=C\CCCCCCCC,1.400388659,muscle
CCN(CC)CCNC(=O)C(NC(=O)C(CCCCCC)CCCCCCCC)CCSCCC(=O)OCC(CC)CCCC,-0.767997545,muscle
CN(C)CCN(C)C(=O)C(NC(=O)C(CCCCCC)CCCCCCCC)CCSCCC(=O)OCC(CC)CCCC,-1.377718515,muscle
CN(C)CCNC(=O)C(NC(=O)C(CCCCCC)CCCCCCCC)CCSCCC(=O)OCC(CC)CCCC,-0.208289553,muscle
CN1CCN(CC1)CCNC(=O)C(NC(=O)C(CCCCCC)CCCCCCCC)CCSCCC(=O)OCC(CC)CCCC,-0.903884974,muscle
C1=CN=CN1CCCNC(=O)C(NC(=O)C(CCCCCC)CCCCCCCC)CCSCCC(=O)OCC(CC)CCCC,-0.360500381,muscle
C1COCCN1CCCNC(=O)C(NC(=O)C(CCCCCC)CCCCCCCC)CCSCCC(=O)OCC(CC)CCCC,-0.955012901,muscle
C1CN(C)CCC1NC(=O)C(NC(=O)C(CCCCCC)CCCCCCCC)CCSCCC(=O)OCC(CC)CCCC,-0.299773205,muscle
C1CCCN1CCCNC(=O)C(NC(=O)C(CCCCCC)CCCCCCCC)CCSCCC(=O)OCC(CC)CCCC,-1.045099017,muscle
OCCN(CCO)CCCNC(=O)C(NC(=O)C(CCCCCC)CCCCCCCC)CCSCCC(=O)OCC(CC)CCCC,-0.203655088,muscle
C1CCCCN1CCNC(=O)C(NC(=O)C(CCCCCC)CCCCCCCC)CCSCCC(=O)OCC(CC)CCCC,0.097636064,muscle
CCN(CC)CCNC(=O)C(NC(=O)C(CCCCCC)CCCCCCCC)CCSCCC(=O)OCC(CCCC)CCCCCC,1.859274648,muscle
CN(C)CCN(C)C(=O)C(NC(=O)C(CCCCCC)CCCCCCCC)CCSCCC(=O)OCC(CCCC)CCCCCC,1.337825986,muscle
CN(C)CCNC(=O)C(NC(=O)C(CCCCCC)CCCCCCCC)CCSCCC(=O)OCC(CCCC)CCCCCC,2.159423753,muscle
CN1CCN(CC1)CCNC(=O)C(NC(=O)C(CCCCCC)CCCCCCCC)CCSCCC(=O)OCC(CCCC)CCCCCC,0.775313726,muscle
C1=CN=CN1CCCNC(=O)C(NC(=O)C(CCCCCC)CCCCCCCC)CCSCCC(=O)OCC(CCCC)CCCCCC,1.406878814,muscle
C1COCCN1CCCNC(=O)C(NC(=O)C(CCCCCC)CCCCCCCC)CCSCCC(=O)OCC(CCCC)CCCCCC,0.034222425,muscle
C1CN(C)CCC1NC(=O)C(NC(=O)C(CCCCCC)CCCCCCCC)CCSCCC(=O)OCC(CCCC)CCCCCC,1.771887858,muscle
C1CCCN1CCCNC(=O)C(NC(=O)C(CCCCCC)CCCCCCCC)CCSCCC(=O)OCC(CCCC)CCCCCC,1.251141719,muscle
OCCN(CCO)CCCNC(=O)C(NC(=O)C(CCCCCC)CCCCCCCC)CCSCCC(=O)OCC(CCCC)CCCCCC,1.152050756,muscle
C1CCCCN1CCNC(=O)C(NC(=O)C(CCCCCC)CCCCCCCC)CCSCCC(=O)OCC(CCCC)CCCCCC,1.657748843,muscle
CCN(CC)CCNC(=O)C(NC(=O)C(CCCCCC)CCCCCCCC)CCSCCC(=O)OCCCCCCCCCCCCCC,1.400388659,muscle
CN(C)CCN(C)C(=O)C(NC(=O)C(CCCCCC)CCCCCCCC)CCSCCC(=O)OCCCCCCCCCCCCCC,1.186411392,muscle
CN(C)CCNC(=O)C(NC(=O)C(CCCCCC)CCCCCCCC)CCSCCC(=O)OCCCCCCCCCCCCCC,1.426495367,muscle
CN1CCN(CC1)CCNC(=O)C(NC(=O)C(CCCCCC)CCCCCCCC)CCSCCC(=O)OCCCCCCCCCCCCCC,0.808909354,muscle
C1=CN=CN1CCCNC(=O)C(NC(=O)C(CCCCCC)CCCCCCCC)CCSCCC(=O)OCCCCCCCCCCCCCC,0.438684861,muscle
C1COCCN1CCCNC(=O)C(NC(=O)C(CCCCCC)CCCCCCCC)CCSCCC(=O)OCCCCCCCCCCCCCC,0.393954612,muscle
C1CN(C)CCC1NC(=O)C(NC(=O)C(CCCCCC)CCCCCCCC)CCSCCC(=O)OCCCCCCCCCCCCCC,0.823419413,muscle
C1CCCN1CCCNC(=O)C(NC(=O)C(CCCCCC)CCCCCCCC)CCSCCC(=O)OCCCCCCCCCCCCCC,-1.283224008,muscle
OCCN(CCO)CCCNC(=O)C(NC(=O)C(CCCCCC)CCCCCCCC)CCSCCC(=O)OCCCCCCCCCCCCCC,0.373684268,muscle
C1CCCCN1CCNC(=O)C(NC(=O)C(CCCCCC)CCCCCCCC)CCSCCC(=O)OCCCCCCCCCCCCCC,0.327193474,muscle
CCN(CC)CCNC(=O)C(NC(=O)C(CCCCCC)CCCCCCCC)CCSCCC(=O)OCCCCCCCCCCCC,1.289671455,muscle
CN(C)CCN(C)C(=O)C(NC(=O)C(CCCCCC)CCCCCCCC)CCSCCC(=O)OCCCCCCCCCCCC,0.659000944,muscle
CN(C)CCNC(=O)C(NC(=O)C(CCCCCC)CCCCCCCC)CCSCCC(=O)OCCCCCCCCCCCC,1.402165863,muscle
CN1CCN(CC1)CCNC(=O)C(NC(=O)C(CCCCCC)CCCCCCCC)CCSCCC(=O)OCCCCCCCCCCCC,-0.07713981,muscle
C1=CN=CN1CCCNC(=O)C(NC(=O)C(CCCCCC)CCCCCCCC)CCSCCC(=O)OCCCCCCCCCCCC,-0.230094626,muscle
C1COCCN1CCCNC(=O)C(NC(=O)C(CCCCCC)CCCCCCCC)CCSCCC(=O)OCCCCCCCCCCCC,-0.269035956,muscle
C1CN(C)CCC1NC(=O)C(NC(=O)C(CCCCCC)CCCCCCCC)CCSCCC(=O)OCCCCCCCCCCCC,0.48309125,muscle
C1CCCN1CCCNC(=O)C(NC(=O)C(CCCCCC)CCCCCCCC)CCSCCC(=O)OCCCCCCCCCCCC,-0.985868318,muscle
OCCN(CCO)CCCNC(=O)C(NC(=O)C(CCCCCC)CCCCCCCC)CCSCCC(=O)OCCCCCCCCCCCC,0.28474292,muscle
C1CCCCN1CCNC(=O)C(NC(=O)C(CCCCCC)CCCCCCCC)CCSCCC(=O)OCCCCCCCCCCCC,1.049120103,muscle
CCN(CC)CCNC(=O)C(NC(=O)C(CCCCCC)CCCCCCCC)CCSCCC(=O)OCCCCCCCC,-0.854056057,muscle
CN(C)CCN(C)C(=O)C(NC(=O)C(CCCCCC)CCCCCCCC)CCSCCC(=O)OCCCCCCCC,-0.618977138,muscle
CN(C)CCNC(=O)C(NC(=O)C(CCCCCC)CCCCCCCC)CCSCCC(=O)OCCCCCCCC,-0.073434009,muscle
CN1CCN(CC1)CCNC(=O)C(NC(=O)C(CCCCCC)CCCCCCCC)CCSCCC(=O)OCCCCCCCC,-0.678257948,muscle
C1=CN=CN1CCCNC(=O)C(NC(=O)C(CCCCCC)CCCCCCCC)CCSCCC(=O)OCCCCCCCC,0.612926577,muscle
C1COCCN1CCCNC(=O)C(NC(=O)C(CCCCCC)CCCCCCCC)CCSCCC(=O)OCCCCCCCC,-0.575534012,muscle
C1CN(C)CCC1NC(=O)C(NC(=O)C(CCCCCC)CCCCCCCC)CCSCCC(=O)OCCCCCCCC,-0.195404556,muscle
C1CCCN1CCCNC(=O)C(NC(=O)C(CCCCCC)CCCCCCCC)CCSCCC(=O)OCCCCCCCC,-0.775317929,muscle
OCCN(CCO)CCCNC(=O)C(NC(=O)C(CCCCCC)CCCCCCCC)CCSCCC(=O)OCCCCCCCC,0.225832353,muscle
C1CCCCN1CCNC(=O)C(NC(=O)C(CCCCCC)CCCCCCCC)CCSCCC(=O)OCCCCCCCC,0.447840186,muscle
CCN(CC)CCNC(=O)C(NC(=O)C(CCCCCC)CCCCCCCC)CCSCCC(=O)OCCCCCC(C)C,-0.785223302,muscle
CN(C)CCN(C)C(=O)C(NC(=O)C(CCCCCC)CCCCCCCC)CCSCCC(=O)OCCCCCC(C)C,-0.120334354,muscle
CN(C)CCNC(=O)C(NC(=O)C(CCCCCC)CCCCCCCC)CCSCCC(=O)OCCCCCC(C)C,-0.466084483,muscle
CN1CCN(CC1)CCNC(=O)C(NC(=O)C(CCCCCC)CCCCCCCC)CCSCCC(=O)OCCCCCC(C)C,-0.630361972,muscle
C1=CN=CN1CCCNC(=O)C(NC(=O)C(CCCCCC)CCCCCCCC)CCSCCC(=O)OCCCCCC(C)C,-0.35091979,muscle
C1COCCN1CCCNC(=O)C(NC(=O)C(CCCCCC)CCCCCCCC)CCSCCC(=O)OCCCCCC(C)C,-0.871161757,muscle
C1CN(C)CCC1NC(=O)C(NC(=O)C(CCCCCC)CCCCCCCC)CCSCCC(=O)OCCCCCC(C)C,-0.471899487,muscle
C1CCCN1CCCNC(=O)C(NC(=O)C(CCCCCC)CCCCCCCC)CCSCCC(=O)OCCCCCC(C)C,-1.430260238,muscle
OCCN(CCO)CCCNC(=O)C(NC(=O)C(CCCCCC)CCCCCCCC)CCSCCC(=O)OCCCCCC(C)C,0.179792575,muscle
C1CCCCN1CCNC(=O)C(NC(=O)C(CCCCCC)CCCCCCCC)CCSCCC(=O)OCCCCCC(C)C,-0.540002195,muscle
CCCCC/C=C\C/C=C\CCCCCCC(O)CN(CC(O)CCCCCC/C=C\C/C=C\CCCCC)CCCCC1C(NC(C(N1)=O)CCCCN(CC(O)CCCCCC/C=C\C/C=C\CCCCC)CC(O)CCCCCC/C=C\C/C=C\CCCCC)=O,1.239811228,muscle
CCCCC/C=C\C/C=C\CCCCCCC(O)CN(CC(O)CCCCCC/C=C\C/C=C\CCCCC)CCCCC1C(NC(C(N1)=O)CCCCN(CC(O)CCCCCC/C=C\C/C=C\CCCCC)CC(O)CCCCCC/C=C\C/C=C\CCCCC)=O,1.745856628,muscle
CCCCC/C=C\C/C=C\CCCCCCC(O)CN(CC(O)CCCCCC/C=C\C/C=C\CCCCC)CCCCC1C(NC(C(N1)=O)CCCCN(CC(O)CCCCCC/C=C\C/C=C\CCCCC)CC(O)CCCCCC/C=C\C/C=C\CCCCC)=O,-0.05060454,muscle
CCCCC/C=C\C/C=C\CCCCCCC(O)CN(CC(O)CCCCCC/C=C\C/C=C\CCCCC)CCCCC1C(NC(C(N1)=O)CCCCN(CC(O)CCCCCC/C=C\C/C=C\CCCCC)CC(O)CCCCCC/C=C\C/C=C\CCCCC)=O,-0.632556749,muscle
CCCCC/C=C\C/C=C\CCCCCCC(O)CN(CC(O)CCCCCC/C=C\C/C=C\CCCCC)CCCCC1C(NC(C(N1)=O)CCCCN(CC(O)CCCCCC/C=C\C/C=C\CCCCC)CC(O)CCCCCC/C=C\C/C=C\CCCCC)=O,0.07590681,muscle
CCCCC/C=C\C/C=C\CCCCCCC(O)CN(CC(O)CCCCCC/C=C\C/C=C\CCCCC)CCCCC1C(NC(C(N1)=O)CCCCN(CC(O)CCCCCC/C=C\C/C=C\CCCCC)CC(O)CCCCCC/C=C\C/C=C\CCCCC)=O,-1.062695339,muscle
CCCCC/C=C\C/C=C\CCCCCCC(O)CN(CC(O)CCCCCC/C=C\C/C=C\CCCCC)CCCCC1C(NC(C(N1)=O)CCCCN(CC(O)CCCCCC/C=C\C/C=C\CCCCC)CC(O)CCCCCC/C=C\C/C=C\CCCCC)=O,-0.581952209,muscle
CCCCC/C=C\C/C=C\CCCCCCC(O)CN(CC(O)CCCCCC/C=C\C/C=C\CCCCC)CCCCC1C(NC(C(N1)=O)CCCCN(CC(O)CCCCCC/C=C\C/C=C\CCCCC)CC(O)CCCCCC/C=C\C/C=C\CCCCC)=O,-0.733765829,muscle
CCN(C)CCCN(C(=O)CCCCCCCC(=O)OCC(CCCC)CCCCCC)C(CCCCCCCCC(=O)OCC(CCCC)CCCCCC)C(=O)NCCCCCCCCC,-0.761023612054579,bone_marrow
CCCN(C)CCCN(C(=O)CCCCCCCC(=O)OCC(CCCC)CCCCCC)C(CCCCCCCCC(=O)OCC(CCCC)CCCCCC)C(=O)NCCCCCCCCC,-0.773190467841125,bone_marrow
CCCN(CC)CCCN(C(=O)CCCCCCCC(=O)OCC(CCCC)CCCCCC)C(CCCCCCCCC(=O)OCC(CCCC)CCCCCC)C(=O)NCCCCCCCCC,-0.736689900481486,bone_marrow
CCCN(CCC)CCCN(C(=O)CCCCCCCC(=O)OCC(CCCC)CCCCCC)C(CCCCCCCCC(=O)OCC(CCCC)CCCCCC)C(=O)NCCCCCCCCC,-0.316933375845641,bone_marrow
C=C(C)CN(CC)CCCN(C(=O)CCCCCCCC(=O)OCC(CCCC)CCCCCC)C(CCCCCCCCC(=O)OCC(CCCC)CCCCCC)C(=O)NCCCCCCCCC,-0.736689900481486,bone_marrow
C=CCN(CC=C)CCCN(C(=O)CCCCCCCC(=O)OCC(CCCC)CCCCCC)C(CCCCCCCCC(=O)OCC(CCCC)CCCCCC)C(=O)NCCCCCCCCC,-0.550131445006665,bone_marrow
CC(C)N(C)CCCN(C(=O)CCCCCCCC(=O)OCC(CCCC)CCCCCC)C(CCCCCCCCC(=O)OCC(CCCC)CCCCCC)C(=O)NCCCCCCCCC,0.260992274015306,bone_marrow
CCN(C(C)C)CCCN(C(=O)CCCCCCCC(=O)OCC(CCCC)CCCCCC)C(CCCCCCCCC(=O)OCC(CCCC)CCCCCC)C(=O)NCCCCCCCCC,-0.0229010277518858,bone_marrow
C#CCN(C)CCCN(C(=O)CCCCCCCC(=O)OCC(CCCC)CCCCCC)C(CCCCCCCCC(=O)OCC(CCCC)CCCCCC)C(=O)NCCCCCCCCC,-0.298683092165821,bone_marrow
NC(=O)C(C)N(CC)CCCN(C(=O)CCCCCCCC(=O)OCC(CCCC)CCCCCC)C(CCCCCCCCC(=O)OCC(CCCC)CCCCCC)C(=O)NCCCCCCCCC,-0.590687631042931,bone_marrow
C=CCN(C)CCCN(C(=O)CCCCCCCC(=O)OCC(CCCC)CCCCCC)C(CCCCCCCCC(=O)OCC(CCCC)CCCCCC)C(=O)NCCCCCCCCC,0.108906576683478,bone_marrow
CCCCCN(C)CCCN(C(=O)CCCCCCCC(=O)OCC(CCCC)CCCCCC)C(CCCCCCCCC(=O)OCC(CCCC)CCCCCC)C(=O)NCCCCCCCCC,-0.438601933711103,bone_marrow
CCC(C)N(C)CCCN(C(=O)CCCCCCCC(=O)OCC(CCCC)CCCCCC)C(CCCCCCCCC(=O)OCC(CCCC)CCCCCC)C(=O)NCCCCCCCCC,-0.0229010277518858,bone_marrow
C1CC1N(C)CCCN(C(=O)CCCCCCCC(=O)OCC(CCCC)CCCCCC)C(CCCCCCCCC(=O)OCC(CCCC)CCCCCC)C(=O)NCCCCCCCCC,-0.377767654778372,bone_marrow
C1CC1N(CC)CCCN(C(=O)CCCCCCCC(=O)OCC(CCCC)CCCCCC)C(CCCCCCCCC(=O)OCC(CCCC)CCCCCC)C(=O)NCCCCCCCCC,0.0041364295245129,bone_marrow
C1CCCC1N(C)CCCN(C(=O)CCCCCCCC(=O)OCC(CCCC)CCCCCC)C(CCCCCCCCC(=O)OCC(CCCC)CCCCCC)C(=O)NCCCCCCCCC,-0.347350515312006,bone_marrow
C1CCCCC1N(C)CCCN(C(=O)CCCCCCCC(=O)OCC(CCCC)CCCCCC)C(CCCCCCCCC(=O)OCC(CCCC)CCCCCC)C(=O)NCCCCCCCCC,0.413077971347134,bone_marrow
OCCN(CC)CCCN(C(=O)CCCCCCCC(=O)OCC(CCCC)CCCCCC)C(CCCCCCCCC(=O)OCC(CCCC)CCCCCC)C(=O)NCCCCCCCCC,-0.509575259213735,bone_marrow
OCCN(CCO)CCCN(C(=O)CCCCCCCC(=O)OCC(CCCC)CCCCCC)C(CCCCCCCCC(=O)OCC(CCCC)CCCCCC)C(=O)NCCCCCCCCC,0.409698289157166,bone_marrow
CCN(CC)CCCN(C(=O)CCCCCCC(=O)OCC(CCCC)CCCCCC)C(CCCCCCCCC(=O)OCC(CCCC)CCCCCC)C(=O)NCCCCCCCC,-0.61772508831933,bone_marrow
CCN(CC)CCCN(C(=O)CCCCCCCCC(=O)OCC(CCCC)CCCCCC)C(CCCCCCCCC(=O)OCC(CCCC)CCCCCC)C(=O)NCCCCCCCC,0.291409413481671,bone_marrow
CCN(CC)CCCN(C(=O)CCCCCCCCCC(=O)OCC(CCCC)CCCCCC)C(CCCCCCCCC(=O)OCC(CCCC)CCCCCC)C(=O)NCCCCCCCC,-0.266238143482811,bone_marrow
CCN(CC)CCCN(C(=O)CCCCCCOP(=O)(O)OCC(CCCC)CCCCCC)C(CCCCCCCOP(O)(=O)OCC(CCCC)CCCCCC)C(=O)NCCCCCCCCC,-0.590687631042931,bone_marrow
CCN(CC)CCCN(C(=O)CCCCCCCC(=O)OCC(CCCC)CCCCCC)C(CCCSSCCCC(=O)OCC(CCCC)CCCCCC)C(=O)NCCCCCCCCC,-0.374387972588405,bone_marrow
CCN(CC)CCCN(C(=O)CCCSSCCCC(=O)OCC(CCCC)CCCCCC)C(CCCCCCCCC(=O)OCC(CCCC)CCCCCC)C(=O)NCCCCCCCCC,0.260992274015306,bone_marrow
CCN(CC)CCCN(C(=O)CCCSSCCCC(=O)OCC(CCCC)CCCCCC)C(CCCSSCCCC(=O)OCC(CCCC)CCCCCC)C(=O)NCCCCCCCCC,0.247473545255438,bone_marrow
CCN(CC)CCCN(C(=O)CCCCCC(=O)OCC(CCCCCC)CCCCCCCC)C(CCCCCCC(=O)OCC(CCCCCC)CCCCCCCC)C(=O)NCCCCCCCCC,1.26475787640537,bone_marrow
CCN(CC)CCN(C(=O)CCCCCCC(=O)OC)C(CCCCCC(=O)OCC(CCCCCC)CCCCCCCC)C(=O)NCCCC(=O)OCC(CCCCCC)CCCCCCCC,1.18567331379282,bone_marrow
CCN(CC)CCN(C(=O)CCCCC(=O)OC)C(CCCCCC(=O)OCC(CCCCCC)CCCCCCCC)C(=O)NCCCC(=O)OCC(CCCCCC)CCCCCCCC,-0.104013399581082,bone_marrow
CCN(CC)CCN(C(=O)CCCCC(=O)OC)C(CCCCCC(=O)OCC(CCCCCC)CCCCCCCC)C(=O)NCCCCC(=O)OCC(CCCCCC)CCCCCCCC,-0.517686496323654,bone_marrow
CCN(CC)CCCN(C(=O)CCCCCCCC(=O)OCC(CCCC)CCCCCC)C(CCOC(=O)CCC(OCCCC/C=C\CC)OCCCC/C=C\CC)C(=O)NCCCCCCCC,-0.469019073177469,bone_marrow
CCN(CC)CCCN(C(=O)CCCCCCCC(=O)OCC(CCCC)CCCCCC)C(CCCOC(=O)CCC(OCCCC/C=C\CC)OCCCC/C=C\CC)C(=O)NCCCCCCCC,-0.164847678513813,bone_marrow
CCN(CC)CCCN(C(=O)CCCCOC(=O)CCC(OCCCC/C=C\CC)OCCCC/C=C\CC)C(CCCCCCCCC(=O)OCC(CCCC)CCCCCC)C(=O)NCCCCCCCCC,-0.469019073177469,bone_marrow
CCN(CC)CCCN(C(=O)CCC(OCCCC/C=C\CC)OCCCC/C=C\CC)C(CCCCCCCCC(=O)OCC(CCCC)CCCCCC)C(=O)NCCCCCCCCC,0.0480722977507464,bone_marrow
OCCCN(CC)CCCN(C(=O)CCCCCCCC(=O)OCC(CCCC)CCCCCC)C(CCCCCCCCC(=O)OCC(CCCC)CCCCCC)C(=O)NCCCCCCCCC,-0.225681957446544,bone_marrow
OCCN(C)CCCN(C(=O)CCCCCCCC(=O)OCC(CCCC)CCCCCC)C(CCCCCCCCC(=O)OCC(CCCC)CCCCCC)C(=O)NCCCCCCCCC,0.17987990218611,bone_marrow
NC(=O)CCN(C)CCCN(C(=O)CCCCCCCC(=O)OCC(CCCC)CCCCCC)C(CCCCCCCCC(=O)OCC(CCCC)CCCCCC)C(=O)NCCCCCCCCC,3.81979759158008,bone_marrow
CNC(=O)CCN(C)CCCN(C(=O)CCCCCCCC(=O)OCC(CCCC)CCCCCC)C(CCCCCCCCC(=O)OCC(CCCC)CCCCCC)C(=O)NCCCCCCCCC,0.838917923876252,bone_marrow
CCN(CC)CCN(CC)CCCN(C(=O)CCCCCCCC(=O)OCC(CCCC)CCCCCC)C(CCCCCCCCC(=O)OCC(CCCC)CCCCCC)C(=O)NCCCCCCCCC,-0.298683092165821,bone_marrow
CCN(CC)CCCN(C(=O)CCCCCCCC(=O)OCC(CCCC)CCCCCC)C(CCCCCCCCC(=O)OCC(CCCC)CCCCCC)C(=O)NCCCCCCCCC,0.730285283272571,bone_marrow
C1CS(=O)(=O)CCN1CCCN(C(=O)CCCCCCCC(=O)OCC(CCCC)CCCCCC)C(CCCCCCCCC(=O)OCC(CCCC)CCCCCC)C(=O)NCCCCCCCCC,-0.377767654778372,bone_marrow
C1CS(=O)CCN1CCCN(C(=O)CCCCCCCC(=O)OCC(CCCC)CCCCCC)C(CCCCCCCCC(=O)OCC(CCCC)CCCCCC)C(=O)NCCCCCCCCC,-0.80360760730749,bone_marrow
C1C(O)CN1CCCN(C(=O)CCCCCCCC(=O)OCC(CCCC)CCCCCC)C(CCCCCCCCC(=O)OCC(CCCC)CCCCCC)C(=O)NCCCCCCCCC,0.078489437217112,bone_marrow
C1C(C)CN1CCCN(C(=O)CCCCCCCC(=O)OCC(CCCC)CCCCCC)C(CCCCCCCCC(=O)OCC(CCCC)CCCCCC)C(=O)NCCCCCCCCC,0.139323716149843,bone_marrow
C1C2(COC2)CN1CCCN(C(=O)CCCCCCCC(=O)OCC(CCCC)CCCCCC)C(CCCCCCCCC(=O)OCC(CCCC)CCCCCC)C(=O)NCCCCCCCCC,-0.0127619811819848,bone_marrow
C1C(F)CN1CCCN(C(=O)CCCCCCCC(=O)OCC(CCCC)CCCCCC)C(CCCCCCCCC(=O)OCC(CCCC)CCCCCC)C(=O)NCCCCCCCCC,-0.438601933711103,bone_marrow
C1C(C)(C)CN1CCCN(C(=O)CCCCCCCC(=O)OCC(CCCC)CCCCCC)C(CCCCCCCCC(=O)OCC(CCCC)CCCCCC)C(=O)NCCCCCCCCC,0.650331659184785,bone_marrow
C1C(O)CCN1CCCN(C(=O)CCCCCCCC(=O)OCC(CCCC)CCCCCC)C(CCCCCCCCC(=O)OCC(CCCC)CCCCCC)C(=O)NCCCCCCCCC,0.565163668678962,bone_marrow
C1C(O)C(O)CN1CCCN(C(=O)CCCCCCCC(=O)OCC(CCCC)CCCCCC)C(CCCCCCCCC(=O)OCC(CCCC)CCCCCC)C(=O)NCCCCCCCCC,0.625997947611693,bone_marrow
C1C(O)C(O)CN1CCCN(C(=O)CCCCCCCC(=O)OCC(CCCC)CCCCCC)C(CCCCCCCCC(=O)OCC(CCCC)CCCCCC)C(=O)NCCCCCCCCC,0.761185235210372,bone_marrow
NC(=O)C1CCCN1CCCN(C(=O)CCCCCCCC(=O)OCC(CCCC)CCCCCC)C(CCCCCCCCC(=O)OCC(CCCC)CCCCCC)C(=O)NCCCCCCCCC,1.24785946667222,bone_marrow
NC(=O)C1CCCN1CCCN(C(=O)CCCCCCCC(=O)OCC(CCCC)CCCCCC)C(CCCCCCCCC(=O)OCC(CCCC)CCCCCC)C(=O)NCCCCCCCCC,0.808500784409886,bone_marrow
C1C(F)CCN1CCCN(C(=O)CCCCCCCC(=O)OCC(CCCC)CCCCCC)C(CCCCCCCCC(=O)OCC(CCCC)CCCCCC)C(=O)NCCCCCCCCC,0.417423277019948,bone_marrow
C1C(F)CCN1CCCN(C(=O)CCCCCCCC(=O)OCC(CCCC)CCCCCC)C(CCCCCCCCC(=O)OCC(CCCC)CCCCCC)C(=O)NCCCCCCCCC,0.960586481741714,bone_marrow
OCC1CCCN1CCCN(C(=O)CCCCCCCC(=O)OCC(CCCC)CCCCCC)C(CCCCCCCCC(=O)OCC(CCCC)CCCCCC)C(=O)NCCCCCCCCC,1.99476922359814,bone_marrow
OCC1CCCN1CCCN(C(=O)CCCCCCCC(=O)OCC(CCCC)CCCCCC)C(CCCCCCCCC(=O)OCC(CCCC)CCCCCC)C(=O)NCCCCCCCCC,1.59934641053539,bone_marrow
C1CC(C)(C)CN1CCCN(C(=O)CCCCCCCC(=O)OCC(CCCC)CCCCCC)C(CCCCCCCCC(=O)OCC(CCCC)CCCCCC)C(=O)NCCCCCCCCC,1.05183790014081,bone_marrow
C1C(C(=O)OC)CN1CCCN(C(=O)CCCCCCCC(=O)OCC(CCCC)CCCCCC)C(CCCCCCCCC(=O)OCC(CCCC)CCCCCC)C(=O)NCCCCCCCCC,-0.195264817980178,bone_marrow
C1C(O)(C)CCN1CCCN(C(=O)CCCCCCCC(=O)OCC(CCCC)CCCCCC)C(CCCCCCCCC(=O)OCC(CCCC)CCCCCC)C(=O)NCCCCCCCCC,0.208848606428204,bone_marrow
CCN(CC)CCCN(C(=O)CCCCCCCC(=O)OCC(CCCC)CCCCCC)C(CCCCCCCCC(=O)OCC(CCCC)CCCCCC)C(=O)NCCCCCCCCC,-0.347350515312006,bone_marrow
CCN(CC)CCCN(C(=O)CCCCCCCC(=O)OCC(CCCC)CCCCCC)C(CCCCCCCCC(=O)NCC(CCCC)CCCCCC)C(=O)NCCCCCCCCC,-0.688022477335301,bone_marrow
CCN(CC)CCCN(C(=O)CCCCCCCC(=O)NCC(CCCC)CCCCCC)C(CCCCCCCCC(=O)OCC(CCCC)CCCCCC)C(=O)NCCCCCCCCC,0.423217017917034,bone_marrow
C1CC(OC)CN1CCCN(C(=O)CCCCCCCC(=O)OCC(CCCC)CCCCCC)C(CCCCCCCCC(=O)OCC(CCCC)CCCCCC)C(=O)NCCCCCCCCC,1.234340736939,bone_marrow
C1/C=C\CN1CCCN(C(=O)CCCCCCCC(=O)OCC(CCCC)CCCCCC)C(CCCCCCCCC(=O)OCC(CCCC)CCCCCC)C(=O)NCCCCCCCCC,0.869335063342617,bone_marrow
CCN(CC)CCCN(C(=O)CCCCCCCC(=O)OCC(CCC)CCCCC)C(CCCCCCCCC(=O)OCC(CCC)CCCCC)C(=O)NCCCCCCCCC,1.38304675183753,bone_marrow
CCN(CC)CCCN(C(=O)CCCCCCCC(=O)OCC(CCCCC)CCCCCCC)C(CCCCCCCCC(=O)OCC(CCCCC)CCCCCCC)C(=O)NCCCCCCCC,0.960586481741714,bone_marrow
CCN(CC)CCCN(C(=O)CCCCCCCC(=O)OCC(CCCCCC)CCCCCCCC)C(CCCCCCCCC(=O)OCC(CCCCCC)CCCCCCCC)C(=O)NCCCCCCCC,1.234340736939,bone_marrow
CCN(CC)CCCN(C(=O)CCCCCCCC(=O)OCC(CCCC)CCCCCC)C(CCCCCCCCC(=O)OCC(CCCC)CCCCCC)C(=O)NCCCCCCC,2.2989406182618,bone_marrow
CCN(CC)CCCN(C(=O)CCCCCCCC(=O)OCC(CCCC)CCCCCC)C(CCCCCCCCC(=O)OCC(CCCC)CCCCCC)C(=O)NCCCCCCCCC,2.66394629185819,bone_marrow
CCN(CC)CCCN(C(=O)CCCCCCCC(=O)OCC(CCCC)CCCCCC)C(CCCCCCCCC(=O)OCC(CCCC)CCCCCC)C(=O)NCCCCCCCCCC,-0.408184794244738,bone_marrow
CCN(CC)CCCN(C(=O)CCCCCCCC(=O)OCC(CCCC)CCCCCC)C(CCCCCCCCC(=O)OCC(CCCC)CCCCCC)C(=O)NCCCCCC(=O)OC,3.68509311645284,bone_marrow
CCN(CC)CCCN(C(=O)CCCCCCCC(=O)OCC(CCCC)CCCCCC)C(CCCCCCCCC(=O)OCC(CCCC)CCCCCC)C(=O)NCCCC(=O)OC,2.81603198919002,bone_marrow
CCN(CC)CCN(CC)CCCN(C(=O)CCCCCCC(=O)OC)C(CCCCCC(=O)OCC(CCCCCC)CCCCCCCC)C(=O)NCCCCC(=O)OCC(CCCCCC)CCCCCCCC,-0.316933375845641,bone_marrow
CCN(CC)CCCN(C(=O)CCCCCCCC(=O)OCC(CCCC)CCCCCC)C(CCCCCCCCC(=O)OCC(CCC)CCCCC)C(=O)NCCCCCCCCC,-0.266238143482811,bone_marrow
CCN(CC)CCCN(C(=O)CCCCCCC(=O)OC)C(CCCCCC(=O)OCC(CCCCCC)CCCCCCCC)C(=O)NCCCC(=O)OCC(CCCCCC)CCCCCCCC,-0.073596260114716,bone_marrow
CCN(CC)CCCN(C(=O)CCCCC(=O)OC)C(CCCCCC(=O)OCC(CCCCCC)CCCCCCCC)C(=O)NCCCC(=O)OCC(CCCCCC)CCCCCCCC,0.321826552948037,bone_marrow
CCN(CC)CCCN(C(=O)CCCCCCCCC(=O)OC(CCCC)CCCCCC)C(CCCCCCCCCC(=O)OC(CCCC)CCCCCC)C(=O)NCCCCCCCCC,0.321826552948037,bone_marrow
CCN(CC)CCCN(C(=O)CCCCCCCC(=O)OCC(CCCC)CCCCCC)C(CCCCCCCCC(=O)OCC(CCCC)CCCCCC)C(=O)NCCCCCCCCC(=O)OCC(CCCC)CCCCCC,0.382660831880768,bone_marrow
CCN(CC)CCCN(C(=O)CCCCCCNC(=O)NCC(CCCC)CCCCCC)C(CCCCCCCNC(=O)NCC(CCCC)CCCCCC)C(=O)NCCCCCCCCC,-0.104013399581082,bone_marrow
CCN(CC)CCCN(C(=O)CCCCCCOC(=O)NCC(CCCC)CCCCCC)C(CCCCCCCOC(=O)NCC(CCCC)CCCCCC)C(=O)NCCCCCCCCC,0.260992274015306,bone_marrow
CCN(CC)CCCN(C(=O)CCCCCCOC(=O)OCC(CCCC)CCCCCC)C(CCCCCCCOC(=O)OCC(CCCC)CCCCCC)C(=O)NCCCCCCCCC,0.174086161289024,bone_marrow
CCN(CC)CCCN(C(=O)CCCCCCOC(=O)SCC(CCCC)CCCCCC)C(CCCCCCCOC(=O)SCC(CCCC)CCCCCC)C(=O)NCCCCCCCCC,-0.0310122648618042,bone_marrow
CCN(CC)CCCN(C(=O)CCCCCCCC(=O)OCC(CCCC)CCCCCC)C(CCCCCCCCC(=O)OCC(CCCC)CCCCCC)C(=O)NCCCCCCCC(=O)OCC(CCCC)CCCCCC,1.96435208413178,bone_marrow
CCN(CC)CCCN(C(=O)CCCCCCCC(=O)OCC(CCCC)CCCCCC)C(CCCCCCCCC(=O)OCC(CCCC)CCCCCC)C(=O)NCCCCCCCCC,5.57385263332937,bone_marrow
CCN(C)CCCCN(C(=O)CCCCOC(=O)C(CCCC)CCCCCC)CC(COC(=O)CCCCOC(=O)C(CCCC)CCCCCC)COC(=O)CCCCOC(=O)C(CCCC)CCCCCC,-0.499436212643834,bone_marrow
CCN(CC)CCCCN(C(=O)CCCCCC(=O)OC)CC(COC(=O)CCCCOC(=O)C(CCCC)CCCCCC)COC(=O)CCCCOC(=O)C(CCCC)CCCCCC,-0.5298533521102,bone_marrow
CCN(CC)CCCCN(C(=O)CCCCCC(=O)OC)CC(COC(=O)CCCCOC(=O)C(CCCC)CCCCCC)COC(=O)CCCCOC(=O)C(CCCC)CCCCCC,-0.75291237494466,bone_marrow
CCN(CC)CCCN(C(=O)CCCCOC(=O)C(CCCC)CCCCCC)CC(COC(=O)CCCCOC(=O)C(CCCC)CCCCCC)COC(=O)CCCCOC(=O)C(CCCC)CCCCCC,-0.0127619811819848,bone_marrow
CNCCCN(C(=O)CCCCOC(=O)C(CCCC)CCCCCC)CC(COC(=O)CCCCOC(=O)C(CCCC)CCCCCC)COC(=O)CCCCOC(=O)C(CCCC)CCCCCC,0.0419888698574732,bone_marrow
CCN(CC)CCN(C(=O)CCCCOC(=O)C(CCCC)CCCCCC)CC(COC(=O)CCCCOC(=O)C(CCCC)CCCCCC)COC(=O)CCCCOC(=O)C(CCCC)CCCCCC,-0.712356188908394,bone_marrow
CCN(CC)CCCN(CCCCCCCCCOC(=O)C(CCCC)CCCCCC)CC(COC(=O)CCCCOC(=O)C(CCCC)CCCCCC)COC(=O)CCCCOC(=O)C(CCCC)CCCCCC,-0.0127619811819848,bone_marrow
CCN(CC)CCCN(C(=O)SCCCCCOC(=O)C(CCCC)CCCCCC)CC(COC(=O)CCCCOC(=O)C(CCCC)CCCCCC)COC(=O)CCCCOC(=O)C(CCCC)CCCCCC,-0.164847678513813,bone_marrow
CCN(CC)CCCN(C(=O)CCCCC(=O)OC/C=C\CCCCCC)CC(COC(=O)CCCCOC(=O)C(CCCC)CCCCCC)COC(=O)CCCCOC(=O)C(CCCC)CCCCCC,-0.243063179894466,bone_marrow
CCN(CC)CCCN(CCCCCC(=O)OC/C=C\CCCCCC)CC(COC(=O)CCCCOC(=O)C(CCCC)CCCCCC)COC(=O)CCCCOC(=O)C(CCCC)CCCCCC,-0.104013399581082,bone_marrow
CCN(CC)CCCN(C(=O)OCCCCCOC(=O)C(CCCC)CCCCCC)CC(COC(=O)CCCCOC(=O)C(CCCC)CCCCCC)COC(=O)CCCCOC(=O)C(CCCC)CCCCCC,-0.590687631042931,bone_marrow
CCN(CC)CCCN(C(=O)NCCCCCOC(=O)C(CCCC)CCCCCC)CC(COC(=O)CCCCOC(=O)C(CCCC)CCCCCC)COC(=O)CCCCOC(=O)C(CCCC)CCCCCC,-0.773190467841125,bone_marrow
CCN(CC)CCCN(CCCCCOC(=O)C(CCCC)CCCCCC)CC(COC(=O)CCCCOC(=O)C(CCCC)CCCCCC)COC(=O)CCCCOC(=O)C(CCCC)CCCCCC,-0.25609909691291,bone_marrow
CCN(CC)CCCN(CCCCCOC(=O)C(CCCCC)CCCCCCC)CC(COC(=O)CCCCOC(=O)C(CCCC)CCCCCC)COC(=O)CCCCOC(=O)C(CCCC)CCCCCC,-0.651521909975662,bone_marrow
CCN(CC)CCCN(CCCCCOC(=O)C(CCC)CCCCC)CC(COC(=O)CCCCOC(=O)C(CCCC)CCCCCC)COC(=O)CCCCOC(=O)C(CCCC)CCCCCC,-0.5298533521102,bone_marrow
CCN(CC)CCCN(C(=O)CCCCCCOC(=O)C(CCCC)CCCCCC)CC(COC(=O)CCCCOC(=O)C(CCCC)CCCCCC)COC(=O)CCCCOC(=O)C(CCCC)CCCCCC,-0.725874917668261,bone_marrow
CCN(CC)CCCN(CCCCCCCOC(=O)C(CCCC)CCCCCC)CC(COC(=O)CCCCOC(=O)C(CCCC)CCCCCC)COC(=O)CCCCOC(=O)C(CCCC)CCCCCC,-0.799262301634676,bone_marrow
CCN(CC)CCCN(CCCCCOC(=O)C(CCCC)CCCCCC)CC(COC(=O)CCCCOC(=O)C(CCCC)CCCCCC)COC(=O)CCCCOC(=O)C(CCCC)CCCCCC,-0.773190467841125,bone_marrow
CCN(CC)CCCN(CCCOC(=O)C(CCCCCC)CCCCCCCC)CC(COC(=O)CCCCOC(=O)C(CCCC)CCCCCC)COC(=O)CCCCOC(=O)C(CCCC)CCCCCC,-0.864441886240222,bone_marrow
CCN(CC)CCCN(CCCCCOC(=O)C(CCCC)CCCCCC)CC(COC(=O)OCCCOC(=O)C(CCCC)CCCCCC)COC(=O)OCCCOC(=O)C(CCCC)CCCCCC,-0.438601933711103,bone_marrow
CCN(CC)CCCN(CCCCCOC(=O)C(CCCC)CCCCCC)CC(COC(=O)CCCCCOC(=O)C(CCC)CCCCC)COC(=O)CCCCCOC(=O)C(CCC)CCCCC,-0.925276165172953,bone_marrow
CCN(CC)CCCN(CCCCCOC(=O)C(CCCC)CCCCCC)CC(COC(=O)CCCOC(=O)C(CCCCC)CCCCCCC)COC(=O)CCCOC(=O)C(CCCCC)CCCCCCC,-0.736689900481486,bone_marrow
CCN(CC)CCCN(CCCCCOC(=O)C(CCC)CCCCC)CC(COC(=O)CCCCOC(=O)C(CCC)CCCCC)COC(=O)CCCCOC(=O)C(CCC)CCCCC,-0.834024746773856,bone_marrow
CCN(CC)CCCN(CCCCCOC(=O)C(CCCCCC)CCCCCCCC)CC(COC(=O)CCCCOC(=O)C(CCCC)CCCCCC)COC(=O)CCCCOC(=O)C(CCCC)CCCCCC,-0.560270491576566,bone_marrow
CCN(CC)CCCN(CCCCCOC(=O)C(CCCC)CCCCCC)CC(COC(=O)NCCCOC(=O)C(CCCC)CCCCCC)COC(=O)NCCCOC(=O)C(CCCC)CCCCCC,-0.663688765762209,bone_marrow
CN(CC)CCCN(CCCOC(=O)CCCCOC(=O)C(CCCC)CCCCCC)CC(COC(=O)CCCCOC(=O)C(CCCC)CCCCCC)COC(=O)CCCCCCC,-0.347350515312006,bone_marrow
CCN(CC)CCCN(CCCOC(=O)CCCCOC(=O)C(CCCC)CCCCCC)CC(COC(=O)CCCCOC(=O)C(CCCC)CCCCCC)COC(=O)CCCCCCC/C=C\C/C=C\CCCCC,-0.542020207896746,bone_marrow
CCN(CC)CCN(CCCOC(=O)CCCCOC(=O)C(CCCC)CCCCCC)CC(COC(=O)CCCCOC(=O)C(CCCC)CCCCCC)COC(=O)CCCCCCC,-0.712356188908394,bone_marrow
CCN(CC)CCN(CCCOC(=O)CCCCCCCC)CC(COC(=O)CCCCOC(=O)CCCCCC)COC(=O)CCCCOC(=O)CCCCCC,-0.451637850729547,bone_marrow
CCN(CC)CCCN(CCCCCOC(=O)C(CCCC)CCCCCC)CC(COC(=O)C(CCCC)CCCCCC)COC(=O)OCCCOC(=O)C(CCCC)CCCCCC,-0.590687631042931,bone_marrow
CCN(CC)CCCN(CCCCCOC(=O)C(CCCC)CCCCCC)CC(COC(=O)C(CCCC)CCCCCC)COC(=O)C(CCCC)CCCCCC,-0.347350515312006,bone_marrow
CCN(CC)CCCN(CCCCCCCCCOC(=O)C(CCCC)CCCCCC)CC(COC(=O)CCCCOC(=O)C(CCCC)CCCCCC)COC(=O)CCCCOC(=O)C(CCCC)CCCCCC,-0.195264817980178,bone_marrow
C1CN(CCO)CCC1CSC(=O)N(CC(CC)CCCCC)CC(COC(=O)CCCCCCOC(=O)C(CCCC)CCCCCC)COC(=O)CCC(OCCCCCCCC)OCCCCCCCC,-0.5298533521102,bone_marrow
CCN(CC)CCCSC(=O)N(CCCO)CC(COC(=O)CCCCOC(=O)C(CCCC)CCCCCC)COC(=O)CCCCOC(=O)C(CCCC)CCCCCC,-0.773190467841125,bone_marrow
C1COCCN1CCCSC(=O)N(CCCO)CC(COC(=O)CCCCCCOC(=O)C(CCCC)CCCCCC)COC(=O)CCCCCCOC(=O)C(CCCC)CCCCCC,-1.04694472303842,bone_marrow
CCN(CC)CCCSC(=O)N(CCCCCC)CC(COC(=O)CCCCOC(=O)C(CCCC)CCCCCC)COC(=O)CCCCOC(=O)C(CCCC)CCCCCC,-0.560270491576566,bone_marrow
CN(C)CCCSC(=O)N(CCCC(=O)OC/C=C\CCCCCC)CC(COC(=O)CCCCCCOC(=O)C(CCCC)CCCCCC)COC(=O)CCCCCCOC(=O)C(CCCC)CCCCCC,-0.0127619811819848,bone_marrow
C1CC(CO)CCN1CCCSC(=O)N(CCCOC(=O)CCC(OCCCC/C=C\CC)OCCCC/C=C\CC)CC(COC(=O)CCC(OCCCCCCCC)OCCCCCCCC)COC(=O)CCC(OCCCCCCCC)OCCCCCCCC,-0.925276165172953,bone_marrow
CN(C)CCCSC(=O)N(CCCOC(=O)CCC(OCCCC/C=C\CC)OCCCC/C=C\CC)CC(COC(=O)CCCCCCOC(=O)C(CCCC)CCCCCC)COC(=O)CCCCCCOC(=O)C(CCCC)CCCCCC,-0.834024746773856,bone_marrow
CCN(CC)CCCSC(=O)N(CCCOC(=O)CCC(OCCCC/C=C\CC)OCCCC/C=C\CC)CC(COC(=O)CCCCOC(=O)C(CCCC)CCCCCC)COC(=O)CCCCOC(=O)C(CCCC)CCCCCC,-1.07736186250478,bone_marrow
CCN(CC)CCCSC(=O)N(CCCCCCOC(=O)C(CCCC)CCCCCC)CC(COC(=O)CCCCOC(=O)C(CCCC)CCCCCC)COC(=O)CCCCOC(=O)C(CCCC)CCCCCC,-0.712356188908394,bone_marrow
C1CC(CO)CCN1CCCSC(=O)N(CCCCCCOC(=O)C(CCCC)CCCCCC)CC(COC(=O)CCC(OCCCCCCCC)OCCCCCCCC)COC(=O)CCC(OCCCCCCCC)OCCCCCCCC,-1.07736186250478,bone_marrow
CCN(CC)CCCSC(=O)N([H])CC(COC(=O)CCCCOC(=O)C(CCCC)CCCCCC)COC(=O)CCCCOC(=O)C(CCCC)CCCCCC,-0.621104770509297,bone_marrow
CCN(CC)CCCSC(=O)N(CCCC(=O)OC/C=C\C/C=C\CCC)CC(COC(=O)CCCC(=O)OCC(CCCC)CCCCCC)COC(=O)CCCC(=O)OCC(CCCC)CCCCCC,-1.15847423433398,bone_marrow
CCN(CC)CCCSC(=O)N(CCCC(=O)OC/C=C\C/C=C\CCC)CC(COC(=O)CCCCCCCC(=O)OCC(CCCCCC)CCCCCCCC)COC(=O)CCCCOC(=O)CCCCCCCC(=O)OCC(CCCCCC)CCCCCCCC,-0.25609909691291,bone_marrow
CCN(CC)CCCSC(=O)N(CCCC(=O)OC/C=C\C/C=C\CCC)CC(COC(=O)CCCCCCCC(=O)OCCCCCCCCCC)COC(=O)CCC(OCCCCCCCC)OCCCCCCCC,-0.894859025706587,bone_marrow
CCN(CC)CCCSC(=O)N(CCCOC(=O)CCCCOC(=O)C(CCCC)CCCCCC)CC(COC(=O)CCCCOC(=O)C(CCCC)CCCCCC)COC(=O)CCCCOC(=O)C(CCCC)CCCCCC,-0.408184794244738,bone_marrow
CCN(CC)CCCSC(=O)N(CCCC(=O)OCCCC/C=C\CC)CC(COC(=O)CCCCOC(=O)C(CCCC)CCCCCC)COC(=O)CCCCOC(=O)C(CCCC)CCCCCC,-0.408184794244738,bone_marrow
CCN(CC)CCCSC(=O)N(CCCC(=O)OCC#CCCCCCC)CC(COC(=O)CCCCOC(=O)C(CCCC)CCCCCC)COC(=O)CCCCOC(=O)C(CCCC)CCCCCC,-0.773190467841125,bone_marrow
CN(CC)CCCSC(=O)N(CCCC(=O)OC/C=C\CCCCCC)CC(COC(=O)CCCCCCC/C=C\C/C=C\CCCCC)COC(=O)CCC(OCCCCCCCC)OCCCCCCCC,-0.834024746773856,bone_marrow
CCN(CC)CCCSC(=O)N(CCCC(=O)OC/C=C\CCCCCC)CC(COC(=O)CCCCCCC/C=C\C/C=C\CCCCC)COC(=O)CCC(OCCCCCCCC)OCCCCCCCC,-0.681939049442028,bone_marrow
CN(CC)CCCSC(=O)N(CCCC(=O)OC/C=C\CCCCCC)CC(COC(=O)CCCCOC(=O)C(CCCC)CCCCCC)COC(=O)CCCCOC(=O)C(CCCC)CCCCCC,-0.566353919469839,bone_marrow
CCN(CC)CCCSC(=O)N(CCCC(=O)OC/C=C\C/C=C\CCC)CC(COC(=O)CCCCCCCC(=O)OCC(CCCCCCCC)CCCCCC)COC(=O)CCC(OCCCCCCCC)OCCCCCCCC,-0.858358458346948,bone_marrow
CCN(CC)CCCSC(=O)N(CCCC(=O)OC/C=C\C/C=C\CCC)CC(COC(=O)CCCCCCC/C=C\C/C=C\CCCCC)COC(=O)CCC(OCCCCCCCC)OCCCCCCCC,-0.712356188908394,bone_marrow
CCN(CC)CCCSC(=O)N(CCCC(=O)OCCCCCCCCC)CC(COC(=O)CCCCOC(=O)C(CCCC)CCCCCC)COC(=O)CCCCOC(=O)C(CCCC)CCCCCC,-0.621104770509297,bone_marrow
CCN(CC)CCCSC(=O)N(CCCOC(=O)CCCCCCC/C=C\C/C=C\CCCCC)CC(COC(=O)CCCCOC(=O)C(CCCC)CCCCCC)COC(=O)CCCCOC(=O)C(CCCC)CCCCCC,-0.377767654778372,bone_marrow
CCN(CC)CCCSC(=O)N(CCCOC(=O)CCC(OCCCC/C=C\CC)OCCCC/C=C\CC)CC(COC(=O)CCCCOC(=O)C(CCCC)CCCCCC)COC(=O)CCCCOC(=O)C(CCCC)CCCCCC,-0.0769759423046831,bone_marrow
CCCCCCCCC(CCCCCCCC)OC(CCCCCCCN(CCCCCC(OCCCCCCCCCCC)=O)CCO)=O,1.0,ear
CCCCCCCCC(CCCCCCCC)OC(CCCCCCCN(CCCCCC(OCCCCCCCCCCC)=O)CCO)=O,1.011428571,ear
CC([C@@H](OC(CCCC(OCC(CCCCCCCC)CCCCCC)=O)=O)C(NCCC(OCCN(C)C)=O)=O)(C)COC(CCCC(OCC(CCCCCCCC)CCCCCC)=O)=O,1.366261893,ear
CC([C@H](C(NCCC(OCC(COC(C(CCCCCC)CCCCCCCC)=O)OC(C(CCCCCC)CCCCCCCC)=O)=O)=O)O)(C)COC(CCN(C)C)=O,0.29592292,ear
CC([C@H](C(NCCC(OCC(COC(C(CCCCCC)CCCCCCCC)=O)OC(C(CCCCCC)CCCCCCCC)=O)=O)=O)O)(C)COC(CCN1CCCC1)=O,0.217938669,ear
CC([C@H](C(NCCC(OCC(COC(C(CCCCCC)CCCCCCCC)=O)OC(C(CCCCCC)CCCCCCCC)=O)=O)=O)O)(C)COC(CCN1CCCCC1)=O,0.282417066,ear
CC([C@H](C(NCCC(OCC(COC(C(CCCCCC)CCCCCCCC)=O)OC(C(CCCCCC)CCCCCCCC)=O)=O)=O)O)(C)COC(CCN1CCN(C)CC1)=O,0.008151748,ear
CC([C@H](C(NCCC(OCC(COC(C(CCCCCC)CCCCCCCC)=O)OC(C(CCCCCC)CCCCCCCC)=O)=O)=O)O)(C)COC(CCN1CCOCC1)=O,0.338008128,ear
O=C(OCC(C)(C)C(C(NCCC(OCCCCCCCCCCC)=O)=O)OC(CCCCOC(C(CCCCCCCC)CCCCCC)=O)=O)CCN(C)C,0.0969648,ear
CC(C(C(NCCC(OCC(CCCCCCCC)CCCCCC)=O)=O)OC(CCCC(OCC(CCCCCCCC)CCCCCC)=O)=O)(C)COC(CCN(C)C)=O,0.567607655,ear
O=C(OCC(C)(C)C(C(NCCC(OCCCCCCCCCCC)=O)=O)OC(CCCC(OCC(CCCCCCCC)CCCCCC)=O)=O)CCN1CCOCC1,0.004787343,ear
CC(C(C(NCCC(OCC(CCCCCCCC)CCCCCC)=O)=O)OC(CCCC(OCC(CCCCCCCC)CCCCCC)=O)=O)(C)COC(CCN1CCOCC1)=O,0.036550219,ear
CC(C(C(NCCC(NCCN(C)C)=O)=O)OC(CCCC(OCC(CCCCCCCC)CCCCCC)=O)=O)(C)COC(CC(OCC(CCCCCCCC)CCCCCC)=O)=O,0.004186815,ear
CC(C(C(NCCC(NCCN1CCOCC1)=O)=O)OC(CCCC(OCC(CCCCCCCC)CCCCCC)=O)=O)(C)COC(CC(OCC(CCCCCCCC)CCCCCC)=O)=O,0.203914286,ear
CC(C(C(NCCC(OCCN(C)C)=O)=O)OC(CCCC(OCC(CCCCCCCC)CCCCCC)=O)=O)(C)COC(CC(OCC(CCCCCCCC)CCCCCC)=O)=O,0.269996503,ear
CC(C(C(NCCC(OCCN1CCOCC1)=O)=O)OC(CCCC(OCC(CCCCCCCC)CCCCCC)=O)=O)(C)COC(CC(OCC(CCCCCCCC)CCCCCC)=O)=O,0.461731402,ear
CC(C(C(NCCC(NCCN(C)C)=O)=O)OC(CCCC(OCC(CCCCCCCC)CCCCCC)=O)=O)(C)COC(CCCC(OCC(CCCCCCCC)CCCCCC)=O)=O,0.007723661,ear
CC(C(C(NCCC(NCCN1CCOCC1)=O)=O)OC(CCCC(OCC(CCCCCCCC)CCCCCC)=O)=O)(C)COC(CCCC(OCC(CCCCCCCC)CCCCCC)=O)=O,0.059777877,ear
CC(C(C(NCCC(OCCN(C)C)=O)=O)OC(CCCC(OCC(CCCCCCCC)CCCCCC)=O)=O)(C)COC(CCCC(OCC(CCCCCCCC)CCCCCC)=O)=O,0.150011456,ear
CC(C(C(NCCC(OCCN1CCOCC1)=O)=O)OC(CCCC(OCC(CCCCCCCC)CCCCCC)=O)=O)(C)COC(CCCC(OCC(CCCCCCCC)CCCCCC)=O)=O,1.480820481,ear
CC([C@H](C(NCCC(OCC(COC(C(CCCCCC)CCCCCCCC)=O)OC(C(CCCCCC)CCCCCCCC)=O)=O)=O)O)(C)COC(CCN(C)C)=O,0.256128884,ear
CC([C@H](C(NCCC(OCC(COC(C(CCCCCC)CCCCCCCC)=O)OC(C(CCCCCC)CCCCCCCC)=O)=O)=O)O)(C)COC(CCN1CCCC1)=O,0.387328614,ear
CC([C@H](C(NCCC(OCC(COC(C(CCCCCC)CCCCCCCC)=O)OC(C(CCCCCC)CCCCCCCC)=O)=O)=O)O)(C)COC(CCN1CCCCC1)=O,0.450396132,ear
CC([C@H](C(NCCC(OCC(COC(C(CCCCCC)CCCCCCCC)=O)OC(C(CCCCCC)CCCCCCCC)=O)=O)=O)O)(C)COC(CCN1CCN(C)CC1)=O,0.187152556,ear
CC([C@H](C(NCCC(OCC(COC(C(CCCCCC)CCCCCCCC)=O)OC(C(CCCCCC)CCCCCCCC)=O)=O)=O)O)(C)COC(CCN1CCOCC1)=O,1.542320354,ear
O=C(OCC(C)(C)C(C(NCCC(OCCCCCCCCCCC)=O)=O)OC(CCCCOC(C(CCCCCCCC)CCCCCC)=O)=O)CCN(C)C,0.306293487,ear
CC(C(C(NCCC(OCC(CCCCCCCC)CCCCCC)=O)=O)OC(CCCC(OCC(CCCCCCCC)CCCCCC)=O)=O)(C)COC(CCN(C)C)=O,0.247205373,ear
O=C(OCC(C)(C)C(C(NCCC(OCCCCCCCCCCC)=O)=O)OC(CCCC(OCC(CCCCCCCC)CCCCCC)=O)=O)CCN1CCOCC1,0.004938078,ear
CC(C(C(NCCC(OCC(CCCCCCCC)CCCCCC)=O)=O)OC(CCCC(OCC(CCCCCCCC)CCCCCC)=O)=O)(C)COC(CCN1CCOCC1)=O,0.167026421,ear
CC(C(C(NCCC(NCCN(C)C)=O)=O)OC(CCCC(OCC(CCCCCCCC)CCCCCC)=O)=O)(C)COC(CC(OCC(CCCCCCCC)CCCCCC)=O)=O,0.155703209,ear
CC(C(C(NCCC(NCCN1CCOCC1)=O)=O)OC(CCCC(OCC(CCCCCCCC)CCCCCC)=O)=O)(C)COC(CC(OCC(CCCCCCCC)CCCCCC)=O)=O,0.918880461,ear
CC(C(C(NCCC(OCCN(C)C)=O)=O)OC(CCCC(OCC(CCCCCCCC)CCCCCC)=O)=O)(C)COC(CC(OCC(CCCCCCCC)CCCCCC)=O)=O,1.088909523,ear
CC(C(C(NCCC(OCCN1CCOCC1)=O)=O)OC(CCCC(OCC(CCCCCCCC)CCCCCC)=O)=O)(C)COC(CC(OCC(CCCCCCCC)CCCCCC)=O)=O,0.774174877,ear
CC(C(C(NCCC(NCCN(C)C)=O)=O)OC(CCCC(OCC(CCCCCCCC)CCCCCC)=O)=O)(C)COC(CCCC(OCC(CCCCCCCC)CCCCCC)=O)=O,0.048669312,ear
CC(C(C(NCCC(NCCN1CCOCC1)=O)=O)OC(CCCC(OCC(CCCCCCCC)CCCCCC)=O)=O)(C)COC(CCCC(OCC(CCCCCCCC)CCCCCC)=O)=O,0.194146659,ear
CC(C(C(NCCC(OCCN1CCOCC1)=O)=O)OC(CCCC(OCC(CCCCCCCC)CCCCCC)=O)=O)(C)COC(CCCC(OCC(CCCCCCCC)CCCCCC)=O)=O,1.181762273,ear
